mp_a,party_a,mp_b,party_b,joint_questions
Shri Dhairyasheel Sambhajirao Mane,SS,Shri Sudheer Gupta,BJP,207
Prof. Varsha Eknath Gaikwad,INC,Smt. Supriya Sule,NCP(SP),206
Prof. Varsha Eknath Gaikwad,INC,Shri Sanjay Dina Patil,SS,205
Shri Shrirang Appa Chandu Barne,SS,Smt. Bharti Pardhi,BJP,204
Prof. Varsha Eknath Gaikwad,INC,Shri Mohite Patil Dhairyasheel Rajsinh,NCP(SP),200
Dr. Amol Ramsing Kolhe,NCP(SP),Prof. Varsha Eknath Gaikwad,INC,199
Prof. Varsha Eknath Gaikwad,INC,Shri Bhaskar Murlidhar Bhagare,NCP(SP),193
Shri Sanjay Dina Patil,SS,Smt. Supriya Sule,NCP(SP),181
Shri Mohite Patil Dhairyasheel Rajsinh,NCP(SP),Shri Sanjay Dina Patil,SS,179
Dr. Amol Ramsing Kolhe,NCP(SP),Shri Sanjay Dina Patil,SS,178
Shri Bhaskar Murlidhar Bhagare,NCP(SP),Shri Sanjay Dina Patil,SS,178
Shri Bhumare Sandipanrao Asaram,SS,Shri Gyaneshwar Patil,BJP,164
Shri C N Annadurai,DMK,Shri Navaskani K,IUML,151
Shri Chavan Ravindra Vasantrao,INC,Shri Sudheer Gupta,BJP,148
Dr. Shivaji Bandappa Kalge,INC,Shri Bhumare Sandipanrao Asaram,SS,142
Shri Chavan Ravindra Vasantrao,INC,Shri Dhairyasheel Sambhajirao Mane,SS,141
Shri Navaskani K,IUML,Shri Selvam G,DMK,139
Shri Bhumare Sandipanrao Asaram,SS,Smt. Delkar Kalaben Mohanbhai,BJP,127
Dr. Shivaji Bandappa Kalge,INC,Shri Gyaneshwar Patil,BJP,123
Dr. Shivaji Bandappa Kalge,INC,Shri Nilesh Dnyandev Lanke,NCP(SP),118
Prof. Varsha Eknath Gaikwad,INC,Shri Nilesh Dnyandev Lanke,NCP(SP),116
Shri Nilesh Dnyandev Lanke,NCP(SP),Shri Sanjay Dina Patil,SS,114
Shri Bhumare Sandipanrao Asaram,SS,Shri Nilesh Dnyandev Lanke,NCP(SP),105
Shri Naresh Ganpat Mhaske,SS,Smt. Shambhavi,LJSP(RV),104
Shri Ravindra Dattaram Waikar,SS,Smt. Bharti Pardhi,BJP,97
Dr. Shrikant Eknath Shinde,SS,Smt. Shambhavi,LJSP(RV),97
Shri Naresh Ganpat Mhaske,SS,Smt. Bharti Pardhi,BJP,94
Prof. Varsha Eknath Gaikwad,INC,Shri Bajrang Manohar Sonwane,NCP(SP),94
Shri Bajrang Manohar Sonwane,NCP(SP),Shri Sanjay Dina Patil,SS,93
Dr. Shrikant Eknath Shinde,SS,Smt. Bharti Pardhi,BJP,92
Dr. Shivaji Bandappa Kalge,INC,Smt. Delkar Kalaben Mohanbhai,BJP,90
Shri Gyaneshwar Patil,BJP,Shri Nilesh Dnyandev Lanke,NCP(SP),88
Dr. Shrikant Eknath Shinde,SS,Shri Rajesh Verma,LJSP(RV),84
Shri Naresh Ganpat Mhaske,SS,Shri Rajesh Verma,LJSP(RV),84
Shri Ravindra Dattaram Waikar,SS,Smt. Shambhavi,LJSP(RV),79
Dr. Lata Wankhede,BJP,Smt. Shambhavi,LJSP(RV),77
Shri Chamala Kiran Kumar Reddy,INC,Shri Eatala Rajender,BJP,75
Shri Arvind Ganpat Sawant,SHS(UBT),Shri Shrirang Appa Chandu Barne,SS,70
Shri Nilesh Dnyandev Lanke,NCP(SP),Smt. Delkar Kalaben Mohanbhai,BJP,67
Dr. Lata Wankhede,BJP,Shri Rajesh Verma,LJSP(RV),65
Shri Rajesh Verma,LJSP(RV),Shri Ravindra Dattaram Waikar,SS,65
Prof. Varsha Eknath Gaikwad,INC,Shri Amar Sharadrao Kale,NCP(SP),63
Shri Amar Sharadrao Kale,NCP(SP),Shri Sanjay Dina Patil,SS,62
Shri Arvind Ganpat Sawant,SHS(UBT),Shri Sanjay Haribhau Jadhav,SS,52
Shri Atul Garg,BJP,Smt. Shambhavi,LJSP(RV),49
Shri Atul Garg,BJP,Shri Rajesh Verma,LJSP(RV),46
Dr. D. Purandeswari,BJP,Smt. Shambhavi,LJSP(RV),45
Ms. Praniti Sushilkumar Shinde,INC,Shri Vishaldada Prakashbapu Patil,IND.,44
Shri Jugal Kishore,BJP,Shri Nalin Soren,JMM,44
Shri Chamala Kiran Kumar Reddy,INC,Smt. D K Aruna,BJP,43
Dr. D. Purandeswari,BJP,Shri Rajesh Verma,LJSP(RV),41
Shri Arvind Ganpat Sawant,SHS(UBT),Shri Omprakash Bhupalsinh Alias Pavan Rajenimbalkar,SS,41
Shri Ravindra Dattaram Waikar,SS,Shri Vishaldada Prakashbapu Patil,IND.,40
Shri Naresh Ganpat Mhaske,SS,Shri Vishaldada Prakashbapu Patil,IND.,39
Shri Chavan Ravindra Vasantrao,INC,Shri Manish Jaiswal,BJP,39
Shri Naresh Ganpat Mhaske,SS,Shri Praveen Patel,BJP,39
Dr. Shrikant Eknath Shinde,SS,Shri Vishaldada Prakashbapu Patil,IND.,38
Adv Gowaal Kagada Padavi,INC,Shri Vishaldada Prakashbapu Patil,IND.,37
Dr. Shrikant Eknath Shinde,SS,Shri Praveen Patel,BJP,36
Shri Vishaldada Prakashbapu Patil,IND.,Smt. Bharti Pardhi,BJP,35
Shri Shrirang Appa Chandu Barne,SS,Shri Vishaldada Prakashbapu Patil,IND.,34
Shri Arvind Ganpat Sawant,SHS(UBT),Shri Sanjay Uttamrao Deshmukh,SS,33
Dr. Amol Ramsing Kolhe,NCP(SP),Shri Aashtikar Patil Nagesh Bapurao,SS,33
Prof. Varsha Eknath Gaikwad,INC,Shri Aashtikar Patil Nagesh Bapurao,SS,33
Shri Aashtikar Patil Nagesh Bapurao,SS,Shri Bajrang Manohar Sonwane,NCP(SP),33
Shri Aashtikar Patil Nagesh Bapurao,SS,Shri Bhaskar Murlidhar Bhagare,NCP(SP),33
Shri Aashtikar Patil Nagesh Bapurao,SS,Shri Mohite Patil Dhairyasheel Rajsinh,NCP(SP),33
Shri Aashtikar Patil Nagesh Bapurao,SS,Shri Nilesh Dnyandev Lanke,NCP(SP),33
Shri Aashtikar Patil Nagesh Bapurao,SS,Smt. Supriya Sule,NCP(SP),33
Dr. Bachhav Shobha Dinesh,INC,Shri Vishaldada Prakashbapu Patil,IND.,31
Shri Dhairyasheel Sambhajirao Mane,SS,Shri Manish Jaiswal,BJP,31
Shri Suresh Kumar Shetkar,INC,Smt. D K Aruna,BJP,31
Shri Eatala Rajender,BJP,Shri Suresh Kumar Shetkar,INC,30
Dr. Lata Wankhede,BJP,Shri Arun Bharti,LJSP(RV),28
Dr. D. Purandeswari,BJP,Shri Naresh Ganpat Mhaske,SS,28
Shri Arvind Ganpat Sawant,SHS(UBT),Smt. Bharti Pardhi,BJP,28
Dr. D. Purandeswari,BJP,Dr. Shrikant Eknath Shinde,SS,27
Shri Krishna Prasad Tenneti,TDP,Shri P P Chaudhary,BJP,26
Shri Bibhu Prasad Tarai,BJP,Shri Krishna Prasad Tenneti,TDP,24
Dr. D. Purandeswari,BJP,Shri Arun Bharti,LJSP(RV),23
Shri Bhojraj Nag,BJP,Shri Nalin Soren,JMM,23
Shri Naba Charan Majhi,BJP,Shri Nalin Soren,JMM,23
Smt. Kamlesh Jangde,BJP,Smt. Vijaylakshmi Devi,JD(U),23
Shri Krishna Prasad Tenneti,TDP,Shri Praveen Patel,BJP,22
Shri Krishna Prasad Tenneti,TDP,Shri Vishweshwar Hegde Kageri,BJP,22
Shri Bhartruhari Mahtab,BJP,Shri Krishna Prasad Tenneti,TDP,22
Shri Dilip Saikia,BJP,Shri Krishna Prasad Tenneti,TDP,22
Shri Krishna Prasad Tenneti,TDP,Shri Lumbaram Choudhary,BJP,22
Shri Nalin Soren,JMM,Shri P P Chaudhary,BJP,22
Prof. Sougata Ray,AITC,Shri Kishori Lal,INC,21
Shri Nalin Soren,JMM,Shri Vijay Kumar Dubey,BJP,21
Shri Nalin Soren,JMM,Shri Vishweshwar Hegde Kageri,BJP,21
Shri Krishna Prasad Tenneti,TDP,Shri Naba Charan Majhi,BJP,21
Shri Lavu Sri Krishna Devarayalu,TDP,Shri P P Chaudhary,BJP,21
Shri Dharmendra Yadav,SP,Shri Shrirang Appa Chandu Barne,SS,21
Shri Ravindra Dattaram Waikar,SS,Smt. Delkar Kalaben Mohanbhai,BJP,21
Shri Arvind Ganpat Sawant,SHS(UBT),Shri Shyamkumar Daulat Barve,INC,21
Shri Bidyut Baran Mahato,BJP,Shri Krishna Prasad Tenneti,TDP,20
Shri Dineshbhai Makwana,BJP,Shri Krishna Prasad Tenneti,TDP,20
Shri Nalin Soren,JMM,Shri Pradeep Kumar Singh,BJP,20
Shri B K Parthasarathi,TDP,Shri Mohibbullah,SP,20
Shri Arun Bharti,LJSP(RV),Shri Atul Garg,BJP,19
Shri Bhartruhari Mahtab,BJP,Smt. Sanjna Jatav,INC,19
Shri Krishna Prasad Tenneti,TDP,Smt. Kamlesh Jangde,BJP,19
Shri Krishna Prasad Tenneti,TDP,Smt. Kamaljeet Sehrawat,BJP,19
Dr. Hemant Vishnu Savara,BJP,Shri Nalin Soren,JMM,19
Dr. Hemant Vishnu Savara,BJP,Shri Lavu Sri Krishna Devarayalu,TDP,19
Shri Krishna Prasad Tenneti,TDP,Smt. Mahima Kumari Mewar,BJP,19
Shri Khagen Murmu,BJP,Shri Nalin Soren,JMM,19
Shri Balabhadra Majhi,BJP,Shri Nalin Soren,JMM,19
Shri Dharmendra Yadav,SP,Smt. Bharti Pardhi,BJP,19
Shri Kanwar Singh Tanwar,BJP,Shri Shrirang Appa Chandu Barne,SS,19
Shri Gyaneshwar Patil,BJP,Shri Ravindra Dattaram Waikar,SS,19
Shri Shrirang Appa Chandu Barne,SS,Shri Shyamkumar Daulat Barve,INC,19
Shri Benny Behanan,INC,Shri K Radhakrishnan,CPI(M),18
Shri Balabhadra Majhi,BJP,Shri Krishna Prasad Tenneti,TDP,18
Adv. Chandra Shekhar,ASP (KR),Shri Hanuman Beniwal,RLP,18
Shri Krishna Prasad Tenneti,TDP,Shri Pradeep Kumar Singh,BJP,18
Shri Bhartruhari Mahtab,BJP,Shri Nalin Soren,JMM,18
Shri Dulu Mahato,BJP,Shri Krishna Prasad Tenneti,TDP,18
Shri Bajrang Manohar Sonwane,NCP(SP),Smt. Bharti Pardhi,BJP,18
Dr. Nishikant Dubey,BJP,Smt. Sanjna Jatav,INC,17
Shri Bhojraj Nag,BJP,Smt. Sanjna Jatav,INC,17
Dr. Nishikant Dubey,BJP,Shri Dhairyasheel Sambhajirao Mane,SS,17
Dr. Nishikant Dubey,BJP,Shri Krishna Prasad Tenneti,TDP,17
Shri Krishna Prasad Tenneti,TDP,Shri Yogender Chandolia,BJP,17
Shri Lavu Sri Krishna Devarayalu,TDP,Shri Naba Charan Majhi,BJP,17
Shri Nalin Soren,JMM,Smt. Mala Rajya Laxmi Shah,BJP,17
Shri Lavu Sri Krishna Devarayalu,TDP,Smt. Smita Uday Wagh,BJP,17
Shri Alok Sharma,BJP,Shri Nalin Soren,JMM,17
Shri Nalin Soren,JMM,Shri Vijay Baghel,BJP,17
Shri Mukeshkumar Chandrakaant Dalal,BJP,Smt. Shambhavi,LJSP(RV),17
Shri Krishna Prasad Tenneti,TDP,Shri Vijay Kumar Dubey,BJP,16
Shri Krishna Prasad Tenneti,TDP,Smt. Shobhanaben Mahendrasinh Baraiya,BJP,16
Shri Nalin Soren,JMM,Smt. Mahima Kumari Mewar,BJP,16
Shri Bhartruhari Mahtab,BJP,Shri Dileshwar Kamait,JD(U),16
Shri Amar Sharadrao Kale,NCP(SP),Shri Mukeshkumar Chandrakaant Dalal,BJP,16
Dr. Hemant Vishnu Savara,BJP,Shri Krishna Prasad Tenneti,TDP,16
Dr. Nishikant Dubey,BJP,Shri Nalin Soren,JMM,16
Shri Shankar Lalwani,BJP,Shri Sukhjinder Singh Randhawa,INC,16
Shri Vishaldada Prakashbapu Patil,IND.,Smt. Shambhavi,LJSP(RV),16
Shri Bajrang Manohar Sonwane,NCP(SP),Shri Shrirang Appa Chandu Barne,SS,16
Shri Chavan Vasantrao Balwantrao,Unknown,Shri Dhairyasheel Sambhajirao Mane,SS,16
Shri Dhairyasheel Sambhajirao Mane,SS,Shri Ravindra Shukla Alias Ravi Kishan,BJP,15
Shri Krishna Prasad Tenneti,TDP,Shri Ramesh Awasthi,BJP,15
Dr. Hemang Joshi,BJP,Shri Nalin Soren,JMM,15
Shri Godam Nagesh,BJP,Shri Nalin Soren,JMM,15
Dr. Sanjay Jaiswal,BJP,Shri Nalin Soren,JMM,15
Shri Damodar Agrawal,BJP,Shri Dhairyasheel Sambhajirao Mane,SS,15
Shri Dhairyasheel Sambhajirao Mane,SS,Shri Yogender Chandolia,BJP,15
Shri Chandra Prakash Choudhary,AJSU,Shri Manish Jaiswal,BJP,15
Shri Lavu Sri Krishna Devarayalu,TDP,Shri Vishweshwar Hegde Kageri,BJP,15
Dr. Sanjay Jaiswal,BJP,Shri Krishna Prasad Tenneti,TDP,15
Shri Lavu Sri Krishna Devarayalu,TDP,Shri Lumbaram Choudhary,BJP,15
Dr. Rajesh Mishra,BJP,Shri Nalin Soren,JMM,15
Shri Bibhu Prasad Tarai,BJP,Shri Nalin Soren,JMM,15
Shri Krishna Prasad Tenneti,TDP,Shri Shankar Lalwani,BJP,15
Shri Lumbaram Choudhary,BJP,Shri Nalin Soren,JMM,15
Shri Manoj Tiwari,BJP,Shri Nalin Soren,JMM,15
Dr. Hemant Vishnu Savara,BJP,Smt. Sanjna Jatav,INC,15
Shri Dineshbhai Makwana,BJP,Shri Nalin Soren,JMM,15
Shri Nalin Soren,JMM,Smt. Smita Uday Wagh,BJP,15
Shri Appalanaidu Kalisetti,TDP,Shri Tangella Uday Srinivas,JSP,15
Shri Atul Garg,BJP,Shri Naresh Ganpat Mhaske,SS,15
Shri Atul Garg,BJP,Shri Ravindra Dattaram Waikar,SS,15
Shri Atul Garg,BJP,Shri Shrirang Appa Chandu Barne,SS,15
Shri P P Chaudhary,BJP,Smt. Sanjna Jatav,INC,15
Shri Dileshwar Kamait,JD(U),Shri Yogender Chandolia,BJP,15
Shri Mukeshkumar Chandrakaant Dalal,BJP,Shri Rajesh Verma,LJSP(RV),15
Shri Bhausaheb Rajaram Wakchaure,SS,Smt. Bharti Pardhi,BJP,15
Shri Arvind Ganpat Sawant,SHS(UBT),Shri Dharmendra Yadav,SP,15
Dr. Shrikant Eknath Shinde,SS,Shri Haribhai Patel,BJP,15
Smt. Kamlesh Jangde,BJP,Smt. Sanjna Jatav,INC,14
Shri Kota Srinivasa Poojary,BJP,Shri Krishna Prasad Tenneti,TDP,14
Smt. Sanjna Jatav,INC,Smt. Smita Uday Wagh,BJP,14
Shri Jugal Kishore,BJP,Shri Lavu Sri Krishna Devarayalu,TDP,14
Shri Krishna Prasad Tenneti,TDP,Shri Manoj Tiwari,BJP,14
Shri Dineshbhai Makwana,BJP,Shri Lavu Sri Krishna Devarayalu,TDP,14
Shri Krishna Prasad Tenneti,TDP,Smt. Mala Rajya Laxmi Shah,BJP,14
Shri Nalin Soren,JMM,Shri Yogender Chandolia,BJP,14
Shri Damodar Agrawal,BJP,Shri Nalin Soren,JMM,14
Shri Nalin Soren,JMM,Smt. Kamlesh Jangde,BJP,14
Shri Bidyut Baran Mahato,BJP,Shri Nalin Soren,JMM,14
Shri Dhairyasheel Sambhajirao Mane,SS,Shri Praveen Patel,BJP,14
Shri Captain Brijesh Chowta,BJP,Shri Lavu Sri Krishna Devarayalu,TDP,14
Dr. Shrikant Eknath Shinde,SS,Shri Atul Garg,BJP,14
Shri Dineshbhai Makwana,BJP,Smt. Vijaylakshmi Devi,JD(U),14
Shri Haribhai Patel,BJP,Shri Naresh Ganpat Mhaske,SS,14
Dr. Manna Lal Rawat,BJP,Smt. Sanjna Jatav,INC,13
Shri Manoj Tiwari,BJP,Smt. Sanjna Jatav,INC,13
Smt. Mala Rajya Laxmi Shah,BJP,Smt. Sanjna Jatav,INC,13
Shri Chavan Ravindra Vasantrao,INC,Shri P P Chaudhary,BJP,13
Shri Dhairyasheel Sambhajirao Mane,SS,Shri Satish Kumar Gautam,BJP,13
Shri Chandra Prakash Choudhary,AJSU,Shri Dilip Saikia,BJP,13
Shri Nalin Soren,JMM,Smt. Himadri Singh,BJP,13
Smt. Mahima Kumari Mewar,BJP,Smt. Sanjna Jatav,INC,13
Dr. K Sudhakar,BJP,Shri Lavu Sri Krishna Devarayalu,TDP,13
Dr. Manna Lal Rawat,BJP,Shri Krishna Prasad Tenneti,TDP,13
Shri Amar Sharadrao Kale,NCP(SP),Shri Pradeep Kumar Singh,BJP,13
Shri Dilip Saikia,BJP,Shri Lavu Sri Krishna Devarayalu,TDP,13
Shri Lavu Sri Krishna Devarayalu,TDP,Smt. Kamlesh Jangde,BJP,13
Shri Dhairyasheel Sambhajirao Mane,SS,Shri Vishweshwar Hegde Kageri,BJP,13
Shri Nalin Soren,JMM,Smt. Shobhanaben Mahendrasinh Baraiya,BJP,13
Shri Yogender Chandolia,BJP,Smt. Sanjna Jatav,INC,13
Shri Lavu Sri Krishna Devarayalu,TDP,Smt. Mala Rajya Laxmi Shah,BJP,13
Shri Lavu Sri Krishna Devarayalu,TDP,Smt. Kamaljeet Sehrawat,BJP,13
Shri Lavu Sri Krishna Devarayalu,TDP,Smt. Shobhanaben Mahendrasinh Baraiya,BJP,13
Shri Dileshwar Kamait,JD(U),Shri Praveen Patel,BJP,13
Shri Dileshwar Kamait,JD(U),Shri Vishweshwar Hegde Kageri,BJP,13
Shri Bhojraj Nag,BJP,Shri Lavu Sri Krishna Devarayalu,TDP,13
Shri Nalin Soren,JMM,Smt. Aparajita Sarangi,BJP,13
Shri Damodar Agrawal,BJP,Shri Lavu Sri Krishna Devarayalu,TDP,13
Shri Rajesh Verma,LJSP(RV),Shri Vishaldada Prakashbapu Patil,IND.,13
Shri Chandan Chauhan,RLD,Shri Khagen Murmu,BJP,13
Smt. Smita Uday Wagh,BJP,Smt. Vijaylakshmi Devi,JD(U),13
Shri Aashtikar Patil Nagesh Bapurao,SS,Shri Amar Sharadrao Kale,NCP(SP),13
Shri Chavan Vasantrao Balwantrao,Unknown,Shri Sudheer Gupta,BJP,13
Shri Alok Sharma,BJP,Shri Chavan Ravindra Vasantrao,INC,12
Shri Alok Sharma,BJP,Shri Dhairyasheel Sambhajirao Mane,SS,12
Shri Bidyut Baran Mahato,BJP,Smt. Sanjna Jatav,INC,12
Shri Dineshbhai Makwana,BJP,Smt. Sanjna Jatav,INC,12
Shri Vishweshwar Hegde Kageri,BJP,Smt. Sanjna Jatav,INC,12
Shri Lavu Sri Krishna Devarayalu,TDP,Shri Ravindra Shukla Alias Ravi Kishan,BJP,12
Shri Bhojraj Nag,BJP,Shri Krishna Prasad Tenneti,TDP,12
Shri Krishna Prasad Tenneti,TDP,Shri Pratap Chandra Sarangi,BJP,12
Dr. Nishikant Dubey,BJP,Shri Chavan Ravindra Vasantrao,INC,12
Shri Dhairyasheel Sambhajirao Mane,SS,Shri Dineshbhai Makwana,BJP,12
Shri Dhairyasheel Sambhajirao Mane,SS,Shri P P Chaudhary,BJP,12
Shri Krishna Prasad Tenneti,TDP,Shri Mukeshkumar Chandrakaant Dalal,BJP,12
Shri Krishna Prasad Tenneti,TDP,Shri P C Mohan,BJP,12
Shri Krishna Prasad Tenneti,TDP,Shri Vijay Baghel,BJP,12
Shri Manish Jaiswal,BJP,Shri Nalin Soren,JMM,12
Shri Nalin Soren,JMM,Shri Praveen Patel,BJP,12
Dr. Manna Lal Rawat,BJP,Shri Chandra Prakash Choudhary,AJSU,12
Shri Dilip Saikia,BJP,Shri Nalin Soren,JMM,12
Shri Dhairyasheel Sambhajirao Mane,SS,Shri Ramesh Awasthi,BJP,12
Shri Avimanyu Sethi,BJP,Smt. Sanjna Jatav,INC,12
Shri Balabhadra Majhi,BJP,Shri Lavu Sri Krishna Devarayalu,TDP,12
Shri Lavu Sri Krishna Devarayalu,TDP,Smt. Mahima Kumari Mewar,BJP,12
Shri Amar Sharadrao Kale,NCP(SP),Shri Yogender Chandolia,BJP,12
Dr. Manna Lal Rawat,BJP,Shri Lavu Sri Krishna Devarayalu,TDP,12
Shri Bidyut Baran Mahato,BJP,Shri Lavu Sri Krishna Devarayalu,TDP,12
Dr. Hemang Joshi,BJP,Shri Krishna Prasad Tenneti,TDP,12
Dr. Hemant Vishnu Savara,BJP,Shri Amar Sharadrao Kale,NCP(SP),12
Shri Amar Sharadrao Kale,NCP(SP),Shri Khagen Murmu,BJP,12
Shri Captain Brijesh Chowta,BJP,Shri Nalin Soren,JMM,12
Shri Nalin Soren,JMM,Shri Ravindra Shukla Alias Ravi Kishan,BJP,12
Shri Nalin Soren,JMM,Shri Shankar Lalwani,BJP,12
Shri Chandra Prakash Choudhary,AJSU,Shri Dineshbhai Makwana,BJP,12
Shri Dilip Saikia,BJP,Smt. Sanjna Jatav,INC,12
Shri Chavan Ravindra Vasantrao,INC,Shri Praveen Patel,BJP,12
Shri Dileshwar Kamait,JD(U),Shri Khagen Murmu,BJP,12
Shri Dileshwar Kamait,JD(U),Smt. Aparajita Sarangi,BJP,12
Shri Alok Sharma,BJP,Shri Lavu Sri Krishna Devarayalu,TDP,12
Shri Chavan Ravindra Vasantrao,INC,Shri Damodar Agrawal,BJP,12
Shri Bhojraj Nag,BJP,Smt. Vijaylakshmi Devi,JD(U),12
Shri Manoj Tiwari,BJP,Smt. Vijaylakshmi Devi,JD(U),12
Shri Naba Charan Majhi,BJP,Smt. Vijaylakshmi Devi,JD(U),12
Shri Yogender Chandolia,BJP,Smt. Vijaylakshmi Devi,JD(U),12
Shri Omprakash Bhupalsinh Alias Pavan Rajenimbalkar,SS,Smt. Bharti Pardhi,BJP,12
Shri Bastipati Nagaraju,TDP,Shri Mohibbullah,SP,12
Shri G Lakshminarayana,TDP,Shri Tangella Uday Srinivas,JSP,11
Shri Amar Sharadrao Kale,NCP(SP),Shri Vishweshwar Hegde Kageri,BJP,11
Shri Bhartruhari Mahtab,BJP,Shri Dhairyasheel Sambhajirao Mane,SS,11
Shri Chavan Ravindra Vasantrao,INC,Shri Ravindra Shukla Alias Ravi Kishan,BJP,11
Shri Lumbaram Choudhary,BJP,Smt. Sanjna Jatav,INC,11
Shri P C Mohan,BJP,Smt. Sanjna Jatav,INC,11
Shri Bibhu Prasad Tarai,BJP,Smt. Sanjna Jatav,INC,11
Shri Krishna Prasad Tenneti,TDP,Shri Ravindra Shukla Alias Ravi Kishan,BJP,11
Shri Anup Sanjay Dhotre,BJP,Shri Krishna Prasad Tenneti,TDP,11
Shri Damodar Agrawal,BJP,Shri Krishna Prasad Tenneti,TDP,11
Shri Bidyut Baran Mahato,BJP,Shri Dhairyasheel Sambhajirao Mane,SS,11
Shri Chavan Ravindra Vasantrao,INC,Shri Satish Kumar Gautam,BJP,11
Shri Bhartruhari Mahtab,BJP,Shri Lavu Sri Krishna Devarayalu,TDP,11
Shri Nalin Soren,JMM,Shri P C Mohan,BJP,11
Dr. Manna Lal Rawat,BJP,Shri Nalin Soren,JMM,11
Shri Mahendra Singh Solanky,BJP,Smt. Sanjna Jatav,INC,11
Shri Chandra Prakash Choudhary,AJSU,Shri Naba Charan Majhi,BJP,11
Shri Amar Sharadrao Kale,NCP(SP),Shri Rahul Singh Lodhi,BJP,11
Shri Amar Sharadrao Kale,NCP(SP),Shri Manoj Tiwari,BJP,11
Shri Dulu Mahato,BJP,Shri Nalin Soren,JMM,11
Shri Khagen Murmu,BJP,Shri Krishna Prasad Tenneti,TDP,11
Shri Alok Sharma,BJP,Smt. Sanjna Jatav,INC,11
Shri Manish Jaiswal,BJP,Smt. Sanjna Jatav,INC,11
Shri Vijay Baghel,BJP,Smt. Sanjna Jatav,INC,11
Dr. Hemant Vishnu Savara,BJP,Shri Chavan Ravindra Vasantrao,INC,11
Dr. Hemant Vishnu Savara,BJP,Shri Dhairyasheel Sambhajirao Mane,SS,11
Shri Chavan Ravindra Vasantrao,INC,Shri Yogender Chandolia,BJP,11
Shri Sudheer Gupta,BJP,Smt. Sanjna Jatav,INC,11
Shri Dhairyasheel Sambhajirao Mane,SS,Shri Khagen Murmu,BJP,11
Shri Bhojraj Nag,BJP,Shri Dhairyasheel Sambhajirao Mane,SS,11
Shri Dileshwar Kamait,JD(U),Shri Shankar Lalwani,BJP,11
Shri Dileshwar Kamait,JD(U),Smt. Kamlesh Jangde,BJP,11
Dr. K Sudhakar,BJP,Smt. Sanjna Jatav,INC,11
Shri Bajrang Manohar Sonwane,NCP(SP),Shri Sanjay Uttamrao Deshmukh,SS,11
Shri Chandan Chauhan,RLD,Shri Pradeep Kumar Singh,BJP,11
Shri Alok Sharma,BJP,Smt. Vijaylakshmi Devi,JD(U),11
Shri Khagen Murmu,BJP,Smt. Vijaylakshmi Devi,JD(U),11
Shri Chandan Chauhan,RLD,Shri Jugal Kishore,BJP,11
Shri Chandan Chauhan,RLD,Shri Ravindra Shukla Alias Ravi Kishan,BJP,11
Shri Bidyut Baran Mahato,BJP,Smt. Vijaylakshmi Devi,JD(U),11
Shri Balya Mama Suresh Gopinath Mhatre,NCP(SP),Shri Vijay Kumar Dubey,BJP,11
Shri Amar Sharadrao Kale,NCP(SP),Smt. Kamaljeet Sehrawat,BJP,10
Shri Dhairyasheel Sambhajirao Mane,SS,Smt. Kamaljeet Sehrawat,BJP,10
Shri Ramesh Awasthi,BJP,Smt. Sanjna Jatav,INC,10
Shri Amar Sharadrao Kale,NCP(SP),Shri Bibhu Prasad Tarai,BJP,10
Shri Chavan Ravindra Vasantrao,INC,Shri Dineshbhai Makwana,BJP,10
Shri Dhairyasheel Sambhajirao Mane,SS,Shri Mukeshkumar Chandrakaant Dalal,BJP,10
Dr. K Sudhakar,BJP,Shri Krishna Prasad Tenneti,TDP,10
Shri Alok Sharma,BJP,Shri Krishna Prasad Tenneti,TDP,10
Shri Kota Srinivasa Poojary,BJP,Shri Nalin Soren,JMM,10
Shri Nalin Soren,JMM,Shri Rahul Singh Lodhi,BJP,10
Shri Nalin Soren,JMM,Shri Satish Kumar Gautam,BJP,10
Dr. Sanjay Jaiswal,BJP,Shri Dhairyasheel Sambhajirao Mane,SS,10
Shri Anup Sanjay Dhotre,BJP,Smt. Sanjna Jatav,INC,10
Shri Balabhadra Majhi,BJP,Smt. Sanjna Jatav,INC,10
Shri Damodar Agrawal,BJP,Smt. Sanjna Jatav,INC,10
Shri Khagen Murmu,BJP,Smt. Sanjna Jatav,INC,10
Shri Chandra Prakash Choudhary,AJSU,Smt. Mahima Kumari Mewar,BJP,10
Shri Lavu Sri Krishna Devarayalu,TDP,Shri Manish Jaiswal,BJP,10
Shri Lavu Sri Krishna Devarayalu,TDP,Shri Manoj Tiwari,BJP,10
Shri Bhartruhari Mahtab,BJP,Shri Chandra Prakash Choudhary,AJSU,10
Shri Amar Sharadrao Kale,NCP(SP),Shri Ramesh Awasthi,BJP,10
Shri Krishna Prasad Tenneti,TDP,Shri Vishnu Dayal Ram,BJP,10
Shri Amar Sharadrao Kale,NCP(SP),Shri P P Chaudhary,BJP,10
Shri Anup Sanjay Dhotre,BJP,Shri Lavu Sri Krishna Devarayalu,TDP,10
Dr. Bhola Singh,BJP,Shri Krishna Prasad Tenneti,TDP,10
Dr. Nishikant Dubey,BJP,Shri Amar Sharadrao Kale,NCP(SP),10
Dr. Sanjay Jaiswal,BJP,Shri Amar Sharadrao Kale,NCP(SP),10
Shri Amar Sharadrao Kale,NCP(SP),Shri Lumbaram Choudhary,BJP,10
Shri Amar Sharadrao Kale,NCP(SP),Shri Shivmangal Singh Tomar,BJP,10
Shri Avimanyu Sethi,BJP,Shri Krishna Prasad Tenneti,TDP,10
Shri Mukeshkumar Chandrakaant Dalal,BJP,Shri Nalin Soren,JMM,10
Shri Nalin Soren,JMM,Shri Sudheer Gupta,BJP,10
Shri Bibhu Prasad Tarai,BJP,Shri Dileshwar Kamait,JD(U),10
Shri Dileshwar Kamait,JD(U),Shri Naba Charan Majhi,BJP,10
Shri Jagdambika Pal,BJP,Shri Krishna Prasad Tenneti,TDP,10
Shri Anoop Pradhan Valmiki,BJP,Shri Nalin Soren,JMM,10
Shri Bidyut Baran Mahato,BJP,Shri Chandra Prakash Choudhary,AJSU,10
Shri Chandra Prakash Choudhary,AJSU,Smt. Kamlesh Jangde,BJP,10
Shri Amar Sharadrao Kale,NCP(SP),Shri Bidyut Baran Mahato,BJP,10
Shri Amar Sharadrao Kale,NCP(SP),Smt. Kamlesh Jangde,BJP,10
Shri Krishna Prasad Tenneti,TDP,Smt. Sanjna Jatav,INC,10
Shri Naba Charan Majhi,BJP,Smt. Sanjna Jatav,INC,10
Shri Pratap Chandra Sarangi,BJP,Smt. Sanjna Jatav,INC,10
Dr. Rajesh Mishra,BJP,Smt. Sanjna Jatav,INC,10
Shri Ananta Nayak,BJP,Shri Nalin Soren,JMM,10
Shri Dhairyasheel Sambhajirao Mane,SS,Smt. Sanjna Jatav,INC,10
Shri Chavda Vinod Lakhamshi,BJP,Shri Nalin Soren,JMM,10
Shri Chavan Ravindra Vasantrao,INC,Shri Khagen Murmu,BJP,10
Shri Chavan Ravindra Vasantrao,INC,Shri Ramesh Awasthi,BJP,10
Shri Shankar Lalwani,BJP,Smt. Sanjna Jatav,INC,10
Shri Lavu Sri Krishna Devarayalu,TDP,Shri Shankar Lalwani,BJP,10
Shri Bhojraj Nag,BJP,Shri Chavan Ravindra Vasantrao,INC,10
Shri Dhairyasheel Sambhajirao Mane,SS,Shri Tejasvi Surya,BJP,10
Shri Dileshwar Kamait,JD(U),Shri P P Chaudhary,BJP,10
Shri Janardan Mishra,BJP,Shri Nalin Soren,JMM,10
Shri Anoop Pradhan Valmiki,BJP,Shri Dhairyasheel Sambhajirao Mane,SS,10
Shri Lavu Sri Krishna Devarayalu,TDP,Shri Pradeep Kumar Singh,BJP,10
Shri Dileshwar Kamait,JD(U),Shri Pradeep Kumar Singh,BJP,10
Shri Ravindra Shukla Alias Ravi Kishan,BJP,Smt. Sanjna Jatav,INC,10
Shri Gopal Jee Thakur,BJP,Shri Nalin Soren,JMM,10
Dr. D. Purandeswari,BJP,Shri Ravindra Dattaram Waikar,SS,10
Shri Pradeep Kumar Singh,BJP,Smt. Vijaylakshmi Devi,JD(U),10
Shri Chandan Chauhan,RLD,Shri Narayan Tatu Rane,BJP,10
Shri Dilip Saikia,BJP,Smt. Vijaylakshmi Devi,JD(U),10
Shri Sanjay Haribhau Jadhav,SS,Smt. Bharti Pardhi,BJP,10
Dr. Alok Kumar Suman,JD(U),Shri Shankar Lalwani,BJP,10
Dr. D Ravi Kumar,VCK,Shri C N Annadurai,DMK,10
Dr. D Ravi Kumar,VCK,Shri Selvam G,DMK,10
Dr. Thirumaavalavan Tholkappiyan,VCK,Shri C N Annadurai,DMK,10
Dr. Thirumaavalavan Tholkappiyan,VCK,Shri Selvam G,DMK,10
Shri Dhairyasheel Sambhajirao Mane,SS,Smt. Himadri Singh,BJP,9
Shri Amar Sharadrao Kale,NCP(SP),Shri Kota Srinivasa Poojary,BJP,9
Smt. Sanjna Jatav,INC,Smt. Shobhanaben Mahendrasinh Baraiya,BJP,9
Shri Krishna Prasad Tenneti,TDP,Shri Rajkumar Chahar,BJP,9
Shri Chavan Ravindra Vasantrao,INC,Shri Jaswantsinh Sumanbhai Bhabhor,BJP,9
Shri Dhairyasheel Sambhajirao Mane,SS,Shri Jaswantsinh Sumanbhai Bhabhor,BJP,9
Shri Dhairyasheel Sambhajirao Mane,SS,Smt. Smita Uday Wagh,BJP,9
Shri Bidyut Baran Mahato,BJP,Shri Chavan Ravindra Vasantrao,INC,9
Shri Chavan Ravindra Vasantrao,INC,Shri Lumbaram Choudhary,BJP,9
Shri Dhairyasheel Sambhajirao Mane,SS,Shri Lumbaram Choudhary,BJP,9
Shri Dhairyasheel Sambhajirao Mane,SS,Shri Manoj Tiwari,BJP,9
Dr. Hemang Joshi,BJP,Shri Lavu Sri Krishna Devarayalu,TDP,9
Shri Godam Nagesh,BJP,Shri Lavu Sri Krishna Devarayalu,TDP,9
Shri Anup Sanjay Dhotre,BJP,Shri Dhairyasheel Sambhajirao Mane,SS,9
Shri G M Harish Balayogi,TDP,Smt. Smita Uday Wagh,BJP,9
Shri P P Chaudhary,BJP,Shri Sukhjinder Singh Randhawa,INC,9
Shri Chandra Prakash Choudhary,AJSU,Shri Jugal Kishore,BJP,9
Shri Chandra Prakash Choudhary,AJSU,Shri Manoj Tiwari,BJP,9
Shri Chandra Prakash Choudhary,AJSU,Shri Chavda Vinod Lakhamshi,BJP,9
Shri Balwant Baswant Wankhade,INC,Shri Mohite Patil Dhairyasheel Rajsinh,NCP(SP),9
Shri Krishna Prasad Tenneti,TDP,Smt. Aparajita Sarangi,BJP,9
Shri Amar Sharadrao Kale,NCP(SP),Shri Janardan Mishra,BJP,9
Dr. Bhola Singh,BJP,Shri Lavu Sri Krishna Devarayalu,TDP,9
Shri Lavu Sri Krishna Devarayalu,TDP,Shri Yogender Chandolia,BJP,9
Dr. Bhola Singh,BJP,Shri Nalin Soren,JMM,9
Shri Amar Sharadrao Kale,NCP(SP),Shri Shankar Lalwani,BJP,9
Shri Avimanyu Sethi,BJP,Shri Nalin Soren,JMM,9
Shri Kali Charan Singh,BJP,Shri Nalin Soren,JMM,9
Shri Naba Charan Majhi,BJP,Shri Sunil Kumar,JD(U),9
Shri Nalin Soren,JMM,Shri Ramesh Awasthi,BJP,9
Shri Shankar Lalwani,BJP,Shri Sunil Kumar,JD(U),9
Shri Alok Sharma,BJP,Shri Sukhjinder Singh Randhawa,INC,9
Dr. Vinod Kumar Bind,BJP,Shri Krishna Prasad Tenneti,TDP,9
Shri Ananta Nayak,BJP,Shri Dhairyasheel Sambhajirao Mane,SS,9
Shri Ananta Nayak,BJP,Smt. Sanjna Jatav,INC,9
Shri Chavan Ravindra Vasantrao,INC,Shri Jugal Kishore,BJP,9
Shri Chavan Ravindra Vasantrao,INC,Shri Vishweshwar Hegde Kageri,BJP,9
Shri Dhairyasheel Sambhajirao Mane,SS,Shri Jugal Kishore,BJP,9
Shri Dhairyasheel Sambhajirao Mane,SS,Shri Vishnu Dayal Ram,BJP,9
Shri Dhairyasheel Sambhajirao Mane,SS,Smt. Shobhanaben Mahendrasinh Baraiya,BJP,9
Shri Nalin Soren,JMM,Smt. Kamaljeet Sehrawat,BJP,9
Shri Chavda Vinod Lakhamshi,BJP,Shri Lavu Sri Krishna Devarayalu,TDP,9
Shri Praveen Patel,BJP,Smt. Sanjna Jatav,INC,9
Shri Dhairyasheel Sambhajirao Mane,SS,Shri Shankar Lalwani,BJP,9
Shri Jaswantsinh Sumanbhai Bhabhor,BJP,Shri Lavu Sri Krishna Devarayalu,TDP,9
Shri Lavu Sri Krishna Devarayalu,TDP,Shri Satish Kumar Gautam,BJP,9
Shri Chavan Ravindra Vasantrao,INC,Shri Shankar Lalwani,BJP,9
Shri Dileshwar Kamait,JD(U),Shri Vishnu Dayal Ram,BJP,9
Shri Dileshwar Kamait,JD(U),Smt. Mahima Kumari Mewar,BJP,9
Shri Balwant Baswant Wankhade,INC,Smt. Supriya Sule,NCP(SP),9
Shri Chandan Chauhan,RLD,Shri Vijay Baghel,BJP,9
Dr. Manna Lal Rawat,BJP,Shri Dhairyasheel Sambhajirao Mane,SS,9
Dr. Manna Lal Rawat,BJP,Shri Dileshwar Kamait,JD(U),9
Shri Dileshwar Kamait,JD(U),Shri Dilip Saikia,BJP,9
Shri Bibhu Prasad Tarai,BJP,Shri Lavu Sri Krishna Devarayalu,TDP,9
Shri Dileshwar Kamait,JD(U),Shri Ramesh Awasthi,BJP,9
Shri Dhairyasheel Sambhajirao Mane,SS,Shri Lavu Sri Krishna Devarayalu,TDP,9
Shri Lavu Sri Krishna Devarayalu,TDP,Shri Sudheer Gupta,BJP,9
Dr. K Sudhakar,BJP,Shri Chavan Ravindra Vasantrao,INC,9
Shri Dhairyasheel Sambhajirao Mane,SS,Shri Madhavaneni Raghunandan Rao,BJP,9
Shri Madhavaneni Raghunandan Rao,BJP,Smt. Sanjna Jatav,INC,9
Dr. Sanjay Jaiswal,BJP,Shri Chavan Ravindra Vasantrao,INC,9
Shri Chavan Ravindra Vasantrao,INC,Shri Tejasvi Surya,BJP,9
Shri Lavu Sri Krishna Devarayalu,TDP,Shri Vijay Baghel,BJP,9
Shri Khagen Murmu,BJP,Shri Lavu Sri Krishna Devarayalu,TDP,9
Shri Dileshwar Kamait,JD(U),Shri Jugal Kishore,BJP,9
Shri Dileshwar Kamait,JD(U),Shri P C Mohan,BJP,9
Shri Bajrang Manohar Sonwane,NCP(SP),Shri Sanjay Haribhau Jadhav,SS,9
Shri Chandan Chauhan,RLD,Shri Yogender Chandolia,BJP,9
Shri Bajrang Manohar Sonwane,NCP(SP),Shri Omprakash Bhupalsinh Alias Pavan Rajenimbalkar,SS,9
Shri Balabhadra Majhi,BJP,Smt. Vijaylakshmi Devi,JD(U),9
Shri Chandan Chauhan,RLD,Shri Praveen Patel,BJP,9
Shri Lumbaram Choudhary,BJP,Smt. Vijaylakshmi Devi,JD(U),9
Dr. Rajesh Mishra,BJP,Smt. Vijaylakshmi Devi,JD(U),9
Shri Chandra Prakash Choudhary,AJSU,Shri Satpal Brahamchari,INC,9
Shri Daroga Prasad Saroj,SP,Shri Sanjay Haribhau Jadhav,SS,9
Shri Balya Mama Suresh Gopinath Mhatre,NCP(SP),Shri Vishnu Dayal Ram,BJP,9
Dr. Thirumaavalavan Tholkappiyan,VCK,Shri Navaskani K,IUML,9
Shri Jugal Kishore,BJP,Shri Krishna Prasad Tenneti,TDP,8
Shri Balabhadra Majhi,BJP,Shri Dhairyasheel Sambhajirao Mane,SS,8
Shri Bhartruhari Mahtab,BJP,Shri Chavan Ravindra Vasantrao,INC,8
Shri Chavan Ravindra Vasantrao,INC,Shri Vijay Baghel,BJP,8
Shri Chavan Ravindra Vasantrao,INC,Smt. Himadri Singh,BJP,8
Shri Dhairyasheel Sambhajirao Mane,SS,Shri Vijay Baghel,BJP,8
Shri Chandra Prakash Joshi,BJP,Smt. Sanjna Jatav,INC,8
Shri Pradeep Kumar Singh,BJP,Smt. Sanjna Jatav,INC,8
Shri Kota Srinivasa Poojary,BJP,Shri Lavu Sri Krishna Devarayalu,TDP,8
Dr. Bhola Singh,BJP,Shri Dhairyasheel Sambhajirao Mane,SS,8
Shri Chavan Ravindra Vasantrao,INC,Smt. Smita Uday Wagh,BJP,8
Shri Dhairyasheel Sambhajirao Mane,SS,Shri Naba Charan Majhi,BJP,8
Shri Chavda Vinod Lakhamshi,BJP,Shri Krishna Prasad Tenneti,TDP,8
Shri Krishna Prasad Tenneti,TDP,Shri Satish Kumar Gautam,BJP,8
Shri Krishna Prasad Tenneti,TDP,Shri Shivmangal Singh Tomar,BJP,8
Shri Sanatan Pandey,SP,Shri Satpal Brahamchari,INC,8
Shri Chavan Ravindra Vasantrao,INC,Shri Manoj Tiwari,BJP,8
Shri Chavan Ravindra Vasantrao,INC,Shri Mukeshkumar Chandrakaant Dalal,BJP,8
Shri Nalin Soren,JMM,Shri Radheshyam Rathiya,BJP,8
Shri Chandra Prakash Choudhary,AJSU,Shri Nalin Soren,JMM,8
Shri Chandra Prakash Choudhary,AJSU,Smt. Mala Rajya Laxmi Shah,BJP,8
Dr. K Sudhakar,BJP,Shri Nalin Soren,JMM,8
Shri Dhairyasheel Sambhajirao Mane,SS,Shri Pradeep Kumar Singh,BJP,8
Shri Dhairyasheel Sambhajirao Mane,SS,Smt. Mala Rajya Laxmi Shah,BJP,8
Shri Damodar Agrawal,BJP,Shri G M Harish Balayogi,TDP,8
Shri Praveen Patel,BJP,Shri Sukhjinder Singh Randhawa,INC,8
Shri Avimanyu Sethi,BJP,Shri Lavu Sri Krishna Devarayalu,TDP,8
Shri Balabhadra Majhi,BJP,Shri Chandra Prakash Choudhary,AJSU,8
Dr. Amol Ramsing Kolhe,NCP(SP),Shri Balwant Baswant Wankhade,INC,8
Shri Balwant Baswant Wankhade,INC,Shri Sanjay Dina Patil,SS,8
Shri Amar Sharadrao Kale,NCP(SP),Shri Ashish Dubey,BJP,8
Shri Amar Sharadrao Kale,NCP(SP),Shri Radheshyam Rathiya,BJP,8
Shri Lavu Sri Krishna Devarayalu,TDP,Smt. Himadri Singh,BJP,8
Dr. Hemang Joshi,BJP,Shri Amar Sharadrao Kale,NCP(SP),8
Shri Amar Sharadrao Kale,NCP(SP),Shri Dulu Mahato,BJP,8
Shri Amar Sharadrao Kale,NCP(SP),Shri Naba Charan Majhi,BJP,8
Shri Amar Sharadrao Kale,NCP(SP),Shri Nalin Soren,JMM,8
Shri Bhartruhari Mahtab,BJP,Shri Sunil Kumar,JD(U),8
Shri Captain Brijesh Chowta,BJP,Shri Krishna Prasad Tenneti,TDP,8
Shri Krishna Prasad Tenneti,TDP,Shri Sudheer Gupta,BJP,8
Shri Nalin Soren,JMM,Shri Shivmangal Singh Tomar,BJP,8
Shri Pradeep Kumar Singh,BJP,Shri Sunil Kumar,JD(U),8
Shri Bidyut Baran Mahato,BJP,Shri Dileshwar Kamait,JD(U),8
Shri Alok Sharma,BJP,Shri Chandra Prakash Choudhary,AJSU,8
Shri Balabhadra Majhi,BJP,Shri Sukhjinder Singh Randhawa,INC,8
Shri Chandra Prakash Choudhary,AJSU,Smt. Shobhanaben Mahendrasinh Baraiya,BJP,8
Shri Amar Sharadrao Kale,NCP(SP),Shri Dilip Saikia,BJP,8
Dr. Vinod Kumar Bind,BJP,Smt. Sanjna Jatav,INC,8
Dr. Rajesh Mishra,BJP,Shri Sukhjinder Singh Randhawa,INC,8
Shri Chavan Ravindra Vasantrao,INC,Smt. Shobhanaben Mahendrasinh Baraiya,BJP,8
Shri Nalin Soren,JMM,Shri Rajkumar Chahar,BJP,8
Shri Kaushalendra Kumar,JD(U),Shri Rajesh Ranjan,IND.,8
Shri Dhairyasheel Sambhajirao Mane,SS,Shri Dulu Mahato,BJP,8
Shri Haribhai Patel,BJP,Smt. Sanjna Jatav,INC,8
Shri Jagdambika Pal,BJP,Smt. Sanjna Jatav,INC,8
Shri Amar Sharadrao Kale,NCP(SP),Smt. D K Aruna,BJP,8
Shri Anil Yeshwant Desai,SHS(UBT),Shri Sanjay Haribhau Jadhav,SS,8
Shri Bhartruhari Mahtab,BJP,Shri Sukhjinder Singh Randhawa,INC,8
Shri Bhojraj Nag,BJP,Shri Dileshwar Kamait,JD(U),8
Shri Dileshwar Kamait,JD(U),Shri Kota Srinivasa Poojary,BJP,8
Shri Dileshwar Kamait,JD(U),Smt. Mala Rajya Laxmi Shah,BJP,8
Dr. K Sudhakar,BJP,Shri Dhairyasheel Sambhajirao Mane,SS,8
Shri Balabhadra Majhi,BJP,Shri Dileshwar Kamait,JD(U),8
Dr. Hemant Vishnu Savara,BJP,Shri Dileshwar Kamait,JD(U),8
Shri Dileshwar Kamait,JD(U),Shri Mukeshkumar Chandrakaant Dalal,BJP,8
Shri Nalin Soren,JMM,Shri Sukanta Kumar Panigrahi,BJP,8
Shri Dileshwar Kamait,JD(U),Shri Manoj Tiwari,BJP,8
Dr. Hemang Joshi,BJP,Smt. Sanjna Jatav,INC,8
Smt. Aparajita Sarangi,BJP,Smt. Sanjna Jatav,INC,8
Dr. Sanjay Jaiswal,BJP,Smt. Sanjna Jatav,INC,8
Shri Lavu Sri Krishna Devarayalu,TDP,Shri Tejasvi Surya,BJP,8
Shri Anoop Pradhan Valmiki,BJP,Shri Chavan Ravindra Vasantrao,INC,8
Shri Chavan Ravindra Vasantrao,INC,Shri Lavu Sri Krishna Devarayalu,TDP,8
Ms Kangna Ranaut,BJP,Shri Dhairyasheel Sambhajirao Mane,SS,8
Shri Chandra Prakash Choudhary,AJSU,Shri Satish Kumar Gautam,BJP,8
Shri Lavu Sri Krishna Devarayalu,TDP,Smt. Aparajita Sarangi,BJP,8
Shri Dinesh Chandra Yadav,JD(U),Shri Rajesh Ranjan,IND.,8
Shri Janardan Mishra,BJP,Shri Lavu Sri Krishna Devarayalu,TDP,8
Shri Chandan Chauhan,RLD,Shri Dilip Saikia,BJP,8
Smt. Mahima Kumari Mewar,BJP,Smt. Vijaylakshmi Devi,JD(U),8
Shri Praveen Patel,BJP,Smt. Vijaylakshmi Devi,JD(U),8
Shri Vijay Baghel,BJP,Smt. Vijaylakshmi Devi,JD(U),8
Shri Mukeshkumar Chandrakaant Dalal,BJP,Smt. Vijaylakshmi Devi,JD(U),8
Shri Nalin Soren,JMM,Smt. Vijaylakshmi Devi,JD(U),8
Shri Janardan Mishra,BJP,Smt. Vijaylakshmi Devi,JD(U),8
Shri Vishweshwar Hegde Kageri,BJP,Smt. Vijaylakshmi Devi,JD(U),8
Shri Sanjay Uttamrao Deshmukh,SS,Smt. Bharti Pardhi,BJP,8
Shri Bajrang Manohar Sonwane,NCP(SP),Shri Bhausaheb Rajaram Wakchaure,SS,8
Shri P P Chaudhary,BJP,Shri Shrirang Appa Chandu Barne,SS,8
Shri Chandan Chauhan,RLD,Shri Satpal Brahamchari,INC,8
Dr. Hemant Vishnu Savara,BJP,Shri Balya Mama Suresh Gopinath Mhatre,NCP(SP),8
Dr. D Ravi Kumar,VCK,Shri Navaskani K,IUML,8
Shri Sanjay Haribhau Jadhav,SS,Shri Shyamkumar Daulat Barve,INC,8
Shri Amar Sharadrao Kale,NCP(SP),Shri Praveen Patel,BJP,7
Dr. Rajesh Mishra,BJP,Shri Chavan Ravindra Vasantrao,INC,7
Dr. Rajesh Mishra,BJP,Shri Dhairyasheel Sambhajirao Mane,SS,7
Shri Balabhadra Majhi,BJP,Shri Chavan Ravindra Vasantrao,INC,7
Shri Chavan Ravindra Vasantrao,INC,Smt. Kamaljeet Sehrawat,BJP,7
Shri Chavda Vinod Lakhamshi,BJP,Smt. Sanjna Jatav,INC,7
Shri Trivendra Singh Rawat,BJP,Smt. Sanjna Jatav,INC,7
Shri Amar Sharadrao Kale,NCP(SP),Smt. Shobhanaben Mahendrasinh Baraiya,BJP,7
Dr. Byreddy Shabari,TDP,Shri Tangella Uday Srinivas,JSP,7
Shri Ananta Nayak,BJP,Shri Krishna Prasad Tenneti,TDP,7
Shri Chandra Prakash Joshi,BJP,Shri Chavan Ravindra Vasantrao,INC,7
Shri Anurag Sharma,BJP,Shri Krishna Prasad Tenneti,TDP,7
Shri Janardan Mishra,BJP,Shri Krishna Prasad Tenneti,TDP,7
Shri Krishna Prasad Tenneti,TDP,Shri Manish Jaiswal,BJP,7
Shri Chavan Ravindra Vasantrao,INC,Shri Dilip Saikia,BJP,7
Shri Chavan Ravindra Vasantrao,INC,Smt. Kamlesh Jangde,BJP,7
Shri Dhairyasheel Sambhajirao Mane,SS,Shri Dilip Saikia,BJP,7
Shri Dhairyasheel Sambhajirao Mane,SS,Smt. Kamlesh Jangde,BJP,7
Shri Bibhu Prasad Tarai,BJP,Shri G M Harish Balayogi,TDP,7
Shri G M Harish Balayogi,TDP,Smt. Shobhanaben Mahendrasinh Baraiya,BJP,7
Shri Chandra Prakash Joshi,BJP,Shri Nalin Soren,JMM,7
Shri Anil Firojiya,BJP,Shri Nalin Soren,JMM,7
Shri Chandra Prakash Choudhary,AJSU,Shri Vishweshwar Hegde Kageri,BJP,7
Shri Dhairyasheel Sambhajirao Mane,SS,Shri Mahesh Kashyap,BJP,7
Shri Dhairyasheel Sambhajirao Mane,SS,Shri Radheshyam Rathiya,BJP,7
Shri Sukanta Kumar Panigrahi,BJP,Smt. Sanjna Jatav,INC,7
Shri Tejasvi Surya,BJP,Smt. Sanjna Jatav,INC,7
Smt. Kamaljeet Sehrawat,BJP,Smt. Sanjna Jatav,INC,7
Shri Dulu Mahato,BJP,Shri Sukhjinder Singh Randhawa,INC,7
Shri Ramesh Awasthi,BJP,Shri Sukhjinder Singh Randhawa,INC,7
Shri Sukhjinder Singh Randhawa,INC,Smt. Himadri Singh,BJP,7
Shri Sukhjinder Singh Randhawa,INC,Smt. Kamaljeet Sehrawat,BJP,7
Shri Chandra Prakash Choudhary,AJSU,Shri Ravindra Shukla Alias Ravi Kishan,BJP,7
Shri Chandra Prakash Choudhary,AJSU,Shri P P Chaudhary,BJP,7
Shri Amar Sharadrao Kale,NCP(SP),Shri Bhartruhari Mahtab,BJP,7
Shri Amar Sharadrao Kale,NCP(SP),Shri Damodar Agrawal,BJP,7
Shri Amar Sharadrao Kale,NCP(SP),Shri Anil Firojiya,BJP,7
Shri Anoop Pradhan Valmiki,BJP,Shri Lavu Sri Krishna Devarayalu,TDP,7
Shri Lavu Sri Krishna Devarayalu,TDP,Shri Pratap Chandra Sarangi,BJP,7
Dr. Bhola Singh,BJP,Shri Amar Sharadrao Kale,NCP(SP),7
Dr. Hemant Vishnu Savara,BJP,Shri Sunil Kumar,JD(U),7
Shri Amar Sharadrao Kale,NCP(SP),Shri Sunil Kumar,JD(U),7
Shri Ashish Dubey,BJP,Shri Nalin Soren,JMM,7
Shri Dulu Mahato,BJP,Shri Sunil Kumar,JD(U),7
Shri Krishna Prasad Tenneti,TDP,Smt. Himadri Singh,BJP,7
Shri Mahendra Singh Solanky,BJP,Shri Nalin Soren,JMM,7
Dr. Nishikant Dubey,BJP,Shri Dileshwar Kamait,JD(U),7
Shri Chavda Vinod Lakhamshi,BJP,Shri Dileshwar Kamait,JD(U),7
Shri Dileshwar Kamait,JD(U),Shri Suresh Kumar Kashyap,BJP,7
Shri Amar Sharadrao Kale,NCP(SP),Shri Balabhadra Majhi,BJP,7
Shri Bidyut Baran Mahato,BJP,Shri Sukhjinder Singh Randhawa,INC,7
Shri Chandra Prakash Choudhary,AJSU,Shri Khagen Murmu,BJP,7
Shri Chandra Prakash Choudhary,AJSU,Shri Lumbaram Choudhary,BJP,7
Shri Dineshbhai Makwana,BJP,Shri Sukhjinder Singh Randhawa,INC,7
Shri Khagen Murmu,BJP,Shri Sukhjinder Singh Randhawa,INC,7
Shri Lumbaram Choudhary,BJP,Shri Sukhjinder Singh Randhawa,INC,7
Shri Pradeep Kumar Singh,BJP,Shri Sukhjinder Singh Randhawa,INC,7
Shri Sukhjinder Singh Randhawa,INC,Smt. Kamlesh Jangde,BJP,7
Shri Sukhjinder Singh Randhawa,INC,Smt. Mala Rajya Laxmi Shah,BJP,7
Shri Amar Sharadrao Kale,NCP(SP),Smt. Poonamben Hematbhai Maadam,BJP,7
Shri Amar Sharadrao Kale,NCP(SP),Shri Suresh Kumar Kashyap,BJP,7
Shri G M Harish Balayogi,TDP,Shri Naba Charan Majhi,BJP,7
Shri G M Harish Balayogi,TDP,Shri P P Chaudhary,BJP,7
Shri Janardan Mishra,BJP,Smt. Sanjna Jatav,INC,7
Shri Anup Sanjay Dhotre,BJP,Shri Chavan Ravindra Vasantrao,INC,7
Shri Anup Sanjay Dhotre,BJP,Shri Nalin Soren,JMM,7
Shri Chavan Ravindra Vasantrao,INC,Shri Nalin Soren,JMM,7
Shri Chavan Ravindra Vasantrao,INC,Shri Vishnu Dayal Ram,BJP,7
Shri Dhairyasheel Sambhajirao Mane,SS,Shri Nalin Soren,JMM,7
Shri Jugal Kishore,BJP,Smt. Sanjna Jatav,INC,7
Shri Nalin Soren,JMM,Shri Tapir Gao,BJP,7
Shri Nalin Soren,JMM,Shri Vishnu Dayal Ram,BJP,7
Shri Nalin Soren,JMM,Smt. Sanjna Jatav,INC,7
Shri Damodar Agrawal,BJP,Shri Sukhjinder Singh Randhawa,INC,7
Shri Haribhai Patel,BJP,Shri Nalin Soren,JMM,7
Shri Chandra Prakash Choudhary,AJSU,Shri Shankar Lalwani,BJP,7
Shri Nalin Soren,JMM,Shri Tejasvi Surya,BJP,7
Shri Dhairyasheel Sambhajirao Mane,SS,Smt. Mahima Kumari Mewar,BJP,7
Shri Chavan Ravindra Vasantrao,INC,Shri Dulu Mahato,BJP,7
Shri Dhairyasheel Sambhajirao Mane,SS,Shri Kota Srinivasa Poojary,BJP,7
Dr. Bhola Singh,BJP,Smt. Sanjna Jatav,INC,7
Shri Dileshwar Kamait,JD(U),Shri Rajesh Naranbhai Chudasama,BJP,7
Shri Chavda Vinod Lakhamshi,BJP,Shri Sunil Kumar,JD(U),7
Shri Bhojraj Nag,BJP,Shri Sukhjinder Singh Randhawa,INC,7
Shri Dileshwar Kamait,JD(U),Shri Jashubhai Bhilubhai Rathva,BJP,7
Shri Dileshwar Kamait,JD(U),Shri Rajkumar Chahar,BJP,7
Shri Dileshwar Kamait,JD(U),Shri Vijay Baghel,BJP,7
Shri Krishna Prasad Tenneti,TDP,Shri Madhavaneni Raghunandan Rao,BJP,7
Shri Chandan Chauhan,RLD,Shri Damodar Agrawal,BJP,7
Shri Krishna Prasad Tenneti,TDP,Shri Tejasvi Surya,BJP,7
Dr. Manna Lal Rawat,BJP,Shri Chavan Ravindra Vasantrao,INC,7
Shri Nalin Soren,JMM,Shri Suresh Kumar Kashyap,BJP,7
Dr. Sanjay Jaiswal,BJP,Shri Dileshwar Kamait,JD(U),7
Shri Chavan Ravindra Vasantrao,INC,Shri Madhavaneni Raghunandan Rao,BJP,7
Ms Kangna Ranaut,BJP,Shri Chavan Ravindra Vasantrao,INC,7
Shri Anoop Pradhan Valmiki,BJP,Smt. Sanjna Jatav,INC,7
Shri Satish Kumar Gautam,BJP,Smt. Sanjna Jatav,INC,7
Dr. Nishikant Dubey,BJP,Shri Lavu Sri Krishna Devarayalu,TDP,7
Shri Krishna Prasad Tenneti,TDP,Smt. Smita Uday Wagh,BJP,7
Dr. Lata Wankhede,BJP,Shri Vishaldada Prakashbapu Patil,IND.,7
Dr. D. Purandeswari,BJP,Shri Shrirang Appa Chandu Barne,SS,7
Shri Jagdambika Pal,BJP,Shri Tatkare Sunil Dattatrey,NCP,7
Shri Bharatsinhji Shankarji Dabhi,BJP,Shri Nalin Soren,JMM,7
Shri Jagdambika Pal,BJP,Shri Nalin Soren,JMM,7
Shri Parbhubhai Nagarbhai Vasava,BJP,Shri Sukhjinder Singh Randhawa,INC,7
Shri Nalin Soren,JMM,Shri Pratap Chandra Sarangi,BJP,7
Shri Bhartruhari Mahtab,BJP,Shri Chandan Chauhan,RLD,7
Shri Chandan Chauhan,RLD,Shri Nalin Soren,JMM,7
Shri Anil Firojiya,BJP,Smt. Vijaylakshmi Devi,JD(U),7
Shri P P Chaudhary,BJP,Smt. Vijaylakshmi Devi,JD(U),7
Shri Jugal Kishore,BJP,Smt. Vijaylakshmi Devi,JD(U),7
Shri Anurag Sharma,BJP,Shri Dileshwar Kamait,JD(U),7
Shri Alok Sharma,BJP,Shri Chandan Chauhan,RLD,7
Shri Chandan Chauhan,RLD,Shri Dineshbhai Makwana,BJP,7
Shri Chandan Chauhan,RLD,Shri Manoj Tiwari,BJP,7
Shri Chandan Chauhan,RLD,Shri Mukeshkumar Chandrakaant Dalal,BJP,7
Smt. Kamaljeet Sehrawat,BJP,Smt. Vijaylakshmi Devi,JD(U),7
Shri Chandan Chauhan,RLD,Shri Kripanath Mallah,BJP,7
Shri Nalin Soren,JMM,Shri Satpal Brahamchari,INC,7
Shri Bidyut Baran Mahato,BJP,Shri Chandan Chauhan,RLD,7
Shri Chandan Chauhan,RLD,Shri Lumbaram Choudhary,BJP,7
Ms Kangna Ranaut,BJP,Smt. Vijaylakshmi Devi,JD(U),7
Shri Chandra Prakash Choudhary,AJSU,Shri Sanatan Pandey,SP,7
Shri Bajrang Manohar Sonwane,NCP(SP),Shri Kanwar Singh Tanwar,BJP,7
Shri Damodar Agrawal,BJP,Shri Shrirang Appa Chandu Barne,SS,7
Shri Janardan Mishra,BJP,Shri Shrirang Appa Chandu Barne,SS,7
Shri Balwant Baswant Wankhade,INC,Shri Sanjay Uttamrao Deshmukh,SS,7
Shri Balya Mama Suresh Gopinath Mhatre,NCP(SP),Shri Basavaraj Bommai,BJP,7
Shri Balya Mama Suresh Gopinath Mhatre,NCP(SP),Shri Naba Charan Majhi,BJP,7
Shri Balya Mama Suresh Gopinath Mhatre,NCP(SP),Smt. Smita Uday Wagh,BJP,7
Shri Balya Mama Suresh Gopinath Mhatre,NCP(SP),Shri Bhartruhari Mahtab,BJP,7
Dr. Alok Kumar Suman,JD(U),Dr. Sanjay Jaiswal,BJP,7
Shri Amar Sharadrao Kale,NCP(SP),Shri Krishna Prasad Tenneti,TDP,6
Shri Amar Sharadrao Kale,NCP(SP),Smt. Smita Uday Wagh,BJP,6
Shri Mukeshkumar Chandrakaant Dalal,BJP,Smt. Sanjna Jatav,INC,6
Shri Chandra Prakash Joshi,BJP,Shri Krishna Prasad Tenneti,TDP,6
Shri Lavu Sri Krishna Devarayalu,TDP,Shri Rajkumar Chahar,BJP,6
Shri Jashubhai Bhilubhai Rathva,BJP,Shri Krishna Prasad Tenneti,TDP,6
Shri Kali Charan Singh,BJP,Shri Krishna Prasad Tenneti,TDP,6
Shri Chandra Prakash Joshi,BJP,Shri Dhairyasheel Sambhajirao Mane,SS,6
Dr. Rajesh Mishra,BJP,Shri Krishna Prasad Tenneti,TDP,6
Shri Chavan Ravindra Vasantrao,INC,Shri Haribhai Patel,BJP,6
Shri Dhairyasheel Sambhajirao Mane,SS,Shri Haribhai Patel,BJP,6
Dr. Nishikant Dubey,BJP,Shri G M Harish Balayogi,TDP,6
Shri G M Harish Balayogi,TDP,Shri Vishweshwar Hegde Kageri,BJP,6
Shri Haribhai Patel,BJP,Shri Krishna Prasad Tenneti,TDP,6
Shri Nalin Soren,JMM,Smt. Anita Nagarsingh Chouhan,BJP,6
Shri Ashish Dubey,BJP,Shri Dileshwar Kamait,JD(U),6
Shri Dileshwar Kamait,JD(U),Smt. D K Aruna,BJP,6
Shri Arun Govil,BJP,Shri Sukhjinder Singh Randhawa,INC,6
Shri Sukhjinder Singh Randhawa,INC,Shri Vijay Baghel,BJP,6
Shri Sukhjinder Singh Randhawa,INC,Smt. Shobhanaben Mahendrasinh Baraiya,BJP,6
Dr. Hemant Vishnu Savara,BJP,Shri Chandra Prakash Choudhary,AJSU,6
Dr. K Sudhakar,BJP,Shri Chandra Prakash Choudhary,AJSU,6
Shri Avimanyu Sethi,BJP,Shri Chandra Prakash Choudhary,AJSU,6
Shri Chandra Prakash Choudhary,AJSU,Shri Haribhai Patel,BJP,6
Shri Chandra Prakash Choudhary,AJSU,Shri Lavu Sri Krishna Devarayalu,TDP,6
Dr. Sanjay Jaiswal,BJP,Shri Chandra Prakash Choudhary,AJSU,6
Shri Chandra Prakash Choudhary,AJSU,Shri Janardan Mishra,BJP,6
Shri Chandra Prakash Choudhary,AJSU,Shri Krishna Prasad Tenneti,TDP,6
Shri Krishna Prasad Tenneti,TDP,Shri Mahendra Singh Solanky,BJP,6
Shri Anil Firojiya,BJP,Shri Krishna Prasad Tenneti,TDP,6
Shri Lavu Sri Krishna Devarayalu,TDP,Shri Ramesh Awasthi,BJP,6
Shri Narayan Tatu Rane,BJP,Shri Sanjay Haribhau Jadhav,SS,6
Dr. Rajesh Mishra,BJP,Shri Sunil Kumar,JD(U),6
Shri Amar Sharadrao Kale,NCP(SP),Smt. Mala Rajya Laxmi Shah,BJP,6
Shri Khagen Murmu,BJP,Shri Sunil Kumar,JD(U),6
Shri Krishna Prasad Tenneti,TDP,Shri Nalin Soren,JMM,6
Shri Manoj Tiwari,BJP,Shri Sunil Kumar,JD(U),6
Shri Miteshbhai Rameshbhai Patel,BJP,Shri Nalin Soren,JMM,6
Shri Ramesh Awasthi,BJP,Shri Sunil Kumar,JD(U),6
Shri Sunil Kumar,JD(U),Smt. Mala Rajya Laxmi Shah,BJP,6
Shri Dileshwar Kamait,JD(U),Shri Hasmukhbhai Somabhai Patel,BJP,6
Shri Amar Sharadrao Kale,NCP(SP),Shri Anup Sanjay Dhotre,BJP,6
Shri Balabhadra Majhi,BJP,Shri Sunil Kumar,JD(U),6
Shri Anup Sanjay Dhotre,BJP,Shri Chandra Prakash Choudhary,AJSU,6
Shri Chandra Prakash Choudhary,AJSU,Shri Yogender Chandolia,BJP,6
Shri Chandra Prakash Choudhary,AJSU,Smt. Himadri Singh,BJP,6
Shri Chavda Vinod Lakhamshi,BJP,Shri Sukhjinder Singh Randhawa,INC,6
Shri Amar Sharadrao Kale,NCP(SP),Shri Dineshbhai Makwana,BJP,6
Shri Dilip Saikia,BJP,Shri G M Harish Balayogi,TDP,6
Shri Dineshbhai Makwana,BJP,Shri G M Harish Balayogi,TDP,6
Shri G M Harish Balayogi,TDP,Shri Lumbaram Choudhary,BJP,6
Shri Ananta Nayak,BJP,Shri Chavan Ravindra Vasantrao,INC,6
Shri Chavan Ravindra Vasantrao,INC,Shri Krishna Prasad Tenneti,TDP,6
Shri Chavan Ravindra Vasantrao,INC,Shri Radheshyam Rathiya,BJP,6
Shri Dhairyasheel Sambhajirao Mane,SS,Shri Shivmangal Singh Tomar,BJP,6
Shri Tapir Gao,BJP,Smt. Sanjna Jatav,INC,6
Shri Rajesh Ranjan,IND.,Shri Ramprit Mandal,JD(U),6
Shri Dineshbhai Makwana,BJP,Shri Sunil Kumar,JD(U),6
Shri Bibhu Prasad Tarai,BJP,Shri Dhairyasheel Sambhajirao Mane,SS,6
Shri Chavan Ravindra Vasantrao,INC,Smt. Mahima Kumari Mewar,BJP,6
Shri Rajkumar Chahar,BJP,Smt. Sanjna Jatav,INC,6
Shri Lavu Sri Krishna Devarayalu,TDP,Shri P C Mohan,BJP,6
Shri Manish Jaiswal,BJP,Shri Sunil Kumar,JD(U),6
Shri Lavu Sri Krishna Devarayalu,TDP,Shri Rajiv Pratap Rudy,BJP,6
Shri Chandra Prakash Joshi,BJP,Shri Dileshwar Kamait,JD(U),6
Shri Chavan Ravindra Vasantrao,INC,Smt. Mala Rajya Laxmi Shah,BJP,6
Shri Dileshwar Kamait,JD(U),Shri Shashank Mani,BJP,6
Shri Balwant Baswant Wankhade,INC,Shri Bhaskar Murlidhar Bhagare,NCP(SP),6
Shri Dileshwar Kamait,JD(U),Shri Janardan Mishra,BJP,6
Shri Dileshwar Kamait,JD(U),Shri Manish Jaiswal,BJP,6
Shri Ananta Nayak,BJP,Shri Lavu Sri Krishna Devarayalu,TDP,6
Shri Jaswantsinh Sumanbhai Bhabhor,BJP,Shri Nalin Soren,JMM,6
Shri Madhavaneni Raghunandan Rao,BJP,Shri Nalin Soren,JMM,6
Shri Nalin Soren,JMM,Smt. Roopkumari Choudhary,BJP,6
Smt. Himadri Singh,BJP,Smt. Sanjna Jatav,INC,6
Shri Dulu Mahato,BJP,Smt. Sanjna Jatav,INC,6
Shri Dileshwar Kamait,JD(U),Smt. Kamaljeet Sehrawat,BJP,6
Shri Dhairyasheel Sambhajirao Mane,SS,Smt. Aparajita Sarangi,BJP,6
Shri Anurag Sharma,BJP,Shri Lavu Sri Krishna Devarayalu,TDP,6
Ms Kangna Ranaut,BJP,Smt. Sanjna Jatav,INC,6
Shri Chandra Prakash Choudhary,AJSU,Shri Ramesh Awasthi,BJP,6
Ms Kangna Ranaut,BJP,Shri Lavu Sri Krishna Devarayalu,TDP,6
Ms Kangna Ranaut,BJP,Shri Dileshwar Kamait,JD(U),6
Shri Chavan Ravindra Vasantrao,INC,Shri P C Mohan,BJP,6
Shri Bibhu Prasad Tarai,BJP,Shri Chandra Prakash Choudhary,AJSU,6
Shri Chandra Prakash Choudhary,AJSU,Shri Madhavaneni Raghunandan Rao,BJP,6
Shri Lavu Sri Krishna Devarayalu,TDP,Shri Rajesh Naranbhai Chudasama,BJP,6
Shri Rodmal Nagar,BJP,Smt. Sanjna Jatav,INC,6
Shri Chandra Prakash Choudhary,AJSU,Smt. Smita Uday Wagh,BJP,6
Shri Captain Brijesh Chowta,BJP,Shri Dhairyasheel Sambhajirao Mane,SS,6
Shri Dileshwar Kamait,JD(U),Shri Rahul Singh Lodhi,BJP,6
Shri Nalin Soren,JMM,Shri Parbhubhai Nagarbhai Vasava,BJP,6
Dr. Vinod Kumar Bind,BJP,Shri Nalin Soren,JMM,6
Shri Murasoli S,DMK,Shri Robert Bruce C,INC,6
Dr. Hemant Vishnu Savara,BJP,Shri Chandan Chauhan,RLD,6
Dr. Sanjay Jaiswal,BJP,Shri Chandan Chauhan,RLD,6
Shri Bunty Vivek Sahu,BJP,Shri Chandan Chauhan,RLD,6
Shri Bunty Vivek Sahu,BJP,Shri Nalin Soren,JMM,6
Shri Chandan Chauhan,RLD,Shri Shivmangal Singh Tomar,BJP,6
Shri Chandan Chauhan,RLD,Shri Vishnu Dayal Ram,BJP,6
Shri Chandan Chauhan,RLD,Smt. Aparajita Sarangi,BJP,6
Shri Lavu Sri Krishna Devarayalu,TDP,Shri Praveen Patel,BJP,6
Shri Damodar Agrawal,BJP,Smt. Vijaylakshmi Devi,JD(U),6
Shri P C Mohan,BJP,Smt. Vijaylakshmi Devi,JD(U),6
Dr. Hemant Vishnu Savara,BJP,Smt. Vijaylakshmi Devi,JD(U),6
Shri Godam Nagesh,BJP,Smt. Vijaylakshmi Devi,JD(U),6
Shri Manish Jaiswal,BJP,Smt. Vijaylakshmi Devi,JD(U),6
Shri Chandan Chauhan,RLD,Smt. Poonamben Hematbhai Maadam,BJP,6
Smt. Himadri Singh,BJP,Smt. Vijaylakshmi Devi,JD(U),6
Smt. Shobhanaben Mahendrasinh Baraiya,BJP,Smt. Vijaylakshmi Devi,JD(U),6
Shri Vishnu Dayal Ram,BJP,Smt. Vijaylakshmi Devi,JD(U),6
Shri Captain Brijesh Chowta,BJP,Shri Chandan Chauhan,RLD,6
Shri Chandan Chauhan,RLD,Shri Vijay Kumar Dubey,BJP,6
Shri Chavda Vinod Lakhamshi,BJP,Smt. Vijaylakshmi Devi,JD(U),6
Dr. Shivaji Bandappa Kalge,INC,Shri Balya Mama Suresh Gopinath Mhatre,NCP(SP),6
Shri Balya Mama Suresh Gopinath Mhatre,NCP(SP),Shri Gyaneshwar Patil,BJP,6
Shri Dulu Mahato,BJP,Smt. Vijaylakshmi Devi,JD(U),6
Shri Gaurav Gogoi,INC,Shri Pradyut Bordoloi,Unknown,6
Shri Alok Sharma,BJP,Shri Dileshwar Kamait,JD(U),6
Shri Chandan Chauhan,RLD,Shri Vishweshwar Hegde Kageri,BJP,6
Shri Chandan Chauhan,RLD,Shri Jagdambika Pal,BJP,6
Shri Chandan Chauhan,RLD,Shri Naba Charan Majhi,BJP,6
Dr. Rajesh Mishra,BJP,Shri Shrirang Appa Chandu Barne,SS,6
Shri Bhojraj Nag,BJP,Shri Shrirang Appa Chandu Barne,SS,6
Shri Khagen Murmu,BJP,Shri Shrirang Appa Chandu Barne,SS,6
Shri Shrirang Appa Chandu Barne,SS,Smt. Shobhanaben Mahendrasinh Baraiya,BJP,6
Shri Lumbaram Choudhary,BJP,Shri Shrirang Appa Chandu Barne,SS,6
Shri Gajendra  Singh Patel,BJP,Shri Shrirang Appa Chandu Barne,SS,6
Shri Arun Govil,BJP,Shri Shrirang Appa Chandu Barne,SS,6
Shri Manoj Tiwari,BJP,Shri Shrirang Appa Chandu Barne,SS,6
Shri Jaswantsinh Sumanbhai Bhabhor,BJP,Shri Shrirang Appa Chandu Barne,SS,6
Shri Balwant Baswant Wankhade,INC,Shri Omprakash Bhupalsinh Alias Pavan Rajenimbalkar,SS,6
Shri Balya Mama Suresh Gopinath Mhatre,NCP(SP),Smt. Kamaljeet Sehrawat,BJP,6
Shri Balya Mama Suresh Gopinath Mhatre,NCP(SP),Shri Ganesh Singh,BJP,6
Shri Balya Mama Suresh Gopinath Mhatre,NCP(SP),Shri Khagen Murmu,BJP,6
Shri Balya Mama Suresh Gopinath Mhatre,NCP(SP),Shri P P Chaudhary,BJP,6
Shri Balya Mama Suresh Gopinath Mhatre,NCP(SP),Shri Vijay Baghel,BJP,6
Dr. Alok Kumar Suman,JD(U),Shri Vijay Kumar Dubey,BJP,6
Shri Pradeep Kumar Singh,BJP,Shri Satpal Brahamchari,INC,6
Shri Balya Mama Suresh Gopinath Mhatre,NCP(SP),Shri Rajesh Naranbhai Chudasama,BJP,6
Dr. Alok Kumar Suman,JD(U),Shri Dharambir Singh,BJP,6
Dr. Alok Kumar Suman,JD(U),Shri Vijay Baghel,BJP,6
Shri Godam Nagesh,BJP,Smt. Sanjna Jatav,INC,5
Shri Amar Sharadrao Kale,NCP(SP),Shri Arun Govil,BJP,5
Shri Amar Sharadrao Kale,NCP(SP),Shri Jashubhai Bhilubhai Rathva,BJP,5
Shri Amar Sharadrao Kale,NCP(SP),Shri Trivendra Singh Rawat,BJP,5
Shri Kota Srinivasa Poojary,BJP,Smt. Sanjna Jatav,INC,5
Dr. Bhola Singh,BJP,Shri Chavan Ravindra Vasantrao,INC,5
Shri Chavan Ravindra Vasantrao,INC,Shri Chavda Vinod Lakhamshi,BJP,5
Shri Chavan Ravindra Vasantrao,INC,Shri Naba Charan Majhi,BJP,5
Shri Chavda Vinod Lakhamshi,BJP,Shri Dhairyasheel Sambhajirao Mane,SS,5
Shri Anup Sanjay Dhotre,BJP,Shri G M Harish Balayogi,TDP,5
Shri Bhojraj Nag,BJP,Shri G M Harish Balayogi,TDP,5
Shri G M Harish Balayogi,TDP,Shri Pradeep Kumar Singh,BJP,5
Shri G M Harish Balayogi,TDP,Shri Vijay Baghel,BJP,5
Shri G M Harish Balayogi,TDP,Shri Yogender Chandolia,BJP,5
Shri G M Harish Balayogi,TDP,Smt. Kamaljeet Sehrawat,BJP,5
Shri Lavu Sri Krishna Devarayalu,TDP,Shri Vijay Kumar Dubey,BJP,5
Shri Anurag Singh Thakur,BJP,Shri Nalin Soren,JMM,5
Shri Chandra Prakash Choudhary,AJSU,Shri Godam Nagesh,BJP,5
Shri Nalin Soren,JMM,Shri Trivendra Singh Rawat,BJP,5
Adv Dean Kuriakose,INC,Shri K Radhakrishnan,CPI(M),5
Shri Bunty Vivek Sahu,BJP,Smt. Sanjna Jatav,INC,5
Shri G M Harish Balayogi,TDP,Smt. Mala Rajya Laxmi Shah,BJP,5
Shri Bunty Vivek Sahu,BJP,Shri Sukhjinder Singh Randhawa,INC,5
Shri Jaswantsinh Sumanbhai Bhabhor,BJP,Shri Sukhjinder Singh Randhawa,INC,5
Shri Chandra Prakash Choudhary,AJSU,Shri Mahendra Singh Solanky,BJP,5
Shri Haribhai Patel,BJP,Shri Lavu Sri Krishna Devarayalu,TDP,5
Shri Chandra Prakash Choudhary,AJSU,Smt. Kamaljeet Sehrawat,BJP,5
Shri Amar Sharadrao Kale,NCP(SP),Shri Chavda Vinod Lakhamshi,BJP,5
Shri Krishna Prasad Tenneti,TDP,Shri Yaduveer Wadiyar,BJP,5
Shri Krishna Prasad Tenneti,TDP,Shri Radheshyam Rathiya,BJP,5
Shri Amar Sharadrao Kale,NCP(SP),Shri Godam Nagesh,BJP,5
Shri Amar Sharadrao Kale,NCP(SP),Smt. Aparajita Sarangi,BJP,5
Dr. Vinod Kumar Bind,BJP,Shri Lavu Sri Krishna Devarayalu,TDP,5
Shri Lavu Sri Krishna Devarayalu,TDP,Shri Madhavaneni Raghunandan Rao,BJP,5
Dr. Sanjay Jaiswal,BJP,Shri Sunil Kumar,JD(U),5
Shri Amar Sharadrao Kale,NCP(SP),Shri Avimanyu Sethi,BJP,5
Shri Amar Sharadrao Kale,NCP(SP),Shri Bhojraj Nag,BJP,5
Shri Amar Sharadrao Kale,NCP(SP),Shri Ravindra Shukla Alias Ravi Kishan,BJP,5
Shri Amar Sharadrao Kale,NCP(SP),Shri Sudheer Gupta,BJP,5
Shri Amar Sharadrao Kale,NCP(SP),Smt. Himadri Singh,BJP,5
Shri Ashish Dubey,BJP,Shri Sunil Kumar,JD(U),5
Shri Bibhu Prasad Tarai,BJP,Shri Sunil Kumar,JD(U),5
Shri Godam Nagesh,BJP,Shri Sunil Kumar,JD(U),5
Shri Praveen Patel,BJP,Shri Sunil Kumar,JD(U),5
Shri Ravindra Shukla Alias Ravi Kishan,BJP,Shri Sunil Kumar,JD(U),5
Shri Shivmangal Singh Tomar,BJP,Shri Sunil Kumar,JD(U),5
Shri Sunil Kumar,JD(U),Shri Vishweshwar Hegde Kageri,BJP,5
Shri Sunil Kumar,JD(U),Smt. Kamaljeet Sehrawat,BJP,5
Dr. Bhola Singh,BJP,Shri Sukhjinder Singh Randhawa,INC,5
Dr. Manna Lal Rawat,BJP,Shri Sukhjinder Singh Randhawa,INC,5
Dr. Sanjay Jaiswal,BJP,Shri Sukhjinder Singh Randhawa,INC,5
Shri Chandra Prakash Choudhary,AJSU,Shri Dulu Mahato,BJP,5
Shri Chandra Prakash Choudhary,AJSU,Shri Pradeep Kumar Singh,BJP,5
Shri Chandra Prakash Choudhary,AJSU,Shri Pradeep Purohit,BJP,5
Dr. Prashant Yadaorao Padole,INC,Shri Hasmukhbhai Somabhai Patel,BJP,5
Dr. Prashant Yadaorao Padole,INC,Shri Khagen Murmu,BJP,5
Dr. Prashant Yadaorao Padole,INC,Shri Yogender Chandolia,BJP,5
Shri Alok Sharma,BJP,Shri Amar Sharadrao Kale,NCP(SP),5
Shri Amar Sharadrao Kale,NCP(SP),Shri Pratap Chandra Sarangi,BJP,5
Shri Amar Sharadrao Kale,NCP(SP),Shri Yaduveer Wadiyar,BJP,5
Dr. Manna Lal Rawat,BJP,Shri Amar Sharadrao Kale,NCP(SP),5
Shri Amar Sharadrao Kale,NCP(SP),Shri Vijay Baghel,BJP,5
Shri Bidyut Baran Mahato,BJP,Shri G M Harish Balayogi,TDP,5
Shri G M Harish Balayogi,TDP,Shri Manoj Tiwari,BJP,5
Shri Bunty Vivek Sahu,BJP,Shri Sunil Kumar,JD(U),5
Shri Chavan Ravindra Vasantrao,INC,Shri Shivmangal Singh Tomar,BJP,5
Shri Dhairyasheel Sambhajirao Mane,SS,Shri Krishna Prasad Tenneti,TDP,5
Shri Krishna Prasad Tenneti,TDP,Shri Tapir Gao,BJP,5
Shri Shivmangal Singh Tomar,BJP,Smt. Sanjna Jatav,INC,5
Shri Amar Sharadrao Kale,NCP(SP),Shri Vijay Kumar Dubey,BJP,5
Shri Arun Govil,BJP,Shri Nalin Soren,JMM,5
Shri Dilip Saikia,BJP,Shri Sukhjinder Singh Randhawa,INC,5
Shri Mahesh Kashyap,BJP,Shri Sukhjinder Singh Randhawa,INC,5
Shri Manoj Tiwari,BJP,Shri Sukhjinder Singh Randhawa,INC,5
Shri Rajkumar Chahar,BJP,Shri Sukhjinder Singh Randhawa,INC,5
Shri Chandra Prakash Choudhary,AJSU,Shri Tejasvi Surya,BJP,5
Shri Chandra Prakash Choudhary,AJSU,Shri Vishnu Dayal Ram,BJP,5
Shri Bidyut Baran Mahato,BJP,Shri Sunil Kumar,JD(U),5
Shri Damodar Agrawal,BJP,Shri Sunil Kumar,JD(U),5
Shri Bibhu Prasad Tarai,BJP,Shri Chavan Ravindra Vasantrao,INC,5
Shri Chavan Ravindra Vasantrao,INC,Shri Janardan Mishra,BJP,5
Shri Dileshwar Kamait,JD(U),Shri Haribhai Patel,BJP,5
Shri Ashok Kumar Rawat,BJP,Shri Dileshwar Kamait,JD(U),5
Shri Chavan Ravindra Vasantrao,INC,Shri Kota Srinivasa Poojary,BJP,5
Shri Dhairyasheel Sambhajirao Mane,SS,Smt. D K Aruna,BJP,5
Shri Dhairyasheel Sambhajirao Mane,SS,Shri Suresh Kumar Kashyap,BJP,5
Shri P P Chaudhary,BJP,Shri Sunil Kumar,JD(U),5
Shri Lavu Sri Krishna Devarayalu,TDP,Shri Suresh Kumar Kashyap,BJP,5
Dr. Shivaji Bandappa Kalge,INC,Shri Praveen Patel,BJP,5
Shri Ashok Kumar Rawat,BJP,Shri Dhairyasheel Sambhajirao Mane,SS,5
Shri Chavan Ravindra Vasantrao,INC,Shri Mahesh Kashyap,BJP,5
Shri Dileshwar Kamait,JD(U),Shri Jaswantsinh Sumanbhai Bhabhor,BJP,5
Shri Dileshwar Kamait,JD(U),Shri Satish Kumar Gautam,BJP,5
Shri Krishna Prasad Tenneti,TDP,Shri Rajesh Naranbhai Chudasama,BJP,5
Shri Chandan Chauhan,RLD,Shri Shankar Lalwani,BJP,5
Shri Chandan Chauhan,RLD,Shri Tejasvi Surya,BJP,5
Shri Chandan Chauhan,RLD,Smt. Kamaljeet Sehrawat,BJP,5
Shri Amar Sharadrao Kale,NCP(SP),Shri Jaswantsinh Sumanbhai Bhabhor,BJP,5
Shri Damodar Agrawal,BJP,Shri Dileshwar Kamait,JD(U),5
Shri Dileshwar Kamait,JD(U),Shri Vijay Kumar Dubey,BJP,5
Shri Nalin Soren,JMM,Shri Rodmal Nagar,BJP,5
Shri Nalin Soren,JMM,Shri Yaduveer Wadiyar,BJP,5
Shri Pradeep Kumar Singh,BJP,Shri Tatkare Sunil Dattatrey,NCP,5
Shri Arun Govil,BJP,Shri Sunil Kumar,JD(U),5
Shri Dileshwar Kamait,JD(U),Shri Ravindra Shukla Alias Ravi Kishan,BJP,5
Shri G M Harish Balayogi,TDP,Shri Kota Srinivasa Poojary,BJP,5
Shri Mahesh Kashyap,BJP,Smt. Sanjna Jatav,INC,5
Shri Gopal Jee Thakur,BJP,Shri Lavu Sri Krishna Devarayalu,TDP,5
Shri Lavu Sri Krishna Devarayalu,TDP,Shri Tapir Gao,BJP,5
Shri Chavan Ravindra Vasantrao,INC,Smt. Aparajita Sarangi,BJP,5
Dr. Nishikant Dubey,BJP,Shri Chandra Prakash Choudhary,AJSU,5
Ms Kangna Ranaut,BJP,Shri Chandra Prakash Choudhary,AJSU,5
Shri Ananta Nayak,BJP,Shri Chandra Prakash Choudhary,AJSU,5
Shri Chandra Prakash Choudhary,AJSU,Smt. Sanjna Jatav,INC,5
Dr. Sanjay Jaiswal,BJP,Shri Lavu Sri Krishna Devarayalu,TDP,5
Shri Lavu Sri Krishna Devarayalu,TDP,Shri Vishnu Dayal Ram,BJP,5
Shri Lavu Sri Krishna Devarayalu,TDP,Smt. Sanjna Jatav,INC,5
Shri Anoop Pradhan Valmiki,BJP,Shri Dileshwar Kamait,JD(U),5
Shri Dhairyasheel Sambhajirao Mane,SS,Shri P C Mohan,BJP,5
Shri Atul Garg,BJP,Shri Vishaldada Prakashbapu Patil,IND.,5
Dr. Hemang Joshi,BJP,Shri Chavan Ravindra Vasantrao,INC,5
Dr. Hemang Joshi,BJP,Shri Dhairyasheel Sambhajirao Mane,SS,5
Shri Madhavaneni Raghunandan Rao,BJP,Shri Sukhjinder Singh Randhawa,INC,5
Shri Naba Charan Majhi,BJP,Shri Sukhjinder Singh Randhawa,INC,5
Ms Kangna Ranaut,BJP,Shri Nalin Soren,JMM,5
Shri Chavan Ravindra Vasantrao,INC,Shri Pradeep Kumar Singh,BJP,5
Shri Captain Brijesh Chowta,BJP,Smt. Sanjna Jatav,INC,5
Shri Chandra Prakash Choudhary,AJSU,Shri Gopal Jee Thakur,BJP,5
Shri Lavu Sri Krishna Devarayalu,TDP,Shri Sukanta Kumar Panigrahi,BJP,5
Dr. Rajesh Mishra,BJP,Shri Lavu Sri Krishna Devarayalu,TDP,5
Shri Chandra Prakash Choudhary,AJSU,Shri P C Mohan,BJP,5
Shri Kali Charan Singh,BJP,Smt. Sanjna Jatav,INC,5
Shri Dileshwar Kamait,JD(U),Shri Miteshbhai Rameshbhai Patel,BJP,5
Shri Arun Bharti,LJSP(RV),Shri Mukeshkumar Chandrakaant Dalal,BJP,5
Shri Dileshwar Kamait,JD(U),Smt. Poonamben Hematbhai Maadam,BJP,5
Shri Captain Brijesh Chowta,BJP,Shri Chavan Ravindra Vasantrao,INC,5
Shri Dileshwar Kamait,JD(U),Shri Dineshbhai Makwana,BJP,5
Shri Dileshwar Kamait,JD(U),Shri Jagdambika Pal,BJP,5
Dr. Kalyan Vaijinathrao Kale,INC,Shri P P Chaudhary,BJP,5
Dr. Kalyan Vaijinathrao Kale,INC,Smt. Mahima Kumari Mewar,BJP,5
Shri Chandra Prakash Choudhary,AJSU,Smt. Vijaylakshmi Devi,JD(U),5
Shri Chandan Chauhan,RLD,Shri Kota Srinivasa Poojary,BJP,5
Shri Chandan Chauhan,RLD,Shri Ramesh Awasthi,BJP,5
Dr. Nishikant Dubey,BJP,Smt. Vijaylakshmi Devi,JD(U),5
Shri Jagdambika Pal,BJP,Smt. Vijaylakshmi Devi,JD(U),5
Shri Bhartruhari Mahtab,BJP,Smt. Vijaylakshmi Devi,JD(U),5
Shri Dileshwar Kamait,JD(U),Shri Dulu Mahato,BJP,5
Shri Anil Firojiya,BJP,Shri Chandan Chauhan,RLD,5
Shri Anil Firojiya,BJP,Shri Dileshwar Kamait,JD(U),5
Shri Chandan Chauhan,RLD,Smt. Mahima Kumari Mewar,BJP,5
Shri Lavu Sri Krishna Devarayalu,TDP,Shri Yaduveer Wadiyar,BJP,5
Shri Pratap Chandra Sarangi,BJP,Shri Sukhjinder Singh Randhawa,INC,5
Shri Bunty Vivek Sahu,BJP,Smt. Vijaylakshmi Devi,JD(U),5
Shri Anurag Singh Thakur,BJP,Smt. Vijaylakshmi Devi,JD(U),5
Shri Parbhubhai Nagarbhai Vasava,BJP,Smt. Vijaylakshmi Devi,JD(U),5
Shri Dileshwar Kamait,JD(U),Shri Lumbaram Choudhary,BJP,5
Shri Dileshwar Kamait,JD(U),Smt. Shobhanaben Mahendrasinh Baraiya,BJP,5
Shri Dineshbhai Makwana,BJP,Smt. Lovely Anand,JD(U),5
Shri Bhartruhari Mahtab,BJP,Smt. Lovely Anand,JD(U),5
Dr. Hemang Joshi,BJP,Smt. Vijaylakshmi Devi,JD(U),5
Shri Balabhadra Majhi,BJP,Shri Chandan Chauhan,RLD,5
Shri Bhojraj Nag,BJP,Shri Chandan Chauhan,RLD,5
Shri Chandan Chauhan,RLD,Smt. Mala Rajya Laxmi Shah,BJP,5
Shri Chandan Chauhan,RLD,Smt. D K Aruna,BJP,5
Shri Balya Mama Suresh Gopinath Mhatre,NCP(SP),Smt. Delkar Kalaben Mohanbhai,BJP,5
Shri Giridhari Yadav,JD(U),Shri Rajesh Ranjan,IND.,5
Prof. Sougata Ray,AITC,Shri Raja A,DMK,5
Dr. Prashant Yadaorao Padole,INC,Shri Praveen Patel,BJP,5
Adv. Adoor Prakash,INC,Prof. Sougata Ray,AITC,5
Smt. Mala Rajya Laxmi Shah,BJP,Smt. Vijaylakshmi Devi,JD(U),5
Shri Chandan Chauhan,RLD,Shri Dulu Mahato,BJP,5
Shri Chandan Chauhan,RLD,Shri Janardan Mishra,BJP,5
Shri Chandan Chauhan,RLD,Shri Suresh Kumar Kashyap,BJP,5
Shri Bibhu Prasad Tarai,BJP,Shri Chandan Chauhan,RLD,5
Shri Arvind Ganpat Sawant,SHS(UBT),Shri Bajrang Manohar Sonwane,NCP(SP),5
Shri Malaiyarasan D,DMK,Shri Navaskani K,IUML,5
Shri Basavaraj Bommai,BJP,Shri Chandan Chauhan,RLD,5
Dr. Rajesh Mishra,BJP,Dr. Shivaji Bandappa Kalge,INC,5
Shri Dilip Saikia,BJP,Shri Shrirang Appa Chandu Barne,SS,5
Shri Shrirang Appa Chandu Barne,SS,Smt. Roopkumari Choudhary,BJP,5
Shri Alok Sharma,BJP,Shri Shrirang Appa Chandu Barne,SS,5
Shri Basavaraj Bommai,BJP,Shri Shrirang Appa Chandu Barne,SS,5
Shri Shrirang Appa Chandu Barne,SS,Smt. Mahima Kumari Mewar,BJP,5
Shri Dineshbhai Makwana,BJP,Shri Shrirang Appa Chandu Barne,SS,5
Shri Praveen Patel,BJP,Shri Shrirang Appa Chandu Barne,SS,5
Shri Chavda Vinod Lakhamshi,BJP,Shri Shrirang Appa Chandu Barne,SS,5
Shri Balwant Baswant Wankhade,INC,Shri Sanjay Haribhau Jadhav,SS,5
Dr. Shivaji Bandappa Kalge,INC,Shri Naba Charan Majhi,BJP,5
Dr. Alok Kumar Suman,JD(U),Shri Vishnu Dayal Ram,BJP,5
Dr. Alok Kumar Suman,JD(U),Shri Bidyut Baran Mahato,BJP,5
Shri Balya Mama Suresh Gopinath Mhatre,NCP(SP),Shri Mukeshkumar Chandrakaant Dalal,BJP,5
Shri Balya Mama Suresh Gopinath Mhatre,NCP(SP),Shri P C Mohan,BJP,5
Dr. Jayanta Kumar Roy,BJP,Shri Balya Mama Suresh Gopinath Mhatre,NCP(SP),5
Shri Balya Mama Suresh Gopinath Mhatre,NCP(SP),Shri Bidyut Baran Mahato,BJP,5
Shri Balya Mama Suresh Gopinath Mhatre,NCP(SP),Shri Lumbaram Choudhary,BJP,5
Shri Balya Mama Suresh Gopinath Mhatre,NCP(SP),Shri Manoj Tiwari,BJP,5
Shri Balya Mama Suresh Gopinath Mhatre,NCP(SP),Shri Parshottambhai Rupala,BJP,5
Shri Balya Mama Suresh Gopinath Mhatre,NCP(SP),Smt. Himadri Singh,BJP,5
Dr. Alok Kumar Suman,JD(U),Smt. Smita Uday Wagh,BJP,5
Shri K Radhakrishnan,CPI(M),Shri Sukhdeo Bhagat,INC,5
Shri Omprakash Bhupalsinh Alias Pavan Rajenimbalkar,SS,Shri Shyamkumar Daulat Barve,INC,5
Shri Janardan Mishra,BJP,Shri Murari Lal Meena,INC,5
Shri Anto Antony,INC,Shri K Radhakrishnan,CPI(M),5
Shri Anil Firojiya,BJP,Shri Balya Mama Suresh Gopinath Mhatre,NCP(SP),5
Shri Amar Sharadrao Kale,NCP(SP),Shri Jugal Kishore,BJP,4
Shri Amar Sharadrao Kale,NCP(SP),Smt. Mahima Kumari Mewar,BJP,4
Shri Amar Sharadrao Kale,NCP(SP),Smt. Sanjna Jatav,INC,4
Shri Dhairyasheel Sambhajirao Mane,SS,Smt. Malvika Devi,BJP,4
Shri Lavu Sri Krishna Devarayalu,TDP,Shri Mahesh Kashyap,BJP,4
Shri Krishna Prasad Tenneti,TDP,Shri Rahul Singh Lodhi,BJP,4
Dr. Nishikant Dubey,BJP,Shri Tatkare Sunil Dattatrey,NCP,4
Shri Avimanyu Sethi,BJP,Shri Dhairyasheel Sambhajirao Mane,SS,4
Shri Dhairyasheel Sambhajirao Mane,SS,Shri Shashank Mani,BJP,4
Shri Lumbaram Choudhary,BJP,Shri Tatkare Sunil Dattatrey,NCP,4
Shri Mukeshkumar Chandrakaant Dalal,BJP,Shri Tatkare Sunil Dattatrey,NCP,4
Shri P P Chaudhary,BJP,Shri Tatkare Sunil Dattatrey,NCP,4
Shri Shashank Mani,BJP,Shri Tatkare Sunil Dattatrey,NCP,4
Dr. K Sudhakar,BJP,Shri G M Harish Balayogi,TDP,4
Shri Alok Sharma,BJP,Shri G M Harish Balayogi,TDP,4
Shri Krishna Prasad Tenneti,TDP,Shri Sukanta Kumar Panigrahi,BJP,4
Shri Arvind Dharmapuri,BJP,Shri Nalin Soren,JMM,4
Shri Chandra Prakash Choudhary,AJSU,Smt. Anita Nagarsingh Chouhan,BJP,4
Shri Chintamani Maharaj,BJP,Shri Nalin Soren,JMM,4
Shri Balabhadra Majhi,BJP,Shri G M Harish Balayogi,TDP,4
Shri G M Harish Balayogi,TDP,Shri Godam Nagesh,BJP,4
Shri G M Harish Balayogi,TDP,Smt. Mahima Kumari Mewar,BJP,4
Shri Vishnu Dayal Ram,BJP,Smt. Sanjna Jatav,INC,4
Shri Janardan Mishra,BJP,Shri Sukhjinder Singh Randhawa,INC,4
Shri Praveen Patel,BJP,Shri Sanjay Haribhau Jadhav,SS,4
Shri Chandra Prakash Choudhary,AJSU,Shri Kota Srinivasa Poojary,BJP,4
Shri Lavu Sri Krishna Devarayalu,TDP,Shri Mahendra Singh Solanky,BJP,4
Shri Chandra Prakash Choudhary,AJSU,Shri Rajkumar Chahar,BJP,4
Shri Chandra Prakash Choudhary,AJSU,Shri Vijay Baghel,BJP,4
Shri Godam Nagesh,BJP,Shri Krishna Prasad Tenneti,TDP,4
Shri Amar Sharadrao Kale,NCP(SP),Shri Manish Jaiswal,BJP,4
Shri Amar Sharadrao Kale,NCP(SP),Shri Vishnu Dayal Ram,BJP,4
Shri Kali Charan Singh,BJP,Shri Lavu Sri Krishna Devarayalu,TDP,4
Dr. Bhola Singh,BJP,Shri Sunil Kumar,JD(U),4
Dr. Hemant Vishnu Savara,BJP,Shri Sanjay Haribhau Jadhav,SS,4
Dr. Nishikant Dubey,BJP,Shri Sunil Kumar,JD(U),4
Shri Amar Sharadrao Kale,NCP(SP),Shri Captain Brijesh Chowta,BJP,4
Shri Amar Sharadrao Kale,NCP(SP),Shri Mahendra Singh Solanky,BJP,4
Shri Amar Sharadrao Kale,NCP(SP),Shri Miteshbhai Rameshbhai Patel,BJP,4
Shri Avimanyu Sethi,BJP,Shri Sunil Kumar,JD(U),4
Shri Lumbaram Choudhary,BJP,Shri Sanjay Haribhau Jadhav,SS,4
Shri Miteshbhai Rameshbhai Patel,BJP,Shri Sunil Kumar,JD(U),4
Shri Mukeshkumar Chandrakaant Dalal,BJP,Shri Sunil Kumar,JD(U),4
Shri Naba Charan Majhi,BJP,Shri Sanjay Haribhau Jadhav,SS,4
Shri Rahul Singh Lodhi,BJP,Shri Sunil Kumar,JD(U),4
Shri Sanjay Haribhau Jadhav,SS,Shri Vishweshwar Hegde Kageri,BJP,4
Shri Sudheer Gupta,BJP,Shri Sunil Kumar,JD(U),4
Shri Dileshwar Kamait,JD(U),Shri Kali Charan Singh,BJP,4
Shri Dileshwar Kamait,JD(U),Shri Madhavaneni Raghunandan Rao,BJP,4
Shri Amar Sharadrao Kale,NCP(SP),Shri Jagdambika Pal,BJP,4
Shri Krishna Prasad Tenneti,TDP,Shri Trivendra Singh Rawat,BJP,4
Shri Bharatsinhji Shankarji Dabhi,BJP,Shri Sunil Kumar,JD(U),4
Dr. Bhola Singh,BJP,Shri Chandra Prakash Choudhary,AJSU,4
Shri Balabhadra Majhi,BJP,Shri Kaushalendra Kumar,JD(U),4
Shri Captain Brijesh Chowta,BJP,Shri Sukhjinder Singh Randhawa,INC,4
Shri Chintamani Maharaj,BJP,Shri Sukhjinder Singh Randhawa,INC,4
Shri Haribhai Patel,BJP,Shri Sukhjinder Singh Randhawa,INC,4
Shri Jagdambika Pal,BJP,Shri Sukhjinder Singh Randhawa,INC,4
Shri Kaushalendra Kumar,JD(U),Shri Khagen Murmu,BJP,4
Shri Kaushalendra Kumar,JD(U),Shri Pradeep Kumar Singh,BJP,4
Shri Kaushalendra Kumar,JD(U),Shri Yogender Chandolia,BJP,4
Shri Mahendra Singh Solanky,BJP,Shri Sukhjinder Singh Randhawa,INC,4
Shri Shivmangal Singh Tomar,BJP,Shri Sukhjinder Singh Randhawa,INC,4
Shri Sukhjinder Singh Randhawa,INC,Shri Yogender Chandolia,BJP,4
Dr. Bhola Singh,BJP,Dr. Prashant Yadaorao Padole,INC,4
Dr. Prashant Yadaorao Padole,INC,Shri Alok Sharma,BJP,4
Dr. Prashant Yadaorao Padole,INC,Shri Bhojraj Nag,BJP,4
Dr. Prashant Yadaorao Padole,INC,Shri Manoj Tiwari,BJP,4
Dr. Prashant Yadaorao Padole,INC,Smt. Smita Uday Wagh,BJP,4
Shri Amar Sharadrao Kale,NCP(SP),Shri Haribhai Patel,BJP,4
Shri G M Harish Balayogi,TDP,Shri Praveen Patel,BJP,4
Shri G M Harish Balayogi,TDP,Shri Suresh Kumar Kashyap,BJP,4
Shri Chintamani Maharaj,BJP,Smt. Sanjna Jatav,INC,4
Shri Anil Firojiya,BJP,Shri Sukhjinder Singh Randhawa,INC,4
Shri Anil Firojiya,BJP,Smt. Sanjna Jatav,INC,4
Shri Bharatsinhji Shankarji Dabhi,BJP,Smt. Sanjna Jatav,INC,4
Shri Sunil Kumar,JD(U),Shri Vijay Baghel,BJP,4
Shri Sunil Kumar,JD(U),Smt. Sanjna Jatav,INC,4
Shri Nalin Soren,JMM,Smt. Malvika Devi,BJP,4
Shri Amar Sharadrao Kale,NCP(SP),Shri Ananta Nayak,BJP,4
Shri Amar Sharadrao Kale,NCP(SP),Shri Dhairyasheel Sambhajirao Mane,SS,4
Shri Chavan Ravindra Vasantrao,INC,Shri Tapir Gao,BJP,4
Shri Dhairyasheel Sambhajirao Mane,SS,Shri Tapir Gao,BJP,4
Shri Nalin Soren,JMM,Shri Pradeep Purohit,BJP,4
Shri Jashubhai Bhilubhai Rathva,BJP,Shri Nalin Soren,JMM,4
Shri Mahesh Kashyap,BJP,Shri Nalin Soren,JMM,4
Shri Sukhjinder Singh Randhawa,INC,Shri Vishweshwar Hegde Kageri,BJP,4
Shri Sukhjinder Singh Randhawa,INC,Smt. Smita Uday Wagh,BJP,4
Shri Chandra Prakash Choudhary,AJSU,Shri Vijay Kumar Dubey,BJP,4
Dr. Rajesh Mishra,BJP,Shri G M Harish Balayogi,TDP,4
Shri Jashubhai Bhilubhai Rathva,BJP,Shri Sunil Kumar,JD(U),4
Shri Dhairyasheel Sambhajirao Mane,SS,Shri Janardan Mishra,BJP,4
Shri Krishna Prasad Tenneti,TDP,Shri Rodmal Nagar,BJP,4
Shri Dhairyasheel Sambhajirao Mane,SS,Shri Sunil Kumar,JD(U),4
Dr. Rajkumar Sangwan,RLD,Shri Balabhadra Majhi,BJP,4
Dr. Rajkumar Sangwan,RLD,Shri Dulu Mahato,BJP,4
Shri Chandra Prakash Joshi,BJP,Shri Sunil Kumar,JD(U),4
Shri Dulu Mahato,BJP,Shri G M Harish Balayogi,TDP,4
Shri G M Harish Balayogi,TDP,Shri Manish Jaiswal,BJP,4
Shri Anurag Sharma,BJP,Shri Eswarasamy K,DMK,4
Shri Bhartruhari Mahtab,BJP,Shri G M Harish Balayogi,TDP,4
Shri Radheshyam Rathiya,BJP,Shri Sukhjinder Singh Randhawa,INC,4
Dr. Shivaji Bandappa Kalge,INC,Shri Vijay Baghel,BJP,4
Shri Ashok Kumar Rawat,BJP,Shri Chavan Ravindra Vasantrao,INC,4
Shri Bhumare Sandipanrao Asaram,SS,Shri Kota Srinivasa Poojary,BJP,4
Shri Satish Kumar Gautam,BJP,Shri Sunil Kumar,JD(U),4
Dr. Rajkumar Sangwan,RLD,Shri Kali Charan Singh,BJP,4
Dr. Kirsan Namdeo,INC,Prof. Sougata Ray,AITC,4
Shri Chandra Prakash Joshi,BJP,Shri Sanjay Haribhau Jadhav,SS,4
Shri Anurag Sharma,BJP,Shri Dhairyasheel Sambhajirao Mane,SS,4
Shri Dhairyasheel Sambhajirao Mane,SS,Shri Trivendra Singh Rawat,BJP,4
Shri Devusinh Chauhan,BJP,Shri Dileshwar Kamait,JD(U),4
Shri Tatkare Sunil Dattatrey,NCP,Shri Vishweshwar Hegde Kageri,BJP,4
Shri Bunty Vivek Sahu,BJP,Shri Dileshwar Kamait,JD(U),4
Shri Dileshwar Kamait,JD(U),Smt. Himadri Singh,BJP,4
Shri Sunil Kumar,JD(U),Smt. Aparajita Sarangi,BJP,4
Shri Krishna Prasad Tenneti,TDP,Shri Mahesh Kashyap,BJP,4
Shri Chavan Ravindra Vasantrao,INC,Shri Chintamani Maharaj,BJP,4
Shri Chintamani Maharaj,BJP,Shri Dhairyasheel Sambhajirao Mane,SS,4
Shri Chintamani Maharaj,BJP,Shri Lavu Sri Krishna Devarayalu,TDP,4
Shri Dhairyasheel Sambhajirao Mane,SS,Shri Gopal Jee Thakur,BJP,4
Shri Arun Bharti,LJSP(RV),Shri Vishaldada Prakashbapu Patil,IND.,4
Shri Anoop Pradhan Valmiki,BJP,Shri Chandra Prakash Choudhary,AJSU,4
Shri Bhojraj Nag,BJP,Shri Chandra Prakash Choudhary,AJSU,4
Shri Chandra Prakash Choudhary,AJSU,Shri Chavan Ravindra Vasantrao,INC,4
Shri Chandra Prakash Choudhary,AJSU,Shri Dhairyasheel Sambhajirao Mane,SS,4
Shri Chandra Prakash Choudhary,AJSU,Shri Sudheer Gupta,BJP,4
Shri Chavan Ravindra Vasantrao,INC,Shri Parbhubhai Nagarbhai Vasava,BJP,4
Shri Dhairyasheel Sambhajirao Mane,SS,Shri Parbhubhai Nagarbhai Vasava,BJP,4
Shri Parbhubhai Nagarbhai Vasava,BJP,Smt. Sanjna Jatav,INC,4
Shri Chandra Prakash Joshi,BJP,Shri Lavu Sri Krishna Devarayalu,TDP,4
Shri Sunil Kumar,JD(U),Smt. Shobhanaben Mahendrasinh Baraiya,BJP,4
Shri Sunil Kumar,JD(U),Smt. Smita Uday Wagh,BJP,4
Shri Chandra Prakash Choudhary,AJSU,Shri Dileshwar Kamait,JD(U),4
Shri Chandra Prakash Choudhary,AJSU,Smt. Aparajita Sarangi,BJP,4
Shri Lavu Sri Krishna Devarayalu,TDP,Shri Mukeshkumar Chandrakaant Dalal,BJP,4
Shri Chandra Prakash Choudhary,AJSU,Shri Damodar Agrawal,BJP,4
Ms Kangna Ranaut,BJP,Shri Krishna Prasad Tenneti,TDP,4
Shri Chavan Ravindra Vasantrao,INC,Shri Rodmal Nagar,BJP,4
Shri Chandra Prakash Choudhary,AJSU,Shri Mahesh Kashyap,BJP,4
Shri Jagdambika Pal,BJP,Shri Lavu Sri Krishna Devarayalu,TDP,4
Shri Lavu Sri Krishna Devarayalu,TDP,Shri Rodmal Nagar,BJP,4
Shri Lavu Sri Krishna Devarayalu,TDP,Shri Nalin Soren,JMM,4
Ms Kangna Ranaut,BJP,Shri Sukhjinder Singh Randhawa,INC,4
Dr. Hemang Joshi,BJP,Shri Chandra Prakash Choudhary,AJSU,4
Dr. Rajesh Mishra,BJP,Shri Chandra Prakash Choudhary,AJSU,4
Shri Dulu Mahato,BJP,Shri Lavu Sri Krishna Devarayalu,TDP,4
Shri Krishna Prasad Tenneti,TDP,Smt. Poonamben Hematbhai Maadam,BJP,4
Shri Lavu Sri Krishna Devarayalu,TDP,Shri Shivmangal Singh Tomar,BJP,4
Shri Sunil Kumar,JD(U),Smt. Kamlesh Jangde,BJP,4
Shri Vijay Kumar Dubey,BJP,Smt. Sanjna Jatav,INC,4
Shri Dileshwar Kamait,JD(U),Shri Saumitra Khan,BJP,4
Prof. Sougata Ray,AITC,Shri  Selvaganapathi T.M.,DMK,4
Shri Hasmukhbhai Somabhai Patel,BJP,Shri Nalin Soren,JMM,4
Shri Chandra Prakash Choudhary,AJSU,Shri Praveen Patel,BJP,4
Shri Chandra Prakash Choudhary,AJSU,Shri Tapir Gao,BJP,4
Dr. Kalyan Vaijinathrao Kale,INC,Shri Dulu Mahato,BJP,4
Dr. Kalyan Vaijinathrao Kale,INC,Shri Krishna Prasad Tenneti,TDP,4
Dr. Kalyan Vaijinathrao Kale,INC,Shri Praveen Patel,BJP,4
Shri Jaswantsinh Sumanbhai Bhabhor,BJP,Smt. Sanjna Jatav,INC,4
Shri Chavan Ravindra Vasantrao,INC,Shri Suresh Kumar Kashyap,BJP,4
Shri Sukhjinder Singh Randhawa,INC,Shri Suresh Kumar Kashyap,BJP,4
Dr. Kalyan Vaijinathrao Kale,INC,Shri Naba Charan Majhi,BJP,4
Dr. Rajesh Mishra,BJP,Shri Chandan Chauhan,RLD,4
Shri Chandan Chauhan,RLD,Shri Haribhai Patel,BJP,4
Shri Nalin Soren,JMM,Shri Rajesh Naranbhai Chudasama,BJP,4
Shri Bharatsinhji Shankarji Dabhi,BJP,Shri Lavu Sri Krishna Devarayalu,TDP,4
Dr. Kalyan Vaijinathrao Kale,INC,Dr. Vinod Kumar Bind,BJP,4
Dr. Kalyan Vaijinathrao Kale,INC,Shri Pratap Chandra Sarangi,BJP,4
Shri Kali Charan Singh,BJP,Smt. Vijaylakshmi Devi,JD(U),4
Dr. Bhola Singh,BJP,Smt. Vijaylakshmi Devi,JD(U),4
Dr. Manna Lal Rawat,BJP,Smt. Vijaylakshmi Devi,JD(U),4
Shri Chandra Prakash Joshi,BJP,Smt. Vijaylakshmi Devi,JD(U),4
Shri Ramesh Awasthi,BJP,Smt. Vijaylakshmi Devi,JD(U),4
Shri Bibhu Prasad Tarai,BJP,Smt. Vijaylakshmi Devi,JD(U),4
Shri Shivmangal Singh Tomar,BJP,Smt. Vijaylakshmi Devi,JD(U),4
Shri Tejasvi Surya,BJP,Smt. Vijaylakshmi Devi,JD(U),4
Shri Chandan Chauhan,RLD,Shri Yaduveer Wadiyar,BJP,4
Shri Krishna Prasad Tenneti,TDP,Shri Rajiv Pratap Rudy,BJP,4
Shri Chandan Chauhan,RLD,Shri Chavda Vinod Lakhamshi,BJP,4
Shri Dileshwar Kamait,JD(U),Shri Tapir Gao,BJP,4
Dr. Manna Lal Rawat,BJP,Shri Chandan Chauhan,RLD,4
Shri Chandan Chauhan,RLD,Shri P C Mohan,BJP,4
Dr. Vinod Kumar Bind,BJP,Shri Sukhjinder Singh Randhawa,INC,4
Shri Anurag Sharma,BJP,Shri Sukhjinder Singh Randhawa,INC,4
Shri Chandan Chauhan,RLD,Shri Miteshbhai Rameshbhai Patel,BJP,4
Shri Chandan Chauhan,RLD,Smt. Vijaylakshmi Devi,JD(U),4
Shri Miteshbhai Rameshbhai Patel,BJP,Smt. Vijaylakshmi Devi,JD(U),4
Shri Captain Brijesh Chowta,BJP,Smt. Vijaylakshmi Devi,JD(U),4
Shri Janardan Mishra,BJP,Smt. Lovely Anand,JD(U),4
Shri Pradeep Kumar Singh,BJP,Smt. Lovely Anand,JD(U),4
Smt. Kamlesh Jangde,BJP,Smt. Lovely Anand,JD(U),4
Shri Vijay Kumar Dubey,BJP,Smt. Lovely Anand,JD(U),4
Shri Vishweshwar Hegde Kageri,BJP,Smt. Lovely Anand,JD(U),4
Shri P P Chaudhary,BJP,Smt. Lovely Anand,JD(U),4
Shri Jashubhai Bhilubhai Rathva,BJP,Smt. Vijaylakshmi Devi,JD(U),4
Shri Chandan Chauhan,RLD,Shri P P Chaudhary,BJP,4
Shri Chandan Chauhan,RLD,Shri Trivendra Singh Rawat,BJP,4
Shri Lumbaram Choudhary,BJP,Smt. Lovely Anand,JD(U),4
Smt. Lovely Anand,JD(U),Smt. Smita Uday Wagh,BJP,4
Dr. Hemang Joshi,BJP,Shri Chandan Chauhan,RLD,4
Shri Anand Bhadauria,SP,Shri Raja A,DMK,4
Shri Tatkare Sunil Dattatrey,NCP,Shri Vishnu Dayal Ram,BJP,4
Shri Satish Kumar Gautam,BJP,Smt. Vijaylakshmi Devi,JD(U),4
Dr. Prashant Yadaorao Padole,INC,Shri Bidyut Baran Mahato,BJP,4
Dr. Prashant Yadaorao Padole,INC,Shri Dineshbhai Makwana,BJP,4
Dr. Prashant Yadaorao Padole,INC,Shri Lumbaram Choudhary,BJP,4
Dr. T Sumathy Alias Thamizhachi Thangapandian,DMK,Shri Vijayakumar Alias Vijay Vasanth,INC,4
Smt. Roopkumari Choudhary,BJP,Smt. Vijaylakshmi Devi,JD(U),4
Shri Ravindra Shukla Alias Ravi Kishan,BJP,Smt. Vijaylakshmi Devi,JD(U),4
Ms Kangna Ranaut,BJP,Shri Chandan Chauhan,RLD,4
Shri Chandan Chauhan,RLD,Shri Parbhubhai Nagarbhai Vasava,BJP,4
Shri Suresh Kumar Kashyap,BJP,Smt. Vijaylakshmi Devi,JD(U),4
Shri Chandan Chauhan,RLD,Smt. Shobhanaben Mahendrasinh Baraiya,BJP,4
Shri Jaswantsinh Sumanbhai Bhabhor,BJP,Smt. Vijaylakshmi Devi,JD(U),4
Shri Balya Mama Suresh Gopinath Mhatre,NCP(SP),Shri Bhumare Sandipanrao Asaram,SS,4
Shri Arvind Ganpat Sawant,SHS(UBT),Shri Bhausaheb Rajaram Wakchaure,SS,4
Shri Azad Kirti Jha,AITC,Shri Sanatan Pandey,SP,4
Shri Godam Nagesh,BJP,Shri Sukhjinder Singh Randhawa,INC,4
Shri Chandan Chauhan,RLD,Shri Chandra Prakash Choudhary,AJSU,4
Shri Chandan Chauhan,RLD,Shri Sanatan Pandey,SP,4
Shri Anurag Sharma,BJP,Shri Chandan Chauhan,RLD,4
Shri Jugal Kishore,BJP,Shri Satpal Brahamchari,INC,4
Shri Balwant Baswant Wankhade,INC,Shri Balya Mama Suresh Gopinath Mhatre,NCP(SP),4
Shri Chintamani Maharaj,BJP,Shri Shrirang Appa Chandu Barne,SS,4
Shri Shrirang Appa Chandu Barne,SS,Shri Trivendra Singh Rawat,BJP,4
Dr. Hemant Vishnu Savara,BJP,Shri Shrirang Appa Chandu Barne,SS,4
Shri Shrirang Appa Chandu Barne,SS,Shri Suresh Kumar Kashyap,BJP,4
Shri Naba Charan Majhi,BJP,Shri Shrirang Appa Chandu Barne,SS,4
Shri Shrirang Appa Chandu Barne,SS,Shri Yogender Chandolia,BJP,4
Shri Shrirang Appa Chandu Barne,SS,Smt. Aparajita Sarangi,BJP,4
Shri Pradeep Kumar Singh,BJP,Shri Shrirang Appa Chandu Barne,SS,4
Adv. Adoor Prakash,INC,Shri K Radhakrishnan,CPI(M),4
Shri K C Venugopal,INC,Shri K Radhakrishnan,CPI(M),4
Shri Arvind Ganpat Sawant,SHS(UBT),Shri Balwant Baswant Wankhade,INC,4
Shri Anto Antony,INC,Shri Pradyut Bordoloi,Unknown,4
Shri K Radhakrishnan,CPI(M),Shri Saptagiri Sankar Ulaka,INC,4
Prof. Sougata Ray,AITC,Shri K Sudhakaran,INC,4
Shri Daroga Prasad Saroj,SP,Shri Omprakash Bhupalsinh Alias Pavan Rajenimbalkar,SS,4
Dr. Alok Kumar Suman,JD(U),Shri Bhartruhari Mahtab,BJP,4
Dr. M P Abdussamad Samadani,IUML,Dr. Mohammad Jawed,INC,4
Shri Balya Mama Suresh Gopinath Mhatre,NCP(SP),Shri Suresh Kumar Kashyap,BJP,4
Dr. Amar Singh,INC,Shri Rajesh Ranjan,IND.,4
Shri Balya Mama Suresh Gopinath Mhatre,NCP(SP),Shri Chandra Prakash Joshi,BJP,4
Dr. M P Abdussamad Samadani,IUML,Shri Rajesh Ranjan,IND.,4
Dr. Nishikant Dubey,BJP,Shri Balya Mama Suresh Gopinath Mhatre,NCP(SP),4
Dr. Shivaji Bandappa Kalge,INC,Shri Vijay Kumar Dubey,BJP,4
Shri Balya Mama Suresh Gopinath Mhatre,NCP(SP),Shri Manish Jaiswal,BJP,4
Shri Balya Mama Suresh Gopinath Mhatre,NCP(SP),Shri Pradeep Kumar Singh,BJP,4
Shri Balya Mama Suresh Gopinath Mhatre,NCP(SP),Shri Ravindra Shukla Alias Ravi Kishan,BJP,4
Shri Balya Mama Suresh Gopinath Mhatre,NCP(SP),Smt. Aparajita Sarangi,BJP,4
Dr. Alok Kumar Suman,JD(U),Shri Naba Charan Majhi,BJP,4
Shri Hanuman Beniwal,RLP,Shri Pradeep Kumar Singh,BJP,4
Shri Balya Mama Suresh Gopinath Mhatre,NCP(SP),Shri Chavda Vinod Lakhamshi,BJP,4
Shri Balya Mama Suresh Gopinath Mhatre,NCP(SP),Shri Kripanath Mallah,BJP,4
Shri Balya Mama Suresh Gopinath Mhatre,NCP(SP),Shri Mukesh Rajput,BJP,4
Shri Balya Mama Suresh Gopinath Mhatre,NCP(SP),Smt. Kriti Devi Debbarman,BJP,4
Shri Lumbaram Choudhary,BJP,Shri Murari Lal Meena,INC,4
Shri Murari Lal Meena,INC,Shri Ravindra Shukla Alias Ravi Kishan,BJP,4
Shri Benny Behanan,INC,Shri Vishaldada Prakashbapu Patil,IND.,4
Shri Balya Mama Suresh Gopinath Mhatre,NCP(SP),Shri Shankar Lalwani,BJP,4
Dr. Sanjay Jaiswal,BJP,Shri Balya Mama Suresh Gopinath Mhatre,NCP(SP),4
Dr. Alok Kumar Suman,JD(U),Dr. Jayanta Kumar Roy,BJP,4
Dr. Alok Kumar Suman,JD(U),Shri Rajesh Naranbhai Chudasama,BJP,4
Shri Balya Mama Suresh Gopinath Mhatre,NCP(SP),Shri Pradeep Purohit,BJP,4
Shri Balya Mama Suresh Gopinath Mhatre,NCP(SP),Shri Dharambir Singh,BJP,4
Shri Amar Sharadrao Kale,NCP(SP),Shri Satish Kumar Gautam,BJP,3
Shri Amar Sharadrao Kale,NCP(SP),Shri Tejasvi Surya,BJP,3
Shri Putta Mahesh Kumar,TDP,Shri Tangella Uday Srinivas,JSP,3
Shri Chavan Ravindra Vasantrao,INC,Smt. Malvika Devi,BJP,3
Shri Hanuman Beniwal,RLP,Shri Rajkumar Roat,BAP,3
Shri Chintamani Maharaj,BJP,Shri Krishna Prasad Tenneti,TDP,3
Shri  Selvaganapathi T.M.,DMK,Shri S Venkatesan,CPI(M),3
Dr. Rajesh Mishra,BJP,Shri Tatkare Sunil Dattatrey,NCP,3
Shri Anil Firojiya,BJP,Shri Dhairyasheel Sambhajirao Mane,SS,3
Shri Avimanyu Sethi,BJP,Shri Chavan Ravindra Vasantrao,INC,3
Shri Bhartruhari Mahtab,BJP,Shri Tatkare Sunil Dattatrey,NCP,3
Shri Bidyut Baran Mahato,BJP,Shri Tatkare Sunil Dattatrey,NCP,3
Shri Tatkare Sunil Dattatrey,NCP,Smt. Kamlesh Jangde,BJP,3
Shri Tatkare Sunil Dattatrey,NCP,Smt. Smita Uday Wagh,BJP,3
Shri G M Harish Balayogi,TDP,Shri Ramesh Awasthi,BJP,3
Shri G M Harish Balayogi,TDP,Shri Sukanta Kumar Panigrahi,BJP,3
Shri Lavu Sri Krishna Devarayalu,TDP,Smt. Roopkumari Choudhary,BJP,3
Shri Avimanyu Sethi,BJP,Shri G M Harish Balayogi,TDP,3
Shri G M Harish Balayogi,TDP,Shri Khagen Murmu,BJP,3
Shri G M Harish Balayogi,TDP,Shri Mahendra Singh Solanky,BJP,3
Shri G M Harish Balayogi,TDP,Shri Tejasvi Surya,BJP,3
Shri G M Harish Balayogi,TDP,Shri Yaduveer Wadiyar,BJP,3
Shri G M Harish Balayogi,TDP,Smt. Sanjna Jatav,INC,3
Shri Yaduveer Wadiyar,BJP,Smt. Sanjna Jatav,INC,3
Shri Ashish Dubey,BJP,Shri Sanjay Haribhau Jadhav,SS,3
Shri Jaswantsinh Sumanbhai Bhabhor,BJP,Shri Sanjay Haribhau Jadhav,SS,3
Shri Jugal Kishore,BJP,Shri Sukhjinder Singh Randhawa,INC,3
Shri Ramesh Awasthi,BJP,Shri Sanjay Haribhau Jadhav,SS,3
Shri Sanjay Haribhau Jadhav,SS,Smt. Kamaljeet Sehrawat,BJP,3
Shri Krishna Prasad Tenneti,TDP,Smt. Anita Nagarsingh Chouhan,BJP,3
Ms. Bansuri Swaraj,BJP,Shri Amar Sharadrao Kale,NCP(SP),3
Shri Arun Govil,BJP,Shri Lavu Sri Krishna Devarayalu,TDP,3
Shri Narayan Tatu Rane,BJP,Shri Sanjay Uttamrao Deshmukh,SS,3
Dr. Rajesh Mishra,BJP,Shri Amar Sharadrao Kale,NCP(SP),3
Shri Amar Sharadrao Kale,NCP(SP),Shri Kali Charan Singh,BJP,3
Shri Anurag Sharma,BJP,Shri Nalin Soren,JMM,3
Shri Bhojraj Nag,BJP,Shri Sunil Kumar,JD(U),3
Shri Kota Srinivasa Poojary,BJP,Shri Sunil Kumar,JD(U),3
Shri Krishna Prasad Tenneti,TDP,Shri Sunil Kumar,JD(U),3
Shri Lumbaram Choudhary,BJP,Shri Sunil Kumar,JD(U),3
Shri Mukeshkumar Chandrakaant Dalal,BJP,Shri Sanjay Haribhau Jadhav,SS,3
Shri Nalin Soren,JMM,Shri Sunil Kumar,JD(U),3
Shri Sanjay Haribhau Jadhav,SS,Shri Shankar Lalwani,BJP,3
Shri Sunil Kumar,JD(U),Shri Yogender Chandolia,BJP,3
Shri Dileshwar Kamait,JD(U),Smt. Smita Uday Wagh,BJP,3
Shri Mani A,DMK,Shri Navaskani K,IUML,3
Shri Jagdambika Pal,BJP,Shri Sunil Kumar,JD(U),3
Shri Sunil Kumar,JD(U),Shri Trivendra Singh Rawat,BJP,3
Shri Anup Sanjay Dhotre,BJP,Shri Sunil Kumar,JD(U),3
Shri Ananta Nayak,BJP,Shri Sunil Kumar,JD(U),3
Shri Captain Brijesh Chowta,BJP,Shri Chandra Prakash Choudhary,AJSU,3
Shri Chandra Prakash Choudhary,AJSU,Shri Jagdambika Pal,BJP,3
Shri Chandra Prakash Choudhary,AJSU,Shri Rodmal Nagar,BJP,3
Shri Chandra Prakash Choudhary,AJSU,Shri Shivmangal Singh Tomar,BJP,3
Shri Chintamani Maharaj,BJP,Shri Kaushalendra Kumar,JD(U),3
Shri Jugal Kishore,BJP,Shri Kaushalendra Kumar,JD(U),3
Shri Sukhjinder Singh Randhawa,INC,Smt. Anita Nagarsingh Chouhan,BJP,3
Dr. Prashant Yadaorao Padole,INC,Dr. Sanjay Jaiswal,BJP,3
Dr. Prashant Yadaorao Padole,INC,Dr. Vinod Kumar Bind,BJP,3
Dr. Prashant Yadaorao Padole,INC,Shri Bibhu Prasad Tarai,BJP,3
Dr. Vinod Kumar Bind,BJP,Shri Amar Sharadrao Kale,NCP(SP),3
Shri Amar Sharadrao Kale,NCP(SP),Shri Gopal Jee Thakur,BJP,3
Shri Amar Sharadrao Kale,NCP(SP),Shri Hasmukhbhai Somabhai Patel,BJP,3
Shri Amar Sharadrao Kale,NCP(SP),Shri Rajesh Naranbhai Chudasama,BJP,3
Dr. Rajkumar Sangwan,RLD,Shri Brijendra Singh Ola,INC,3
Dr. Hemant Vishnu Savara,BJP,Shri G M Harish Balayogi,TDP,3
Dr. Manna Lal Rawat,BJP,Shri G M Harish Balayogi,TDP,3
Shri Amar Sharadrao Kale,NCP(SP),Shri Sukanta Kumar Panigrahi,BJP,3
Shri G M Harish Balayogi,TDP,Shri Gopal Jee Thakur,BJP,3
Shri G M Harish Balayogi,TDP,Shri Rajiv Pratap Rudy,BJP,3
Shri G M Harish Balayogi,TDP,Shri Satish Kumar Gautam,BJP,3
Shri G M Harish Balayogi,TDP,Smt. Kamlesh Jangde,BJP,3
Shri Suresh Kumar Kashyap,BJP,Smt. Sanjna Jatav,INC,3
Shri Anil Firojiya,BJP,Shri Sunil Kumar,JD(U),3
Shri Bharatsinhji Shankarji Dabhi,BJP,Shri Sukhjinder Singh Randhawa,INC,3
Shri Rahul Singh Lodhi,BJP,Smt. Sanjna Jatav,INC,3
Shri Sukhjinder Singh Randhawa,INC,Shri Sunil Kumar,JD(U),3
Shri Anurag Singh Thakur,BJP,Shri Krishna Prasad Tenneti,TDP,3
Shri Amar Sharadrao Kale,NCP(SP),Shri Devusinh Chauhan,BJP,3
Shri Amar Sharadrao Kale,NCP(SP),Shri Pradeep Purohit,BJP,3
Shri Chavan Ravindra Vasantrao,INC,Shri Mahendra Singh Solanky,BJP,3
Shri Chavan Ravindra Vasantrao,INC,Shri Pradeep Purohit,BJP,3
Shri Dhairyasheel Sambhajirao Mane,SS,Shri Mahendra Singh Solanky,BJP,3
Shri Dhairyasheel Sambhajirao Mane,SS,Shri Pradeep Purohit,BJP,3
Shri Krishna Prasad Tenneti,TDP,Shri Pradeep Purohit,BJP,3
Dr. Hemang Joshi,BJP,Shri Sukhjinder Singh Randhawa,INC,3
Dr. Hemant Vishnu Savara,BJP,Shri Sukhjinder Singh Randhawa,INC,3
Shri Amar Sharadrao Kale,NCP(SP),Shri Rajkumar Chahar,BJP,3
Shri Amar Sharadrao Kale,NCP(SP),Shri Sukhjinder Singh Randhawa,INC,3
Shri Avimanyu Sethi,BJP,Shri Sukhjinder Singh Randhawa,INC,3
Shri Bibhu Prasad Tarai,BJP,Shri Sukhjinder Singh Randhawa,INC,3
Shri Kota Srinivasa Poojary,BJP,Shri Sukhjinder Singh Randhawa,INC,3
Shri Mukesh Rajput,BJP,Shri Nalin Soren,JMM,3
Shri Mukeshkumar Chandrakaant Dalal,BJP,Shri Sukhjinder Singh Randhawa,INC,3
Shri Nalin Soren,JMM,Shri Sukhjinder Singh Randhawa,INC,3
Shri Sukhjinder Singh Randhawa,INC,Shri Vijay Kumar Dubey,BJP,3
Shri Ananta Nayak,BJP,Shri G M Harish Balayogi,TDP,3
Shri G M Harish Balayogi,TDP,Smt. Anita Nagarsingh Chouhan,BJP,3
Ms. Bansuri Swaraj,BJP,Shri Sunil Kumar,JD(U),3
Shri Dhairyasheel Sambhajirao Mane,SS,Shri Godam Nagesh,BJP,3
Shri Dileshwar Kamait,JD(U),Shri Kripanath Mallah,BJP,3
Shri Hasmukhbhai Somabhai Patel,BJP,Shri Krishna Prasad Tenneti,TDP,3
Shri Amar Sharadrao Kale,NCP(SP),Shri Anurag Singh Thakur,BJP,3
Shri Shashank Mani,BJP,Shri Sunil Kumar,JD(U),3
Shri Sunil Kumar,JD(U),Smt. D K Aruna,BJP,3
Dr. Rajkumar Sangwan,RLD,Shri Alok Sharma,BJP,3
Dr. Rajkumar Sangwan,RLD,Shri Manoj Tiwari,BJP,3
Dr. Rajkumar Sangwan,RLD,Smt. Kamaljeet Sehrawat,BJP,3
Shri Arun Govil,BJP,Shri Krishna Prasad Tenneti,TDP,3
Shri Bharatsinhji Shankarji Dabhi,BJP,Shri Dhairyasheel Sambhajirao Mane,SS,3
Shri Bharatsinhji Shankarji Dabhi,BJP,Shri Krishna Prasad Tenneti,TDP,3
Shri Dhairyasheel Sambhajirao Mane,SS,Shri Jagdambika Pal,BJP,3
Shri Krishna Prasad Tenneti,TDP,Smt. D K Aruna,BJP,3
Dr. Rajesh Mishra,BJP,Dr. Rajkumar Sangwan,RLD,3
Dr. Rajkumar Sangwan,RLD,Shri Suresh Kumar Kashyap,BJP,3
Shri Chandra Prakash Joshi,BJP,Shri G M Harish Balayogi,TDP,3
Shri Chavda Vinod Lakhamshi,BJP,Shri G M Harish Balayogi,TDP,3
Shri Mukesh Rajput,BJP,Shri Sunil Kumar,JD(U),3
Shri Sunil Kumar,JD(U),Shri Suresh Kumar Kashyap,BJP,3
Shri Anil Yeshwant Desai,SHS(UBT),Shri Sanjay Uttamrao Deshmukh,SS,3
Shri G M Harish Balayogi,TDP,Shri Ravindra Shukla Alias Ravi Kishan,BJP,3
Shri G M Harish Balayogi,TDP,Shri Shankar Lalwani,BJP,3
Ms. Bansuri Swaraj,BJP,Shri Sukhjinder Singh Randhawa,INC,3
Shri Chandra Prakash Joshi,BJP,Shri Sukhjinder Singh Randhawa,INC,3
Shri Ravindra Shukla Alias Ravi Kishan,BJP,Shri Sukhjinder Singh Randhawa,INC,3
Dr. Shivaji Bandappa Kalge,INC,Shri Chandra Prakash Joshi,BJP,3
Dr. Shivaji Bandappa Kalge,INC,Shri Chavda Vinod Lakhamshi,BJP,3
Dr. Shivaji Bandappa Kalge,INC,Shri Shankar Lalwani,BJP,3
Dr. Shivaji Bandappa Kalge,INC,Shri Vishweshwar Hegde Kageri,BJP,3
Shri Bhumare Sandipanrao Asaram,SS,Shri Haribhai Patel,BJP,3
Shri Bhumare Sandipanrao Asaram,SS,Shri Vijay Baghel,BJP,3
Shri Chavan Ravindra Vasantrao,INC,Shri Rajkumar Chahar,BJP,3
Shri Chavan Ravindra Vasantrao,INC,Shri Sunil Kumar,JD(U),3
Shri Dhairyasheel Sambhajirao Mane,SS,Shri Rajkumar Chahar,BJP,3
Shri Dileshwar Kamait,JD(U),Shri Radheshyam Rathiya,BJP,3
Shri Mahesh Kashyap,BJP,Shri Sunil Kumar,JD(U),3
Shri Sunil Kumar,JD(U),Shri Vishnu Dayal Ram,BJP,3
Shri Sunil Kumar,JD(U),Smt. Mahima Kumari Mewar,BJP,3
Dr. Hemant Vishnu Savara,BJP,Dr. Rajkumar Sangwan,RLD,3
Shri Chandan Chauhan,RLD,Shri Krishna Prasad Tenneti,TDP,3
Smt. Roopkumari Choudhary,BJP,Smt. Sanjna Jatav,INC,3
Shri Amar Sharadrao Kale,NCP(SP),Shri Ashok Kumar Rawat,BJP,3
Shri Avimanyu Sethi,BJP,Shri Dileshwar Kamait,JD(U),3
Shri Nalin Soren,JMM,Shri Saumitra Khan,BJP,3
Shri Jai Prakash,BJP,Shri Nalin Soren,JMM,3
Shri Tatkare Sunil Dattatrey,NCP,Smt. Aparajita Sarangi,BJP,3
Shri Captain Brijesh Chowta,BJP,Shri G M Harish Balayogi,TDP,3
Shri Chintamani Maharaj,BJP,Shri Dileshwar Kamait,JD(U),3
Shri Dileshwar Kamait,JD(U),Shri Godam Nagesh,BJP,3
Shri Dileshwar Kamait,JD(U),Shri Rodmal Nagar,BJP,3
Dr. Hemang Joshi,BJP,Shri Dileshwar Kamait,JD(U),3
Dr. M K Vishnu Prasad,INC,Dr. Nishikant Dubey,BJP,3
Shri Gopal Jee Thakur,BJP,Shri Krishna Prasad Tenneti,TDP,3
Shri Chavan Ravindra Vasantrao,INC,Shri Gopal Jee Thakur,BJP,3
Dr. D. Purandeswari,BJP,Shri Vishaldada Prakashbapu Patil,IND.,3
Dr. K Sudhakar,BJP,Shri Sunil Kumar,JD(U),3
Shri Anurag Sharma,BJP,Smt. Sanjna Jatav,INC,3
Shri Chandra Prakash Choudhary,AJSU,Shri Parbhubhai Nagarbhai Vasava,BJP,3
Shri Dhairyasheel Sambhajirao Mane,SS,Shri Rajiv Pratap Rudy,BJP,3
Shri Anoop Pradhan Valmiki,BJP,Shri Sunil Kumar,JD(U),3
Shri Asaduddin Owaisi,AIMIM,Shri Dinesh Chandra Yadav,JD(U),3
Shri Adhikari Deepak Dev,AITC,Shri Janardan Singh Sigriwal,BJP,3
Shri Jaswantsinh Sumanbhai Bhabhor,BJP,Shri Krishna Prasad Tenneti,TDP,3
Shri Sukhjinder Singh Randhawa,INC,Shri Tejasvi Surya,BJP,3
Dr. Hemant Vishnu Savara,BJP,Shri Kaushalendra Kumar,JD(U),3
Shri Chandra Prakash Joshi,BJP,Shri Kaushalendra Kumar,JD(U),3
Shri Gopal Jee Thakur,BJP,Smt. Sanjna Jatav,INC,3
Shri Rajesh Naranbhai Chudasama,BJP,Smt. Sanjna Jatav,INC,3
Ms Kangna Ranaut,BJP,Shri G M Harish Balayogi,TDP,3
Shri Dhairyasheel Sambhajirao Mane,SS,Shri Rodmal Nagar,BJP,3
Shri Anoop Pradhan Valmiki,BJP,Shri Krishna Prasad Tenneti,TDP,3
Shri Chandra Prakash Choudhary,AJSU,Shri Kali Charan Singh,BJP,3
Shri Dilip Saikia,BJP,Shri Sunil Kumar,JD(U),3
Shri Sunil Kumar,JD(U),Smt. Poonamben Hematbhai Maadam,BJP,3
Smt. Poonamben Hematbhai Maadam,BJP,Smt. Sanjna Jatav,INC,3
Shri Chavan Ravindra Vasantrao,INC,Shri Trivendra Singh Rawat,BJP,3
Shri Chavan Ravindra Vasantrao,INC,Shri Vijay Kumar Dubey,BJP,3
Shri Dhairyasheel Sambhajirao Mane,SS,Shri Vijay Kumar Dubey,BJP,3
Shri Krishna Prasad Tenneti,TDP,Shri Parbhubhai Nagarbhai Vasava,BJP,3
Shri Chavan Ravindra Vasantrao,INC,Shri Rajesh Naranbhai Chudasama,BJP,3
Shri Dhairyasheel Sambhajirao Mane,SS,Shri Rajesh Naranbhai Chudasama,BJP,3
Shri Chavan Ravindra Vasantrao,INC,Shri Hasmukhbhai Somabhai Patel,BJP,3
Shri Dhairyasheel Sambhajirao Mane,SS,Shri Hasmukhbhai Somabhai Patel,BJP,3
Shri Mukeshkumar Chandrakaant Dalal,BJP,Shri Vishaldada Prakashbapu Patil,IND.,3
Shri Anurag Singh Thakur,BJP,Shri Dileshwar Kamait,JD(U),3
Shri Dileshwar Kamait,JD(U),Shri Nalin Soren,JMM,3
Shri Dileshwar Kamait,JD(U),Shri Tejasvi Surya,BJP,3
Shri Nalin Soren,JMM,Shri Shashank Mani,BJP,3
Smt. Anita Nagarsingh Chouhan,BJP,Smt. Sanjna Jatav,INC,3
Shri Dileshwar Kamait,JD(U),Shri Lavu Sri Krishna Devarayalu,TDP,3
Shri Bunty Vivek Sahu,BJP,Shri Chandra Prakash Choudhary,AJSU,3
Shri Bharatsinhji Shankarji Dabhi,BJP,Shri Chandra Prakash Choudhary,AJSU,3
Dr. Kalyan Vaijinathrao Kale,INC,Shri Jugal Kishore,BJP,3
Dr. Kalyan Vaijinathrao Kale,INC,Shri Lumbaram Choudhary,BJP,3
Dr. Kalyan Vaijinathrao Kale,INC,Shri Vishnu Dayal Ram,BJP,3
Dr. Kalyan Vaijinathrao Kale,INC,Dr. Nishikant Dubey,BJP,3
Dr. Kalyan Vaijinathrao Kale,INC,Shri Damodar Agrawal,BJP,3
Dr. Kalyan Vaijinathrao Kale,INC,Shri Manish Jaiswal,BJP,3
Dr. Kalyan Vaijinathrao Kale,INC,Smt. Smita Uday Wagh,BJP,3
Dr. Kalyan Vaijinathrao Kale,INC,Smt. Mala Rajya Laxmi Shah,BJP,3
Dr. Bhola Singh,BJP,Shri Chandan Chauhan,RLD,3
Prof. Sougata Ray,AITC,Shri Subbarayan K,CPI,3
Shri Dileshwar Kamait,JD(U),Smt. Bijuli Kalita Medhi,BJP,3
Shri Praveen Patel,BJP,Shri Tatkare Sunil Dattatrey,NCP,3
Dr. Vinod Kumar Bind,BJP,Smt. Vijaylakshmi Devi,JD(U),3
Shri Pratap Chandra Sarangi,BJP,Smt. Vijaylakshmi Devi,JD(U),3
Shri Ananta Nayak,BJP,Smt. Vijaylakshmi Devi,JD(U),3
Shri Tapir Gao,BJP,Smt. Vijaylakshmi Devi,JD(U),3
Shri Anil Yeshwant Desai,SHS(UBT),Shri Omprakash Bhupalsinh Alias Pavan Rajenimbalkar,SS,3
Shri Chandan Chauhan,RLD,Shri Manish Jaiswal,BJP,3
Shri P C Mohan,BJP,Shri Sukhjinder Singh Randhawa,INC,3
Dr. Bhola Singh,BJP,Shri Devesh Shakya,SP,3
Shri Bibhu Prasad Tarai,BJP,Shri Devesh Shakya,SP,3
Shri Lavu Sri Krishna Devarayalu,TDP,Shri Rahul Singh Lodhi,BJP,3
Shri Neeraj Maurya,SP,Smt. Shobhanaben Mahendrasinh Baraiya,BJP,3
Shri Ashish Dubey,BJP,Smt. Vijaylakshmi Devi,JD(U),3
Shri Chandan Chauhan,RLD,Shri Hasmukhbhai Somabhai Patel,BJP,3
Shri Hasmukhbhai Somabhai Patel,BJP,Smt. Vijaylakshmi Devi,JD(U),3
Shri Narayan Tatu Rane,BJP,Smt. Vijaylakshmi Devi,JD(U),3
Smt. Poonamben Hematbhai Maadam,BJP,Smt. Vijaylakshmi Devi,JD(U),3
Shri Chintamani Maharaj,BJP,Smt. Vijaylakshmi Devi,JD(U),3
Shri Biplab Kumar Deb,BJP,Shri Dileshwar Kamait,JD(U),3
Shri Dileshwar Kamait,JD(U),Shri Janardan Singh Sigriwal,BJP,3
Prof. Sougata Ray,AITC,Shri Anand Bhadauria,SP,3
Shri Amar Sharadrao Kale,NCP(SP),Shri Dileshwar Kamait,JD(U),3
Shri  Selvaganapathi T.M.,DMK,Shri Suresh Kumar Shetkar,INC,3
Dr. Rajesh Mishra,BJP,Shri Devesh Shakya,SP,3
Shri Balabhadra Majhi,BJP,Shri Devesh Shakya,SP,3
Shri Praveen Patel,BJP,Smt. Lovely Anand,JD(U),3
Shri Rahul Singh Lodhi,BJP,Smt. Lovely Anand,JD(U),3
Shri Yogender Chandolia,BJP,Smt. Lovely Anand,JD(U),3
Shri Amar Sharadrao Kale,NCP(SP),Shri Parbhubhai Nagarbhai Vasava,BJP,3
Shri Bajrang Manohar Sonwane,NCP(SP),Shri Janardan Mishra,BJP,3
Shri Bajrang Manohar Sonwane,NCP(SP),Shri Lumbaram Choudhary,BJP,3
Shri Bajrang Manohar Sonwane,NCP(SP),Shri P P Chaudhary,BJP,3
Shri Bajrang Manohar Sonwane,NCP(SP),Smt. Shobhanaben Mahendrasinh Baraiya,BJP,3
Shri Chandan Chauhan,RLD,Shri Rajkumar Chahar,BJP,3
Shri Navaskani K,IUML,Shri Rajeev Rai,SP,3
Shri Bibhu Prasad Tarai,BJP,Smt. Lovely Anand,JD(U),3
Shri Godam Nagesh,BJP,Smt. Lovely Anand,JD(U),3
Shri Shankar Lalwani,BJP,Smt. Vijaylakshmi Devi,JD(U),3
Smt. D K Aruna,BJP,Smt. Vijaylakshmi Devi,JD(U),3
Shri Ananta Nayak,BJP,Shri Chandan Chauhan,RLD,3
Shri C N Annadurai,DMK,Shri Dhairyasheel Sambhajirao Mane,SS,3
Shri C N Annadurai,DMK,Shri Sudheer Gupta,BJP,3
Shri Dhairyasheel Sambhajirao Mane,SS,Shri Selvam G,DMK,3
Shri Selvam G,DMK,Shri Sudheer Gupta,BJP,3
Shri Kota Srinivasa Poojary,BJP,Smt. Vijaylakshmi Devi,JD(U),3
Shri Alok Sharma,BJP,Smt. Lovely Anand,JD(U),3
Shri Bidyut Baran Mahato,BJP,Smt. Lovely Anand,JD(U),3
Shri Rajesh Naranbhai Chudasama,BJP,Smt. Lovely Anand,JD(U),3
Shri Rajiv Pratap Rudy,BJP,Smt. Lovely Anand,JD(U),3
Shri Rahul Singh Lodhi,BJP,Smt. Vijaylakshmi Devi,JD(U),3
Shri Ashok Kumar Rawat,BJP,Shri Chandan Chauhan,RLD,3
Shri Chandan Chauhan,RLD,Shri Rahul Singh Lodhi,BJP,3
Shri Chandan Chauhan,RLD,Smt. Himadri Singh,BJP,3
Shri Chavda Vinod Lakhamshi,BJP,Smt. Lovely Anand,JD(U),3
Shri Damodar Agrawal,BJP,Smt. Lovely Anand,JD(U),3
Shri Khagen Murmu,BJP,Smt. Lovely Anand,JD(U),3
Shri Anand Bhadauria,SP,Shri Vijayakumar Alias Vijay Vasanth,INC,3
Shri Praveen Patel,BJP,Shri Sribharat Mathukumilli,TDP,3
Shri Tatkare Sunil Dattatrey,NCP,Shri Yogender Chandolia,BJP,3
Shri Anand Bhadauria,SP,Shri Subbarayan K,CPI,3
Mrs Ruchi Vira,SP,Smt. Sanjna Jatav,INC,3
Shri Mahesh Kashyap,BJP,Smt. Vijaylakshmi Devi,JD(U),3
Shri Rajesh Verma,LJSP(RV),Smt. Bharti Pardhi,BJP,3
Smt. Bharti Pardhi,BJP,Smt. Shambhavi,LJSP(RV),3
Dr. Prashant Yadaorao Padole,INC,Shri Dulu Mahato,BJP,3
Dr. Prashant Yadaorao Padole,INC,Shri Janardan Mishra,BJP,3
Dr. Prashant Yadaorao Padole,INC,Shri Pradeep Kumar Singh,BJP,3
Dr. Prashant Yadaorao Padole,INC,Smt. Aparajita Sarangi,BJP,3
Dr. Prashant Yadaorao Padole,INC,Shri Dilip Saikia,BJP,3
Dr. Prashant Yadaorao Padole,INC,Smt. Kamlesh Jangde,BJP,3
Shri Balwant Baswant Wankhade,INC,Shri Joyanta Basumatary,UPPL,3
Dr. T Sumathy Alias Thamizhachi Thangapandian,DMK,Shri S Venkatesan,CPI(M),3
Shri S Venkatesan,CPI(M),Shri Vijayakumar Alias Vijay Vasanth,INC,3
Shri Hasmukhbhai Somabhai Patel,BJP,Shri Sunil Kumar,JD(U),3
Shri Amar Sharadrao Kale,NCP(SP),Shri Narayan Tatu Rane,BJP,3
Shri Narayan Tatu Rane,BJP,Shri Sunil Kumar,JD(U),3
Shri Sunil Kumar,JD(U),Smt. Anita Subhadarshini,BJP,3
Shri Dileshwar Kamait,JD(U),Shri Ganesh Singh,BJP,3
Shri Radheshyam Rathiya,BJP,Smt. Vijaylakshmi Devi,JD(U),3
Dr. Rajkumar Sangwan,RLD,Shri Jugal Kishore,BJP,3
Shri Rajkumar Chahar,BJP,Smt. Vijaylakshmi Devi,JD(U),3
Dr. Rajkumar Sangwan,RLD,Smt. Smita Uday Wagh,BJP,3
Shri Basavaraj Bommai,BJP,Smt. Vijaylakshmi Devi,JD(U),3
Shri Balwant Baswant Wankhade,INC,Smt. Kamaljeet Sehrawat,BJP,3
Shri Sukhjinder Singh Randhawa,INC,Shri Trivendra Singh Rawat,BJP,3
Dr. Vinod Kumar Bind,BJP,Shri Chandan Chauhan,RLD,3
Shri Amar Sharadrao Kale,NCP(SP),Shri Chandan Chauhan,RLD,3
Shri Chandan Chauhan,RLD,Shri Jaswantsinh Sumanbhai Bhabhor,BJP,3
Shri Balwant Baswant Wankhade,INC,Shri P P Chaudhary,BJP,3
Dr. Rajkumar Sangwan,RLD,Shri Naba Charan Majhi,BJP,3
Shri Kanwar Singh Tanwar,BJP,Shri Nalin Soren,JMM,3
Shri M K Raghavan,INC,Shri N K Premachandran,RSP,3
Shri Biplab Kumar Deb,BJP,Shri Chandan Chauhan,RLD,3
Shri  Selvaganapathi T.M.,DMK,Shri Eatala Rajender,BJP,3
Shri Chandan Chauhan,RLD,Shri Jashubhai Bhilubhai Rathva,BJP,3
Shri Dileshwar Kamait,JD(U),Shri Kanwar Singh Tanwar,BJP,3
Dr. Prashant Yadaorao Padole,INC,Shri Anurag Singh Thakur,BJP,3
Dr. Prashant Yadaorao Padole,INC,Shri Narayan Tatu Rane,BJP,3
Shri Dharmendra Yadav,SP,Shri Sanjay Haribhau Jadhav,SS,3
Shri Sanatan Pandey,SP,Shri Saumitra Khan,BJP,3
Shri Hanuman Beniwal,RLP,Shri Ummeda Ram Beniwal,INC,3
Shri Lavu Sri Krishna Devarayalu,TDP,Shri Mohibbullah,SP,3
Dr. Prashant Yadaorao Padole,INC,Shri Kripanath Mallah,BJP,3
Shri Pradyut Bordoloi,Unknown,Smt. Jyotsna Charandas Mahant,INC,3
Smt. Sandhya Ray,BJP,Smt. Vijaylakshmi Devi,JD(U),3
Shri Madhavaneni Raghunandan Rao,BJP,Smt. Vijaylakshmi Devi,JD(U),3
Ms. Bansuri Swaraj,BJP,Smt. Vijaylakshmi Devi,JD(U),3
Shri Chandan Chauhan,RLD,Shri Godam Nagesh,BJP,3
Shri Anurag Sharma,BJP,Smt. Vijaylakshmi Devi,JD(U),3
Shri Krishna Prasad Tenneti,TDP,Shri Y S Avinash Reddy,YSRCP,3
Shri Benny Behanan,INC,Shri Pradyut Bordoloi,Unknown,3
Shri Pradyut Bordoloi,Unknown,Shri Saptagiri Sankar Ulaka,INC,3
Shri K C Venugopal,INC,Shri Pradyut Bordoloi,Unknown,3
Shri Chhatrapal Singh Gangwar,BJP,Shri Sukhjinder Singh Randhawa,INC,3
Dr. Prashant Yadaorao Padole,INC,Shri Jashubhai Bhilubhai Rathva,BJP,3
Dr. Prashant Yadaorao Padole,INC,Shri Bhartruhari Mahtab,BJP,3
Dr. Mohammad Jawed,INC,Shri S Venkatesan,CPI(M),3
Shri Sanatan Pandey,SP,Smt. Vijaylakshmi Devi,JD(U),3
Dr. Rajkumar Sangwan,RLD,Ms Iqra Choudhary,SP,3
Shri Chandan Chauhan,RLD,Shri Madhavaneni Raghunandan Rao,BJP,3
Ms Kangna Ranaut,BJP,Shri Shrirang Appa Chandu Barne,SS,3
Shri P C Mohan,BJP,Shri Shrirang Appa Chandu Barne,SS,3
Shri Ravindra Shukla Alias Ravi Kishan,BJP,Shri Shrirang Appa Chandu Barne,SS,3
Dr. K Sudhakar,BJP,Shri Shrirang Appa Chandu Barne,SS,3
Shri Dharambir Singh,BJP,Shri Shrirang Appa Chandu Barne,SS,3
Shri Shrirang Appa Chandu Barne,SS,Smt. Smita Uday Wagh,BJP,3
Shri Madhavaneni Raghunandan Rao,BJP,Shri Shrirang Appa Chandu Barne,SS,3
Shri Bidyut Baran Mahato,BJP,Shri Shrirang Appa Chandu Barne,SS,3
Shri Jai Prakash,BJP,Shri Shrirang Appa Chandu Barne,SS,3
Shri K Radhakrishnan,CPI(M),Shri Vijayakumar Alias Vijay Vasanth,INC,3
Shri Narayan Tatu Rane,BJP,Shri Omprakash Bhupalsinh Alias Pavan Rajenimbalkar,SS,3
Shri Chandra Prakash Choudhary,AJSU,Shri Dhaval Laxmanbhai Patel,BJP,3
Shri Joyanta Basumatary,UPPL,Shri Pradyut Bordoloi,Unknown,3
Smt. Geniben Nagaji Thakor,INC,Smt. Mala Roy,AITC,3
Adv Dean Kuriakose,INC,Prof. Sougata Ray,AITC,3
Dr. Kirsan Namdeo,INC,Smt. Sajda Ahmed,AITC,3
Prof. Sougata Ray,AITC,Shri Hibi Eden,INC,3
Prof. Sougata Ray,AITC,Shri K C Venugopal,INC,3
Prof. Sougata Ray,AITC,Shri Saptagiri Sankar Ulaka,INC,3
Shri Anand Bhadauria,SP,Shri K C Venugopal,INC,3
Shri Anand Bhadauria,SP,Smt. Sajda Ahmed,AITC,3
Shri Hibi Eden,INC,Smt. Sajda Ahmed,AITC,3
Shri K C Venugopal,INC,Smt. Sajda Ahmed,AITC,3
Dr. Shivaji Bandappa Kalge,INC,Shri Manish Jaiswal,BJP,3
Prof. Sougata Ray,AITC,Shri Anto Antony,INC,3
Dr. M P Abdussamad Samadani,IUML,Shri K Sudhakaran,INC,3
Dr. M P Abdussamad Samadani,IUML,Shri Tanuj Punia,INC,3
Dr. Shivaji Bandappa Kalge,INC,Shri Kanwar Singh Tanwar,BJP,3
Dr. Alok Kumar Suman,JD(U),Shri Jagdambika Pal,BJP,3
Dr. Alok Kumar Suman,JD(U),Shri Lumbaram Choudhary,BJP,3
Dr. Alok Kumar Suman,JD(U),Shri Manoj Tiwari,BJP,3
Adv Gowaal Kagada Padavi,INC,Dr. M P Abdussamad Samadani,IUML,3
Shri Balya Mama Suresh Gopinath Mhatre,NCP(SP),Shri Biplab Kumar Deb,BJP,3
Dr. Shivaji Bandappa Kalge,INC,Smt. Aparajita Sarangi,BJP,3
Dr. Mohammad Jawed,INC,Shri Rajesh Ranjan,IND.,3
Dr. Hemant Vishnu Savara,BJP,Dr. Shivaji Bandappa Kalge,INC,3
Dr. Shivaji Bandappa Kalge,INC,Shri Bibhu Prasad Tarai,BJP,3
Dr. Shivaji Bandappa Kalge,INC,Shri Ganesh Singh,BJP,3
Dr. Shivaji Bandappa Kalge,INC,Smt. Himadri Singh,BJP,3
Shri Anup Sanjay Dhotre,BJP,Shri Balya Mama Suresh Gopinath Mhatre,NCP(SP),3
Shri Balya Mama Suresh Gopinath Mhatre,NCP(SP),Shri Miteshbhai Rameshbhai Patel,BJP,3
Adv Gowaal Kagada Padavi,INC,Shri Rajesh Ranjan,IND.,3
Com. Selvaraj V,CPI,Shri S Venkatesan,CPI(M),3
Shri S Venkatesan,CPI(M),Shri Subbarayan K,CPI,3
Dr. Amar Singh,INC,Shri K Radhakrishnan,CPI(M),3
Shri Balabhadra Majhi,BJP,Shri Balya Mama Suresh Gopinath Mhatre,NCP(SP),3
Shri Balya Mama Suresh Gopinath Mhatre,NCP(SP),Shri Jaswantsinh Sumanbhai Bhabhor,BJP,3
Shri Balya Mama Suresh Gopinath Mhatre,NCP(SP),Shri Jugal Kishore,BJP,3
Shri K Radhakrishnan,CPI(M),Shri K Sudhakaran,INC,3
Shri Arvind Dharmapuri,BJP,Shri Balya Mama Suresh Gopinath Mhatre,NCP(SP),3
Shri Bidyut Baran Mahato,BJP,Shri Murari Lal Meena,INC,3
Shri Dharambir Singh,BJP,Shri Murari Lal Meena,INC,3
Shri Dilip Saikia,BJP,Shri Murari Lal Meena,INC,3
Shri Anand Bhadauria,SP,Shri S Venkatesan,CPI(M),3
Shri K Sudhakaran,INC,Shri Pradyut Bordoloi,Unknown,3
Shri Dhaval Laxmanbhai Patel,BJP,Shri Murari Lal Meena,INC,3
Shri Murari Lal Meena,INC,Shri Vijay Baghel,BJP,3
Shri Balya Mama Suresh Gopinath Mhatre,NCP(SP),Shri Parbhubhai Nagarbhai Vasava,BJP,3
Shri Arvind Dharmapuri,BJP,Shri Murari Lal Meena,INC,3
Dr. Alok Kumar Suman,JD(U),Shri Brijmohan Agrawal,BJP,3
Dr. Alok Kumar Suman,JD(U),Shri P P Chaudhary,BJP,3
Dr. Alok Kumar Suman,JD(U),Shri Pradeep Purohit,BJP,3
Dr. Alok Kumar Suman,JD(U),Smt. Sangeeta Kumari Singh Deo,BJP,3
Dr. Rajeev Bharadwaj,BJP,Shri Balya Mama Suresh Gopinath Mhatre,NCP(SP),3
Dr. Rajeev Bharadwaj,BJP,Shri Satpal Brahamchari,INC,3
Ms Kangna Ranaut,BJP,Shri Balya Mama Suresh Gopinath Mhatre,NCP(SP),3
Shri Murari Lal Meena,INC,Shri Rajesh Naranbhai Chudasama,BJP,3
Dr. Mohammad Jawed,INC,Shri Vishaldada Prakashbapu Patil,IND.,3
Shri Saptagiri Sankar Ulaka,INC,Shri Vishaldada Prakashbapu Patil,IND.,3
Shri Balya Mama Suresh Gopinath Mhatre,NCP(SP),Shri Dilip Saikia,BJP,3
Dr. Alok Kumar Suman,JD(U),Dr. Pradeep Kumar Panigrahy,BJP,3
Dr. Alok Kumar Suman,JD(U),Dr. Hemant Vishnu Savara,BJP,3
Dr. Alok Kumar Suman,JD(U),Smt. Kamaljeet Sehrawat,BJP,3
Dr. Alok Kumar Suman,JD(U),Shri Khagen Murmu,BJP,3
Dr. Alok Kumar Suman,JD(U),Shri Miteshbhai Rameshbhai Patel,BJP,3
Dr. Prashant Yadaorao Padole,INC,Smt. Poonamben Hematbhai Maadam,BJP,2
Shri Tanuj Punia,INC,Shri Vijay Kumar Hansdak,JMM,2
Shri Arun Govil,BJP,Smt. Sanjna Jatav,INC,2
Shri Jashubhai Bhilubhai Rathva,BJP,Smt. Sanjna Jatav,INC,2
Shri Shafi Parambil,INC,Smt. June Maliah,AITC,2
Shri Amra Ram,CPI(M),Shri Rahul Kaswan,INC,2
Shri Kanwar Singh Tanwar,BJP,Shri Krishna Prasad Tenneti,TDP,2
Shri Jai Parkash,INC,Shri Sanatan Pandey,SP,2
Shri Anil Firojiya,BJP,Shri Chavan Ravindra Vasantrao,INC,2
Shri Anil Firojiya,BJP,Shri Tatkare Sunil Dattatrey,NCP,2
Shri Chandra Prakash Joshi,BJP,Shri Tatkare Sunil Dattatrey,NCP,2
Shri Chavan Ravindra Vasantrao,INC,Shri Shashank Mani,BJP,2
Shri Dhairyasheel Sambhajirao Mane,SS,Shri Rahul Singh Lodhi,BJP,2
Shri Dilip Saikia,BJP,Shri Tatkare Sunil Dattatrey,NCP,2
Shri Dineshbhai Makwana,BJP,Shri Tatkare Sunil Dattatrey,NCP,2
Shri Manoj Tiwari,BJP,Shri Tatkare Sunil Dattatrey,NCP,2
Shri Naba Charan Majhi,BJP,Shri Tatkare Sunil Dattatrey,NCP,2
Shri Rahul Singh Lodhi,BJP,Shri Tatkare Sunil Dattatrey,NCP,2
Shri Anurag Sharma,BJP,Shri G M Harish Balayogi,TDP,2
Shri G M Harish Balayogi,TDP,Shri Haribhai Patel,BJP,2
Shri G M Harish Balayogi,TDP,Shri Mukeshkumar Chandrakaant Dalal,BJP,2
Shri G M Harish Balayogi,TDP,Shri P C Mohan,BJP,2
Shri Bunty Vivek Sahu,BJP,Shri Lavu Sri Krishna Devarayalu,TDP,2
Shri Sanjay Uttamrao Deshmukh,SS,Smt. Delkar Kalaben Mohanbhai,BJP,2
Dr. Rajkumar Sangwan,RLD,Shri Rahul Kaswan,INC,2
Dr. Rajkumar Sangwan,RLD,Smt. Sanjna Jatav,INC,2
Shri Arvind Ganpat Sawant,SHS(UBT),Shri K Radhakrishnan,CPI(M),2
Shri Arvind Dharmapuri,BJP,Shri Chandra Prakash Choudhary,AJSU,2
Shri Chandra Prakash Choudhary,AJSU,Shri Chintamani Maharaj,BJP,2
Shri Chandra Prakash Choudhary,AJSU,Shri Trivendra Singh Rawat,BJP,2
Shri Bunty Vivek Sahu,BJP,Shri G M Harish Balayogi,TDP,2
Shri G M Harish Balayogi,TDP,Shri Trivendra Singh Rawat,BJP,2
Shri G M Harish Balayogi,TDP,Shri Vishnu Dayal Ram,BJP,2
Shri Ashish Dubey,BJP,Shri Sukhjinder Singh Randhawa,INC,2
Shri Dulu Mahato,BJP,Shri Sanjay Haribhau Jadhav,SS,2
Shri Janardan Mishra,BJP,Shri Sanjay Haribhau Jadhav,SS,2
Shri Sanjay Haribhau Jadhav,SS,Shri Sukhjinder Singh Randhawa,INC,2
Shri Sanjay Haribhau Jadhav,SS,Shri Vijay Baghel,BJP,2
Shri Sanjay Haribhau Jadhav,SS,Smt. Himadri Singh,BJP,2
Shri Chandra Prakash Choudhary,AJSU,Shri Jashubhai Bhilubhai Rathva,BJP,2
Shri Krishna Prasad Tenneti,TDP,Smt. Malvika Devi,BJP,2
Shri Anurag Singh Thakur,BJP,Shri Lavu Sri Krishna Devarayalu,TDP,2
Ms. Bansuri Swaraj,BJP,Shri Lavu Sri Krishna Devarayalu,TDP,2
Dr. Byreddy Shabari,TDP,Dr. Manna Lal Rawat,BJP,2
Dr. Byreddy Shabari,TDP,Shri Alok Sharma,BJP,2
Dr. Byreddy Shabari,TDP,Shri Bhartruhari Mahtab,BJP,2
Dr. Byreddy Shabari,TDP,Shri Damodar Agrawal,BJP,2
Dr. Byreddy Shabari,TDP,Shri Dilip Saikia,BJP,2
Dr. Byreddy Shabari,TDP,Shri Dineshbhai Makwana,BJP,2
Dr. Byreddy Shabari,TDP,Shri Mahendra Singh Solanky,BJP,2
Dr. Byreddy Shabari,TDP,Shri Suresh Kumar Kashyap,BJP,2
Dr. Byreddy Shabari,TDP,Smt. Kamlesh Jangde,BJP,2
Dr. Byreddy Shabari,TDP,Smt. Shobhanaben Mahendrasinh Baraiya,BJP,2
Dr. Bhola Singh,BJP,Shri Sanjay Haribhau Jadhav,SS,2
Dr. Hemang Joshi,BJP,Shri Sanjay Haribhau Jadhav,SS,2
Dr. Hemang Joshi,BJP,Shri Sunil Kumar,JD(U),2
Dr. Nishikant Dubey,BJP,Shri Sanjay Haribhau Jadhav,SS,2
Dr. Rajesh Mishra,BJP,Shri Sanjay Haribhau Jadhav,SS,2
Shri Anurag Sharma,BJP,Shri Sanjay Haribhau Jadhav,SS,2
Shri Anurag Sharma,BJP,Shri Sunil Kumar,JD(U),2
Shri Ashish Dubey,BJP,Shri Krishna Prasad Tenneti,TDP,2
Shri Avimanyu Sethi,BJP,Shri Sanjay Haribhau Jadhav,SS,2
Shri Bhartruhari Mahtab,BJP,Shri Sanjay Haribhau Jadhav,SS,2
Shri Bibhu Prasad Tarai,BJP,Shri Sanjay Haribhau Jadhav,SS,2
Shri Captain Brijesh Chowta,BJP,Shri Sanjay Haribhau Jadhav,SS,2
Shri Captain Brijesh Chowta,BJP,Shri Sunil Kumar,JD(U),2
Shri Kali Charan Singh,BJP,Shri Sunil Kumar,JD(U),2
Shri Khagen Murmu,BJP,Shri Sanjay Haribhau Jadhav,SS,2
Shri Krishna Prasad Tenneti,TDP,Shri Miteshbhai Rameshbhai Patel,BJP,2
Shri Pradeep Kumar Singh,BJP,Shri Sanjay Haribhau Jadhav,SS,2
Shri Radheshyam Rathiya,BJP,Shri Sanjay Haribhau Jadhav,SS,2
Shri Radheshyam Rathiya,BJP,Shri Sunil Kumar,JD(U),2
Shri Rahul Singh Lodhi,BJP,Shri Sanjay Haribhau Jadhav,SS,2
Shri Ravindra Shukla Alias Ravi Kishan,BJP,Shri Sanjay Haribhau Jadhav,SS,2
Shri Sunil Kumar,JD(U),Smt. Himadri Singh,BJP,2
Dr. Bhola Singh,BJP,Shri Dileshwar Kamait,JD(U),2
Shri Amar Sharadrao Kale,NCP(SP),Shri Bharatsinhji Shankarji Dabhi,BJP,2
Shri Sunil Kumar,JD(U),Smt. Malvika Devi,BJP,2
Dr. K Sudhakar,BJP,Shri Amar Sharadrao Kale,NCP(SP),2
Shri Amar Sharadrao Kale,NCP(SP),Shri Anoop Pradhan Valmiki,BJP,2
Dr. Sanjay Jaiswal,BJP,Shri Kaushalendra Kumar,JD(U),2
Shri Alok Sharma,BJP,Shri Kaushalendra Kumar,JD(U),2
Shri Anup Sanjay Dhotre,BJP,Shri Sukhjinder Singh Randhawa,INC,2
Shri Chandra Prakash Choudhary,AJSU,Shri Devusinh Chauhan,BJP,2
Shri Devusinh Chauhan,BJP,Shri Kaushalendra Kumar,JD(U),2
Shri Dulu Mahato,BJP,Shri Kaushalendra Kumar,JD(U),2
Shri Kanwar Singh Tanwar,BJP,Shri Sukhjinder Singh Randhawa,INC,2
Shri Kaushalendra Kumar,JD(U),Shri Lumbaram Choudhary,BJP,2
Shri Kaushalendra Kumar,JD(U),Shri Shivmangal Singh Tomar,BJP,2
Shri Kaushalendra Kumar,JD(U),Smt. Anita Nagarsingh Chouhan,BJP,2
Shri Kaushalendra Kumar,JD(U),Smt. Himadri Singh,BJP,2
Shri Kaushalendra Kumar,JD(U),Smt. Kamlesh Jangde,BJP,2
Shri Kaushalendra Kumar,JD(U),Smt. Mala Rajya Laxmi Shah,BJP,2
Shri Rodmal Nagar,BJP,Shri Sukhjinder Singh Randhawa,INC,2
Shri Sukhjinder Singh Randhawa,INC,Smt. Mahima Kumari Mewar,BJP,2
Shri Bunty Vivek Sahu,BJP,Shri Krishna Prasad Tenneti,TDP,2
Dr. Hemant Vishnu Savara,BJP,Dr. Prashant Yadaorao Padole,INC,2
Dr. Nishikant Dubey,BJP,Dr. Prashant Yadaorao Padole,INC,2
Dr. Prashant Yadaorao Padole,INC,Shri Damodar Agrawal,BJP,2
Dr. Prashant Yadaorao Padole,INC,Shri Mukeshkumar Chandrakaant Dalal,BJP,2
Dr. Prashant Yadaorao Padole,INC,Shri P P Chaudhary,BJP,2
Dr. Prashant Yadaorao Padole,INC,Shri Pratap Chandra Sarangi,BJP,2
Dr. Prashant Yadaorao Padole,INC,Shri Ramesh Awasthi,BJP,2
Dr. Prashant Yadaorao Padole,INC,Shri Shankar Lalwani,BJP,2
Shri B K Parthasarathi,TDP,Shri Tangella Uday Srinivas,JSP,2
Shri G M Harish Balayogi,TDP,Shri Jagdambika Pal,BJP,2
Shri G M Harish Balayogi,TDP,Shri Janardan Mishra,BJP,2
Shri Rajesh Naranbhai Chudasama,BJP,Smt. Jyotsna Charandas Mahant,INC,2
Shri Rahul Singh Lodhi,BJP,Shri Sukhjinder Singh Randhawa,INC,2
Shri Gurmeet Singh Meet Hayer,AAP,Smt. Harsimrat Kaur Badal,SAD,2
Shri Amar Sharadrao Kale,NCP(SP),Shri Chavan Ravindra Vasantrao,INC,2
Shri Amar Sharadrao Kale,NCP(SP),Smt. Malvika Devi,BJP,2
Shri Ashish Dubey,BJP,Shri Chavan Ravindra Vasantrao,INC,2
Shri Ashish Dubey,BJP,Shri Dhairyasheel Sambhajirao Mane,SS,2
Shri Devusinh Chauhan,BJP,Shri Dhairyasheel Sambhajirao Mane,SS,2
Shri Devusinh Chauhan,BJP,Shri Krishna Prasad Tenneti,TDP,2
Shri Devusinh Chauhan,BJP,Shri Nalin Soren,JMM,2
Dr. Nishikant Dubey,BJP,Shri Sukhjinder Singh Randhawa,INC,2
Shri Amar Sharadrao Kale,NCP(SP),Shri Mukesh Rajput,BJP,2
Shri Ananta Nayak,BJP,Shri Sukhjinder Singh Randhawa,INC,2
Shri Jashubhai Bhilubhai Rathva,BJP,Shri Sukhjinder Singh Randhawa,INC,2
Shri Satish Kumar Gautam,BJP,Shri Sukhjinder Singh Randhawa,INC,2
Shri Manish Tewari,INC,Smt. Sajda Ahmed,AITC,2
Dr. Prashant Yadaorao Padole,INC,Shri Jagdambika Pal,BJP,2
Shri  Selvaganapathi T.M.,DMK,Shri Chavan Ravindra Vasantrao,INC,2
Dr. Kadiyam Kavya,INC,Shri Lavu Sri Krishna Devarayalu,TDP,2
Shri G M Harish Balayogi,TDP,Smt. Malvika Devi,BJP,2
Dr. M K Vishnu Prasad,INC,Thiru Thanga Tamilselvan,DMK,2
Dr. Manna Lal Rawat,BJP,Shri Sunil Kumar,JD(U),2
Shri Chavan Ravindra Vasantrao,INC,Shri Godam Nagesh,BJP,2
Dr. Prashant Yadaorao Padole,INC,Shri Anurag Sharma,BJP,2
Shri Rajkumar Chahar,BJP,Smt. Rachna Banerjee,AITC,2
Shri Tejasvi Surya,BJP,Smt. Rachna Banerjee,AITC,2
Shri Vijay Kumar Dubey,BJP,Smt. Rachna Banerjee,AITC,2
Shri Lavu Sri Krishna Devarayalu,TDP,Smt. Malvika Devi,BJP,2
Shri Mahesh Kashyap,BJP,Smt. Geniben Nagaji Thakor,INC,2
Shri Krishna Prasad Tenneti,TDP,Shri Shashank Mani,BJP,2
Shri Dileshwar Kamait,JD(U),Shri Mahesh Kashyap,BJP,2
Shri Amar Sharadrao Kale,NCP(SP),Shri Jyotirmay Singh Mahato,BJP,2
Shri Anurag Singh Thakur,BJP,Shri Sunil Kumar,JD(U),2
Shri Dhairyasheel Sambhajirao Mane,SS,Shri Jyotirmay Singh Mahato,BJP,2
Shri Jyotirmay Singh Mahato,BJP,Shri Sunil Kumar,JD(U),2
Dr. Rajkumar Sangwan,RLD,Shri Amar Sharadrao Kale,NCP(SP),2
Shri Bidyut Baran Mahato,BJP,Shri Murasoli S,DMK,2
Shri Dineshbhai Makwana,BJP,Shri Murasoli S,DMK,2
Shri Dulu Mahato,BJP,Shri Murasoli S,DMK,2
Shri Krishna Prasad Tenneti,TDP,Shri Suresh Kumar Kashyap,BJP,2
Shri Mukeshkumar Chandrakaant Dalal,BJP,Shri Murasoli S,DMK,2
Shri Murasoli S,DMK,Shri Yogender Chandolia,BJP,2
Dr. Nishikant Dubey,BJP,Dr. Rajkumar Sangwan,RLD,2
Dr. Rajkumar Sangwan,RLD,Shri Chandra Prakash Joshi,BJP,2
Dr. Rajkumar Sangwan,RLD,Shri Manish Jaiswal,BJP,2
Dr. Rajkumar Sangwan,RLD,Shri Sunil Kumar,JD(U),2
Ms. Bansuri Swaraj,BJP,Shri G M Harish Balayogi,TDP,2
Shri Alok Sharma,BJP,Shri Sunil Kumar,JD(U),2
Shri G M Harish Balayogi,TDP,Shri Mukesh Rajput,BJP,2
Shri G M Harish Balayogi,TDP,Shri Sunil Kumar,JD(U),2
Dr. Manna Lal Rawat,BJP,Shri Sanjay Haribhau Jadhav,SS,2
Shri G M Harish Balayogi,TDP,Shri Jaswantsinh Sumanbhai Bhabhor,BJP,2
Shri Sukhjinder Singh Randhawa,INC,Shri Tapir Gao,BJP,2
Dr. Shivaji Bandappa Kalge,INC,Shri Dileshwar Kamait,JD(U),2
Dr. Shivaji Bandappa Kalge,INC,Shri Haribhai Patel,BJP,2
Dr. Shivaji Bandappa Kalge,INC,Shri Khagen Murmu,BJP,2
Dr. Shivaji Bandappa Kalge,INC,Shri Kota Srinivasa Poojary,BJP,2
Dr. Shivaji Bandappa Kalge,INC,Shri Vishnu Dayal Ram,BJP,2
Shri Bhartruhari Mahtab,BJP,Shri Bhumare Sandipanrao Asaram,SS,2
Shri Bhumare Sandipanrao Asaram,SS,Shri Dileshwar Kamait,JD(U),2
Shri Bhumare Sandipanrao Asaram,SS,Shri Jaswantsinh Sumanbhai Bhabhor,BJP,2
Shri Bhumare Sandipanrao Asaram,SS,Shri Khagen Murmu,BJP,2
Shri Bhumare Sandipanrao Asaram,SS,Shri Rajkumar Chahar,BJP,2
Shri Bhumare Sandipanrao Asaram,SS,Shri Satish Kumar Gautam,BJP,2
Shri Bhumare Sandipanrao Asaram,SS,Shri Vishweshwar Hegde Kageri,BJP,2
Shri Chavan Ravindra Vasantrao,INC,Shri Jashubhai Bhilubhai Rathva,BJP,2
Shri Dhairyasheel Sambhajirao Mane,SS,Shri Dileshwar Kamait,JD(U),2
Shri Dhairyasheel Sambhajirao Mane,SS,Shri Jashubhai Bhilubhai Rathva,BJP,2
Shri Dileshwar Kamait,JD(U),Shri Rajpalsinh Mahendrasinh Jadav,BJP,2
Shri Dileshwar Kamait,JD(U),Shri Shivmangal Singh Tomar,BJP,2
Shri Haribhai Patel,BJP,Shri Sunil Kumar,JD(U),2
Shri Rajpalsinh Mahendrasinh Jadav,BJP,Shri Sunil Kumar,JD(U),2
Dr. Ganapathy Rajkumar P,DMK,Shri N K Premachandran,RSP,2
Shri N K Premachandran,RSP,Thiru Thanga Tamilselvan,DMK,2
Dr. Rajkumar Sangwan,RLD,Shri Vijay Kumar Dubey,BJP,2
Shri Balabhadra Majhi,BJP,Smt. Rachna Banerjee,AITC,2
Shri K Radhakrishnan,CPI(M),Shri Karti P Chidambaram,INC,2
Dr. Amar Singh,INC,Prof. Sougata Ray,AITC,2
Prof. Sougata Ray,AITC,Shri Benny Behanan,INC,2
Prof. Sougata Ray,AITC,Shri Manish Tewari,INC,2
Shri Balabhadra Majhi,BJP,Shri Sanjay Haribhau Jadhav,SS,2
Shri Amar Sharadrao Kale,NCP(SP),Shri Kripanath Mallah,BJP,2
Shri Dhairyasheel Sambhajirao Mane,SS,Shri Kripanath Mallah,BJP,2
Shri Ananta Nayak,BJP,Shri Dileshwar Kamait,JD(U),2
Dr. K Sudhakar,BJP,Shri G Lakshminarayana,TDP,2
Shri Ashok Kumar Rawat,BJP,Shri Nalin Soren,JMM,2
Shri Kripanath Mallah,BJP,Shri Nalin Soren,JMM,2
Shri Nalin Soren,JMM,Shri Rajpalsinh Mahendrasinh Jadav,BJP,2
Shri Jashubhai Bhilubhai Rathva,BJP,Shri Lavu Sri Krishna Devarayalu,TDP,2
Shri Amar Sharadrao Kale,NCP(SP),Shri Rodmal Nagar,BJP,2
Dr. Manna Lal Rawat,BJP,Shri Tatkare Sunil Dattatrey,NCP,2
Shri Amar Sharadrao Kale,NCP(SP),Shri Madhavaneni Raghunandan Rao,BJP,2
Shri Amar Sharadrao Kale,NCP(SP),Shri Rajpalsinh Mahendrasinh Jadav,BJP,2
Shri Amar Sharadrao Kale,NCP(SP),Shri Tatkare Sunil Dattatrey,NCP,2
Shri Anurag Singh Thakur,BJP,Shri Tatkare Sunil Dattatrey,NCP,2
Shri Balabhadra Majhi,BJP,Shri Tatkare Sunil Dattatrey,NCP,2
Shri Chavda Vinod Lakhamshi,BJP,Shri Tatkare Sunil Dattatrey,NCP,2
Shri Godam Nagesh,BJP,Shri Tatkare Sunil Dattatrey,NCP,2
Shri Janardan Mishra,BJP,Shri Tatkare Sunil Dattatrey,NCP,2
Shri Kali Charan Singh,BJP,Shri Tatkare Sunil Dattatrey,NCP,2
Shri Pradeep Purohit,BJP,Shri Tatkare Sunil Dattatrey,NCP,2
Shri Radheshyam Rathiya,BJP,Shri Tatkare Sunil Dattatrey,NCP,2
Shri Tatkare Sunil Dattatrey,NCP,Shri Yaduveer Wadiyar,BJP,2
Shri Nalin Soren,JMM,Shri Rajiv Pratap Rudy,BJP,2
Shri Amarsing Tisso,BJP,Shri Sunil Kumar,JD(U),2
Shri Arun Govil,BJP,Shri Dileshwar Kamait,JD(U),2
Shri Captain Brijesh Chowta,BJP,Shri Dileshwar Kamait,JD(U),2
Shri Chintamani Maharaj,BJP,Shri G M Harish Balayogi,TDP,2
Shri Dileshwar Kamait,JD(U),Shri G M Harish Balayogi,TDP,2
Shri G M Harish Balayogi,TDP,Smt. Himadri Singh,BJP,2
Shri Rodmal Nagar,BJP,Shri Sunil Kumar,JD(U),2
Shri Sanjay Haribhau Jadhav,SS,Smt. Mahima Kumari Mewar,BJP,2
Shri G M Harish Balayogi,TDP,Shri Madhavaneni Raghunandan Rao,BJP,2
Dr. M K Vishnu Prasad,INC,Shri Bhartruhari Mahtab,BJP,2
Dr. M K Vishnu Prasad,INC,Shri Khagen Murmu,BJP,2
Dr. M K Vishnu Prasad,INC,Shri Kota Srinivasa Poojary,BJP,2
Dr. M K Vishnu Prasad,INC,Shri P P Chaudhary,BJP,2
Shri Kaushalendra Kumar,JD(U),Smt. Kamaljeet Sehrawat,BJP,2
Shri Anurag Sharma,BJP,Shri Chavan Ravindra Vasantrao,INC,2
Shri Chandra Prakash Choudhary,AJSU,Shri Chandra Prakash Joshi,BJP,2
Shri Chandra Prakash Choudhary,AJSU,Shri Rajiv Pratap Rudy,BJP,2
Shri Rajiv Pratap Rudy,BJP,Smt. Sanjna Jatav,INC,2
Ms Kangna Ranaut,BJP,Shri Sunil Kumar,JD(U),2
Shri Chandra Prakash Choudhary,AJSU,Shri Sunil Kumar,JD(U),2
Shri Lavu Sri Krishna Devarayalu,TDP,Shri Sunil Kumar,JD(U),2
Shri G M Harish Balayogi,TDP,Shri Parbhubhai Nagarbhai Vasava,BJP,2
Shri G M Harish Balayogi,TDP,Shri Shashank Mani,BJP,2
Shri Dileshwar Kamait,JD(U),Shri Krishna Prasad Tenneti,TDP,2
Shri Dhairyasheel Sambhajirao Mane,SS,Shri Sukhjinder Singh Randhawa,INC,2
Shri Sudheer Gupta,BJP,Shri Sukhjinder Singh Randhawa,INC,2
Dr. K Sudhakar,BJP,Shri Kaushalendra Kumar,JD(U),2
Shri Kaushalendra Kumar,JD(U),Shri Lavu Sri Krishna Devarayalu,TDP,2
Shri Kaushalendra Kumar,JD(U),Shri Mukeshkumar Chandrakaant Dalal,BJP,2
Shri Kaushalendra Kumar,JD(U),Shri P P Chaudhary,BJP,2
Shri Kaushalendra Kumar,JD(U),Shri Rajesh Naranbhai Chudasama,BJP,2
Shri Kaushalendra Kumar,JD(U),Smt. Aparajita Sarangi,BJP,2
Shri Janardan Singh Sigriwal,BJP,Shri Nalin Soren,JMM,2
Shri Sunil Kumar,JD(U),Shri Yaduveer Wadiyar,BJP,2
Shri Sunil Kumar,JD(U),Smt. Roopkumari Choudhary,BJP,2
Dr. Ganapathy Rajkumar P,DMK,Shri Yaduveer Wadiyar,BJP,2
Shri Sunil Kumar,JD(U),Shri Vijay Kumar Dubey,BJP,2
Ms. S Jothimani,INC,Shri Sachithanantham R,CPI(M),2
Shri Lavu Sri Krishna Devarayalu,TDP,Smt. Anita Nagarsingh Chouhan,BJP,2
Shri Dhairyasheel Sambhajirao Mane,SS,Shri Sukanta Kumar Panigrahi,BJP,2
Shri Sukhjinder Singh Randhawa,INC,Smt. Aparajita Sarangi,BJP,2
Shri Lavu Sri Krishna Devarayalu,TDP,Smt. Poonamben Hematbhai Maadam,BJP,2
Shri Rajesh Naranbhai Chudasama,BJP,Shri Sunil Kumar,JD(U),2
Dr. Lata Wankhede,BJP,Shri Dileshwar Kamait,JD(U),2
Shri Dileshwar Kamait,JD(U),Smt. Kriti Devi Debbarman,BJP,2
Shri Chavan Ravindra Vasantrao,INC,Smt. D K Aruna,BJP,2
Shri Nalin Soren,JMM,Smt. D K Aruna,BJP,2
Shri Kaushalendra Kumar,JD(U),Shri Vishnu Dayal Ram,BJP,2
Shri G M Harish Balayogi,TDP,Smt. Poonamben Hematbhai Maadam,BJP,2
Shri Chavan Ravindra Vasantrao,INC,Shri Miteshbhai Rameshbhai Patel,BJP,2
Shri Dhairyasheel Sambhajirao Mane,SS,Shri Miteshbhai Rameshbhai Patel,BJP,2
Shri Charanjit Singh Channi,INC,Shri Vijay Kumar Hansdak,JMM,2
Shri Karti P Chidambaram,INC,Shri Vijay Kumar Hansdak,JMM,2
Dr. Nishikant Dubey,BJP,Shri Kaushalendra Kumar,JD(U),2
Shri Bhojraj Nag,BJP,Shri Kaushalendra Kumar,JD(U),2
Shri K Sudhakaran,INC,Shri Vijay Kumar Hansdak,JMM,2
Shri Saptagiri Sankar Ulaka,INC,Shri Vijay Kumar Hansdak,JMM,2
Shri Anurag Singh Thakur,BJP,Shri G M Harish Balayogi,TDP,2
Shri Dileshwar Kamait,JD(U),Shri Gopal Jee Thakur,BJP,2
Shri Nalin Soren,JMM,Smt. Poonamben Hematbhai Maadam,BJP,2
Dr. Rajesh Mishra,BJP,Shri Dileshwar Kamait,JD(U),2
Shri Lavu Sri Krishna Devarayalu,TDP,Shri Shashank Mani,BJP,2
Shri Chavan Ravindra Vasantrao,INC,Shri Jagdambika Pal,BJP,2
Shri Chavan Ravindra Vasantrao,INC,Shri Pratap Chandra Sarangi,BJP,2
Shri Dhairyasheel Sambhajirao Mane,SS,Shri Pratap Chandra Sarangi,BJP,2
Dr. Bachhav Shobha Dinesh,INC,Shri Sanjay Uttamrao Deshmukh,SS,2
Dr. Bhola Singh,BJP,Shri Tharaniventhan M S,DMK,2
Shri Chandra Prakash Choudhary,AJSU,Shri Jaswantsinh Sumanbhai Bhabhor,BJP,2
Shri Nalin Soren,JMM,Shri Tharaniventhan M S,DMK,2
Shri Nalin Soren,JMM,Smt. Kriti Devi Debbarman,BJP,2
Km. Sudha R,INC,Shri Raja A,DMK,2
Shri Ashok Kumar Rawat,BJP,Shri Sukhjinder Singh Randhawa,INC,2
Shri Parbhubhai Nagarbhai Vasava,BJP,Shri Rahul Kaswan,INC,2
Shri Chavan Ravindra Vasantrao,INC,Shri Saumitra Khan,BJP,2
Shri Dhairyasheel Sambhajirao Mane,SS,Shri Saumitra Khan,BJP,2
Shri Lavu Sri Krishna Devarayalu,TDP,Shri Saumitra Khan,BJP,2
Dr. Hemant Vishnu Savara,BJP,Dr. Kalyan Vaijinathrao Kale,INC,2
Dr. Kalyan Vaijinathrao Kale,INC,Shri Ashok Kumar Rawat,BJP,2
Dr. Kalyan Vaijinathrao Kale,INC,Shri Bidyut Baran Mahato,BJP,2
Dr. Kalyan Vaijinathrao Kale,INC,Shri Dilip Saikia,BJP,2
Dr. Kalyan Vaijinathrao Kale,INC,Shri Saumitra Khan,BJP,2
Dr. Kalyan Vaijinathrao Kale,INC,Smt. Kamlesh Jangde,BJP,2
Dr. Kalyan Vaijinathrao Kale,INC,Dr. Manna Lal Rawat,BJP,2
Dr. Kalyan Vaijinathrao Kale,INC,Shri Balabhadra Majhi,BJP,2
Dr. Kalyan Vaijinathrao Kale,INC,Shri Captain Brijesh Chowta,BJP,2
Dr. Kalyan Vaijinathrao Kale,INC,Shri Manoj Tiwari,BJP,2
Dr. Kalyan Vaijinathrao Kale,INC,Shri P C Mohan,BJP,2
Dr. Kalyan Vaijinathrao Kale,INC,Shri Ramesh Awasthi,BJP,2
Dr. Kalyan Vaijinathrao Kale,INC,Shri Satish Kumar Gautam,BJP,2
Dr. Kalyan Vaijinathrao Kale,INC,Shri Vijay Baghel,BJP,2
Dr. Mohammad Jawed,INC,Shri Dhairyasheel Sambhajirao Mane,SS,2
Dr. Mohammad Jawed,INC,Shri Sudheer Gupta,BJP,2
Shri Lavu Sri Krishna Devarayalu,TDP,Shri Parbhubhai Nagarbhai Vasava,BJP,2
Shri Dharmendra Yadav,SP,Shri Giridhari Yadav,JD(U),2
Shri Bharatsinhji Shankarji Dabhi,BJP,Shri Chavan Ravindra Vasantrao,INC,2
Shri Chandra Prakash Choudhary,AJSU,Shri Rajesh Naranbhai Chudasama,BJP,2
Shri Kaushalendra Kumar,JD(U),Shri Vishweshwar Hegde Kageri,BJP,2
Shri Ajay Kumar Mandal,JD(U),Shri Rajesh Naranbhai Chudasama,BJP,2
Shri Arun Kumar Sagar,BJP,Shri Tharaniventhan M S,DMK,2
Shri Tharaniventhan M S,DMK,Smt. Manju Sharma,BJP,2
Mrs Ruchi Vira,SP,Shri Kanwar Singh Tanwar,BJP,2
Shri  Selvaganapathi T.M.,DMK,Shri Subbarayan K,CPI,2
Adv K. Francis George,KEC,Prof. Sougata Ray,AITC,2
Com. Selvaraj V,CPI,Prof. Sougata Ray,AITC,2
Dr. Kalyan Vaijinathrao Kale,INC,Shri Vijay Kumar Dubey,BJP,2
Dr. Kalyan Vaijinathrao Kale,INC,Shri Bhartruhari Mahtab,BJP,2
Shri Dharambir Singh,BJP,Shri Krishna Prasad Tenneti,TDP,2
Shri Basavaraj Bommai,BJP,Shri Dileshwar Kamait,JD(U),2
Shri Bharatbhai Manubhai Sutariya,BJP,Shri Neeraj Maurya,SP,2
Shri Neeraj Maurya,SP,Shri Rahul Singh Lodhi,BJP,2
Dr. Prabha Mallikarjun,INC,Shri Tangella Uday Srinivas,JSP,2
Shri Sukanta Kumar Panigrahi,BJP,Smt. Vijaylakshmi Devi,JD(U),2
Shri Vijay Kumar Dubey,BJP,Smt. Vijaylakshmi Devi,JD(U),2
Smt. Aparajita Sarangi,BJP,Smt. Vijaylakshmi Devi,JD(U),2
Shri Avimanyu Sethi,BJP,Smt. Vijaylakshmi Devi,JD(U),2
Shri Mahendra Singh Solanky,BJP,Smt. Vijaylakshmi Devi,JD(U),2
Smt. Anita Nagarsingh Chouhan,BJP,Smt. Vijaylakshmi Devi,JD(U),2
Shri Chandan Chauhan,RLD,Shri Vivek Thakur,BJP,2
Dr. Kalyan Vaijinathrao Kale,INC,Shri Godam Nagesh,BJP,2
Dr. Kalyan Vaijinathrao Kale,INC,Shri Avimanyu Sethi,BJP,2
Dr. Kalyan Vaijinathrao Kale,INC,Shri Rajiv Pratap Rudy,BJP,2
Dr. Kalyan Vaijinathrao Kale,INC,Shri Ravindra Shukla Alias Ravi Kishan,BJP,2
Dr. Kalyan Vaijinathrao Kale,INC,Smt. Kamaljeet Sehrawat,BJP,2
Dr. Vinod Kumar Bind,BJP,Shri G M Harish Balayogi,TDP,2
Shri G M Harish Balayogi,TDP,Shri Pratap Chandra Sarangi,BJP,2
Shri Govind Makthappa Karjol,BJP,Shri Krishna Prasad Tenneti,TDP,2
Shri Gurmeet Singh Meet Hayer,AAP,Smt. June Maliah,AITC,2
Dr. Kalanidhi Veeraswamy,DMK,Smt. Mala Roy,AITC,2
Shri Chandan Chauhan,RLD,Shri Chandra Prakash Joshi,BJP,2
Shri Chandan Chauhan,RLD,Shri Saumitra Khan,BJP,2
Shri Anup Sanjay Dhotre,BJP,Shri Dileshwar Kamait,JD(U),2
Shri Chandra Prakash Choudhary,AJSU,Shri Saumitra Khan,BJP,2
Shri Chandan Chauhan,RLD,Shri Dileshwar Kamait,JD(U),2
Dr. Vinod Kumar Bind,BJP,Shri Devesh Shakya,SP,2
Shri Alok Sharma,BJP,Shri Neeraj Maurya,SP,2
Shri Anup Sanjay Dhotre,BJP,Shri Devesh Shakya,SP,2
Shri Devesh Shakya,SP,Shri Jaswantsinh Sumanbhai Bhabhor,BJP,2
Shri Devesh Shakya,SP,Shri Pratap Chandra Sarangi,BJP,2
Shri Devesh Shakya,SP,Smt. Kamaljeet Sehrawat,BJP,2
Shri Devesh Shakya,SP,Smt. Shobhanaben Mahendrasinh Baraiya,BJP,2
Shri Neeraj Maurya,SP,Smt. Himadri Singh,BJP,2
Shri Neeraj Maurya,SP,Smt. Smita Uday Wagh,BJP,2
Adv Gowaal Kagada Padavi,INC,Shri Vijay Baghel,BJP,2
Shri Vijay Kumar Dubey,BJP,Shri Vishaldada Prakashbapu Patil,IND.,2
Shri Ashish Dubey,BJP,Shri Chandan Chauhan,RLD,2
Com. Selvaraj V,CPI,Dr. Kalanidhi Veeraswamy,DMK,2
Dr. Kalanidhi Veeraswamy,DMK,Shri Subbarayan K,CPI,2
Shri Kesineni Sivanath,TDP,Shri Naba Charan Majhi,BJP,2
Shri Chandra Prakash Joshi,BJP,Shri Neeraj Maurya,SP,2
Ms. S Jothimani,INC,Shri Damodar Agrawal,BJP,2
Ms. S Jothimani,INC,Shri Kali Charan Singh,BJP,2
Shri Lavu Sri Krishna Devarayalu,TDP,Shri Pradeep Purohit,BJP,2
Shri Dilip Saikia,BJP,Shri Kaushalendra Kumar,JD(U),2
Shri Janardan Singh Sigriwal,BJP,Shri Lavu Sri Krishna Devarayalu,TDP,2
Shri Kaushalendra Kumar,JD(U),Shri Manish Jaiswal,BJP,2
Shri Dileshwar Kamait,JD(U),Shri Sukanta Kumar Panigrahi,BJP,2
Dr. T Sumathy Alias Thamizhachi Thangapandian,DMK,Ms. S Jothimani,INC,2
Dr. Rajesh Mishra,BJP,Shri Bhumare Sandipanrao Asaram,SS,2
Shri Devesh Shakya,SP,Shri Naba Charan Majhi,BJP,2
Shri Devesh Shakya,SP,Shri Vijay Baghel,BJP,2
Shri Devesh Shakya,SP,Shri Vishweshwar Hegde Kageri,BJP,2
Shri Devesh Shakya,SP,Shri Yaduveer Wadiyar,BJP,2
Shri Anil Firojiya,BJP,Smt. Lovely Anand,JD(U),2
Shri Bhojraj Nag,BJP,Smt. Lovely Anand,JD(U),2
Shri Mukeshkumar Chandrakaant Dalal,BJP,Smt. Lovely Anand,JD(U),2
Shri Shankar Lalwani,BJP,Smt. Lovely Anand,JD(U),2
Shri Yaduveer Wadiyar,BJP,Smt. Lovely Anand,JD(U),2
Dr. Rajesh Mishra,BJP,Shri Bajrang Manohar Sonwane,NCP(SP),2
Shri Bajrang Manohar Sonwane,NCP(SP),Shri Bidyut Baran Mahato,BJP,2
Shri Bajrang Manohar Sonwane,NCP(SP),Shri Dilip Saikia,BJP,2
Shri Bajrang Manohar Sonwane,NCP(SP),Shri Khagen Murmu,BJP,2
Shri Bajrang Manohar Sonwane,NCP(SP),Shri Pradeep Kumar Singh,BJP,2
Shri Bajrang Manohar Sonwane,NCP(SP),Shri Ramesh Awasthi,BJP,2
Shri Bajrang Manohar Sonwane,NCP(SP),Smt. Aparajita Sarangi,BJP,2
Shri Hasmukhbhai Somabhai Patel,BJP,Shri Lavu Sri Krishna Devarayalu,TDP,2
Shri Hasmukhbhai Somabhai Patel,BJP,Shri P V Midhun Reddy,YSRCP,2
Shri Lavu Sri Krishna Devarayalu,TDP,Shri Miteshbhai Rameshbhai Patel,BJP,2
Shri Miteshbhai Rameshbhai Patel,BJP,Shri P V Midhun Reddy,YSRCP,2
Shri Kota Srinivasa Poojary,BJP,Smt. Lovely Anand,JD(U),2
Shri Rajkumar Chahar,BJP,Smt. Lovely Anand,JD(U),2
Shri C N Annadurai,DMK,Shri Rajeev Rai,SP,2
Shri Rajeev Rai,SP,Shri Selvam G,DMK,2
Dr. Rajesh Mishra,BJP,Smt. Lovely Anand,JD(U),2
Shri Devesh Shakya,SP,Smt. Lovely Anand,JD(U),2
Shri Jagdambika Pal,BJP,Smt. Lovely Anand,JD(U),2
Shri Vijay Baghel,BJP,Smt. Lovely Anand,JD(U),2
Shri Avimanyu Sethi,BJP,Smt. Lovely Anand,JD(U),2
Shri Balabhadra Majhi,BJP,Smt. Lovely Anand,JD(U),2
Shri Naba Charan Majhi,BJP,Smt. Lovely Anand,JD(U),2
Dr. Hemang Joshi,BJP,Smt. Lovely Anand,JD(U),2
Dr. K Sudhakar,BJP,Smt. Lovely Anand,JD(U),2
Smt. Bijuli Kalita Medhi,BJP,Smt. Lovely Anand,JD(U),2
Smt. Kamaljeet Sehrawat,BJP,Smt. Lovely Anand,JD(U),2
Shri Anup Sanjay Dhotre,BJP,Smt. Vijaylakshmi Devi,JD(U),2
Shri Trivendra Singh Rawat,BJP,Smt. Vijaylakshmi Devi,JD(U),2
Dr. K Sudhakar,BJP,Shri Chandan Chauhan,RLD,2
Shri Chandan Chauhan,RLD,Shri Mahesh Kashyap,BJP,2
Shri Dhairyasheel Sambhajirao Mane,SS,Shri Navaskani K,IUML,2
Shri Navaskani K,IUML,Shri Sudheer Gupta,BJP,2
Shri Jugal Kishore,BJP,Smt. Lovely Anand,JD(U),2
Shri Nalin Soren,JMM,Smt. Lovely Anand,JD(U),2
Dr. Hemant Vishnu Savara,BJP,Shri Navaskani K,IUML,2
Dr. Manna Lal Rawat,BJP,Smt. Lovely Anand,JD(U),2
Shri Bidyut Baran Mahato,BJP,Shri Navaskani K,IUML,2
Shri C N Annadurai,DMK,Shri Manish Jaiswal,BJP,2
Shri C N Annadurai,DMK,Shri P P Chaudhary,BJP,2
Shri Dilip Saikia,BJP,Shri Navaskani K,IUML,2
Shri Dilip Saikia,BJP,Smt. Lovely Anand,JD(U),2
Shri Dineshbhai Makwana,BJP,Shri Navaskani K,IUML,2
Shri Godam Nagesh,BJP,Shri Navaskani K,IUML,2
Shri Lavu Sri Krishna Devarayalu,TDP,Smt. Lovely Anand,JD(U),2
Shri Lumbaram Choudhary,BJP,Shri Navaskani K,IUML,2
Shri Manish Jaiswal,BJP,Shri Navaskani K,IUML,2
Shri Manish Jaiswal,BJP,Shri Selvam G,DMK,2
Shri Naba Charan Majhi,BJP,Shri Navaskani K,IUML,2
Shri Navaskani K,IUML,Shri Praveen Patel,BJP,2
Shri Navaskani K,IUML,Shri Vijay Kumar Dubey,BJP,2
Shri Navaskani K,IUML,Shri Vishweshwar Hegde Kageri,BJP,2
Shri P P Chaudhary,BJP,Shri Selvam G,DMK,2
Shri Tapir Gao,BJP,Smt. Lovely Anand,JD(U),2
Shri Darshan Singh Choudhary,BJP,Smt. Vijaylakshmi Devi,JD(U),2
Shri Kripanath Mallah,BJP,Smt. Vijaylakshmi Devi,JD(U),2
Shri Chandan Chauhan,RLD,Shri Kali Charan Singh,BJP,2
Shri Chandan Chauhan,RLD,Shri Sukanta Kumar Panigrahi,BJP,2
Shri Pradeep Purohit,BJP,Smt. Lovely Anand,JD(U),2
Shri Sukanta Kumar Panigrahi,BJP,Smt. Lovely Anand,JD(U),2
Smt. Aparajita Sarangi,BJP,Smt. Lovely Anand,JD(U),2
Smt. Lovely Anand,JD(U),Smt. Mala Rajya Laxmi Shah,BJP,2
Smt. Lovely Anand,JD(U),Smt. Poonamben Hematbhai Maadam,BJP,2
Shri Janardan Singh Sigriwal,BJP,Smt. Lovely Anand,JD(U),2
Shri Krishna Prasad Tenneti,TDP,Smt. Lovely Anand,JD(U),2
Dr. M K Vishnu Prasad,INC,Shri Janardan Singh Sigriwal,BJP,2
Shri Amar Sharadrao Kale,NCP(SP),Shri Bhumare Sandipanrao Asaram,SS,2
Shri Amar Sharadrao Kale,NCP(SP),Shri Gyaneshwar Patil,BJP,2
Dr. Sanjay Jaiswal,BJP,Smt. Lovely Anand,JD(U),2
Shri K Radhakrishnan,CPI(M),Shri Shafi Parambil,INC,2
Shri Jugal Kishore,BJP,Shri Tatkare Sunil Dattatrey,NCP,2
Shri  Selvaganapathi T.M.,DMK,Shri Manickam Tagore B,INC,2
Shri  Selvaganapathi T.M.,DMK,Shri Vijayakumar Alias Vijay Vasanth,INC,2
Dr. Hemant Vishnu Savara,BJP,Shri Sribharat Mathukumilli,TDP,2
Shri Bidyut Baran Mahato,BJP,Shri Sribharat Mathukumilli,TDP,2
Shri Dilip Saikia,BJP,Shri Sribharat Mathukumilli,TDP,2
Shri Dineshbhai Makwana,BJP,Shri Sribharat Mathukumilli,TDP,2
Shri Lumbaram Choudhary,BJP,Shri Sribharat Mathukumilli,TDP,2
Shri Praveen Patel,BJP,Thiru Dr. S Jagathratchakan,DMK,2
Shri Sribharat Mathukumilli,TDP,Shri Vishweshwar Hegde Kageri,BJP,2
Dr. Bhola Singh,BJP,Shri Tatkare Sunil Dattatrey,NCP,2
Shri Krishna Prasad Tenneti,TDP,Shri Tatkare Sunil Dattatrey,NCP,2
Dr. Amol Ramsing Kolhe,NCP(SP),Dr. Shivaji Bandappa Kalge,INC,2
Dr. Amol Ramsing Kolhe,NCP(SP),Shri Bhumare Sandipanrao Asaram,SS,2
Dr. Amol Ramsing Kolhe,NCP(SP),Shri Gyaneshwar Patil,BJP,2
Dr. Shivaji Bandappa Kalge,INC,Shri Bhaskar Murlidhar Bhagare,NCP(SP),2
Dr. Shivaji Bandappa Kalge,INC,Shri Mohite Patil Dhairyasheel Rajsinh,NCP(SP),2
Dr. Shivaji Bandappa Kalge,INC,Shri Sanjay Dina Patil,SS,2
Dr. Shivaji Bandappa Kalge,INC,Smt. Supriya Sule,NCP(SP),2
Prof. Varsha Eknath Gaikwad,INC,Shri Bhumare Sandipanrao Asaram,SS,2
Prof. Varsha Eknath Gaikwad,INC,Shri Gyaneshwar Patil,BJP,2
Shri Bhaskar Murlidhar Bhagare,NCP(SP),Shri Bhumare Sandipanrao Asaram,SS,2
Shri Bhaskar Murlidhar Bhagare,NCP(SP),Shri Gyaneshwar Patil,BJP,2
Shri Bhumare Sandipanrao Asaram,SS,Shri Mohite Patil Dhairyasheel Rajsinh,NCP(SP),2
Shri Bhumare Sandipanrao Asaram,SS,Smt. Supriya Sule,NCP(SP),2
Shri Gyaneshwar Patil,BJP,Shri Mohite Patil Dhairyasheel Rajsinh,NCP(SP),2
Shri Gyaneshwar Patil,BJP,Shri Sanjay Dina Patil,SS,2
Shri Gyaneshwar Patil,BJP,Smt. Supriya Sule,NCP(SP),2
Dr. Ganapathy Rajkumar P,DMK,Km. Sudha R,INC,2
Dr. T Sumathy Alias Thamizhachi Thangapandian,DMK,Km. Sudha R,INC,2
Km. Sudha R,INC,Thiru Thanga Tamilselvan,DMK,2
Shri Gyaneshwar Patil,BJP,Shri Shyamkumar Daulat Barve,INC,2
Com. Selvaraj V,CPI,Shri Anand Bhadauria,SP,2
Dr. Rajkumar Sangwan,RLD,Dr. Sanjay Jaiswal,BJP,2
Dr. Rajkumar Sangwan,RLD,Shri Ashish Dubey,BJP,2
Dr. Rajkumar Sangwan,RLD,Shri Bunty Vivek Sahu,BJP,2
Dr. Rajkumar Sangwan,RLD,Smt. D K Aruna,BJP,2
Dr. Hemang Joshi,BJP,Shri Tatkare Sunil Dattatrey,NCP,2
Shri Captain Brijesh Chowta,BJP,Shri Tatkare Sunil Dattatrey,NCP,2
Shri S Venkatesan,CPI(M),Shri V K Sreekandan,INC,2
Shri Amra Ram,CPI(M),Shri V K Sreekandan,INC,2
Shri Anand Bhadauria,SP,Shri V K Sreekandan,INC,2
Dr. Nishikant Dubey,BJP,Shri Prabhakar Reddy Vemireddy,TDP,2
Shri Prabhakar Reddy Vemireddy,TDP,Shri Rajiv Pratap Rudy,BJP,2
Shri Charanjit Singh Channi,INC,Shri Pushpendra Saroj,SP,2
Shri Charanjit Singh Channi,INC,Shri Rajeev Rai,SP,2
Shri Amar Sharadrao Kale,NCP(SP),Shri Dhaval Laxmanbhai Patel,BJP,2
Shri Dhaval Laxmanbhai Patel,BJP,Shri Sukhjinder Singh Randhawa,INC,2
Shri Dulu Mahato,BJP,Shri Tatkare Sunil Dattatrey,NCP,2
Shri Jaswantsinh Sumanbhai Bhabhor,BJP,Shri Tatkare Sunil Dattatrey,NCP,2
Shri Mahendra Singh Solanky,BJP,Shri Tatkare Sunil Dattatrey,NCP,2
Shri Pratap Chandra Sarangi,BJP,Shri Tatkare Sunil Dattatrey,NCP,2
Dr. Thirumaavalavan Tholkappiyan,VCK,Shri Alok Sharma,BJP,2
Shri S Venkatesan,CPI(M),Shri Vishnu Dayal Ram,BJP,2
Shri M K Raghavan,INC,Shri Vishaldada Prakashbapu Patil,IND.,2
Dr. Prashant Yadaorao Padole,INC,Dr. Rajesh Mishra,BJP,2
Dr. Prashant Yadaorao Padole,INC,Shri Bharatsinhji Shankarji Dabhi,BJP,2
Dr. Prashant Yadaorao Padole,INC,Shri Jaswantsinh Sumanbhai Bhabhor,BJP,2
Dr. Prashant Yadaorao Padole,INC,Shri Jugal Kishore,BJP,2
Dr. Prashant Yadaorao Padole,INC,Shri Mahendra Singh Solanky,BJP,2
Dr. Prashant Yadaorao Padole,INC,Shri Rajkumar Chahar,BJP,2
Dr. Kirsan Namdeo,INC,Shri Joyanta Basumatary,UPPL,2
Shri Anto Antony,INC,Shri Joyanta Basumatary,UPPL,2
Dr. Ganapathy Rajkumar P,DMK,Shri Manickam Tagore B,INC,2
Dr. Ganapathy Rajkumar P,DMK,Shri Suresh Kumar Shetkar,INC,2
Dr. Ganapathy Rajkumar P,DMK,Shri Vijayakumar Alias Vijay Vasanth,INC,2
Dr. T Sumathy Alias Thamizhachi Thangapandian,DMK,Shri Manickam Tagore B,INC,2
Dr. T Sumathy Alias Thamizhachi Thangapandian,DMK,Shri Suresh Kumar Shetkar,INC,2
Shri S Venkatesan,CPI(M),Thiru D M Kathir Anand,DMK,2
Shri S Venkatesan,CPI(M),Thiru Dayanidhi Maran,DMK,2
Shri Vijayakumar Alias Vijay Vasanth,INC,Thiru D M Kathir Anand,DMK,2
Adv. Adoor Prakash,INC,Shri Janardan Singh Sigriwal,BJP,2
Shri Balwant Baswant Wankhade,INC,Shri Vijay Kumar Hansdak,JMM,2
Dr. Rajkumar Sangwan,RLD,Shri Darshan Singh Choudhary,BJP,2
Dr. Rajkumar Sangwan,RLD,Shri Nalin Soren,JMM,2
Dr. Rajkumar Sangwan,RLD,Shri Praveen Patel,BJP,2
Shri Avimanyu Sethi,BJP,Shri Magunta Sreenivasulu Reddy,TDP,2
Shri Devusinh Chauhan,BJP,Smt. Vijaylakshmi Devi,JD(U),2
Shri Darshan Singh Choudhary,BJP,Shri Sunil Kumar,JD(U),2
Dr. Hemang Joshi,BJP,Dr. Rajkumar Sangwan,RLD,2
Dr. Rajkumar Sangwan,RLD,Shri Bhojraj Nag,BJP,2
Dr. Rajkumar Sangwan,RLD,Shri Bibhu Prasad Tarai,BJP,2
Shri Chandra Prakash Choudhary,AJSU,Shri Ummeda Ram Beniwal,INC,2
Shri Raja A,DMK,Shri Vijayakumar Alias Vijay Vasanth,INC,2
Dr. Amol Ramsing Kolhe,NCP(SP),Shri Brijmohan Agrawal,BJP,2
Prof. Varsha Eknath Gaikwad,INC,Shri Brijmohan Agrawal,BJP,2
Shri Bhaskar Murlidhar Bhagare,NCP(SP),Shri Brijmohan Agrawal,BJP,2
Shri Brijmohan Agrawal,BJP,Shri Mohite Patil Dhairyasheel Rajsinh,NCP(SP),2
Shri Brijmohan Agrawal,BJP,Shri Sanjay Dina Patil,SS,2
Shri Brijmohan Agrawal,BJP,Smt. Supriya Sule,NCP(SP),2
Dr. Sanjay Jaiswal,BJP,Shri Balwant Baswant Wankhade,INC,2
Dr. Vinod Kumar Bind,BJP,Shri Sunil Kumar,JD(U),2
Shri Anil Firojiya,BJP,Shri Balwant Baswant Wankhade,INC,2
Shri Balwant Baswant Wankhade,INC,Shri Basavaraj Bommai,BJP,2
Shri Pratap Chandra Sarangi,BJP,Shri Sunil Kumar,JD(U),2
Dr. Sanjay Jaiswal,BJP,Smt. Vijaylakshmi Devi,JD(U),2
Shri Bharatsinhji Shankarji Dabhi,BJP,Smt. Vijaylakshmi Devi,JD(U),2
Shri Narayan Tatu Rane,BJP,Shri Sukhjinder Singh Randhawa,INC,2
Shri Sukhjinder Singh Randhawa,INC,Shri Yaduveer Wadiyar,BJP,2
Shri Sukhjinder Singh Randhawa,INC,Smt. Vijaylakshmi Devi,JD(U),2
Shri Manoj Kumar,INC,Shri Vishaldada Prakashbapu Patil,IND.,2
Shri Chandan Chauhan,RLD,Shri Radheshyam Rathiya,BJP,2
Shri Chandan Chauhan,RLD,Shri Rajesh Naranbhai Chudasama,BJP,2
Shri Dileshwar Kamait,JD(U),Shri Parbhubhai Nagarbhai Vasava,BJP,2
Dr. Hemant Vishnu Savara,BJP,Shri Balwant Baswant Wankhade,INC,2
Shri Balwant Baswant Wankhade,INC,Shri Vijay Baghel,BJP,2
Dr. Rajkumar Sangwan,RLD,Shri Lumbaram Choudhary,BJP,2
Dr. Rajkumar Sangwan,RLD,Shri Mukeshkumar Chandrakaant Dalal,BJP,2
Dr. Rajkumar Sangwan,RLD,Shri Parbhubhai Nagarbhai Vasava,BJP,2
Dr. Rajkumar Sangwan,RLD,Shri Yogender Chandolia,BJP,2
Shri Chandan Chauhan,RLD,Smt. Kamlesh Jangde,BJP,2
Shri Gopal Jee Thakur,BJP,Smt. Vijaylakshmi Devi,JD(U),2
Shri Haribhai Patel,BJP,Smt. Vijaylakshmi Devi,JD(U),2
Shri Arun Govil,BJP,Smt. Vijaylakshmi Devi,JD(U),2
Shri  Selvaganapathi T.M.,DMK,Shri Chamala Kiran Kumar Reddy,INC,2
Shri Kanwar Singh Tanwar,BJP,Shri Lavu Sri Krishna Devarayalu,TDP,2
Dr. Thirumaavalavan Tholkappiyan,VCK,Shri Vijay Kumar Hansdak,JMM,2
Dr. Prashant Yadaorao Padole,INC,Shri Biplab Kumar Deb,BJP,2
Shri Chhatrapal Singh Gangwar,BJP,Shri Nalin Soren,JMM,2
Shri Chandan Chauhan,RLD,Shri Darshan Singh Choudhary,BJP,2
Shri Dhairyasheel Sambhajirao Mane,SS,Shri Manickam Tagore B,INC,2
Shri Manickam Tagore B,INC,Shri Manish Jaiswal,BJP,2
Shri Manickam Tagore B,INC,Shri Sudheer Gupta,BJP,2
Dr. Prashant Yadaorao Padole,INC,Smt. Bijuli Kalita Medhi,BJP,2
Shri Balashowry Vallabhaneni,JSP,Shri Prabhakar Reddy Vemireddy,TDP,2
Ms. Praniti Sushilkumar Shinde,INC,Shri Pradyut Bordoloi,Unknown,2
Shri Anurag Sharma,BJP,Shri Malaiyarasan D,DMK,2
Shri Bunty Vivek Sahu,BJP,Shri Shrirang Appa Chandu Barne,SS,2
Shri Chhatrapal Singh Gangwar,BJP,Shri Lavu Sri Krishna Devarayalu,TDP,2
Shri Lavu Sri Krishna Devarayalu,TDP,Shri Mukesh Rajput,BJP,2
Shri E T Mohammed Basheer,IUML,Shri M K Raghavan,INC,2
Shri Lavu Sri Krishna Devarayalu,TDP,Smt. Sandhya Ray,BJP,2
Shri Dileshwar Kamait,JD(U),Shri Karan Bhushan Singh,BJP,2
Shri Tatkare Sunil Dattatrey,NCP,Smt. Vijaylakshmi Devi,JD(U),2
Dr. T Sumathy Alias Thamizhachi Thangapandian,DMK,Shri Sunil Kumar,JD(U),2
Shri Bharatbhai Manubhai Sutariya,BJP,Shri Chandan Chauhan,RLD,2
Shri Benny Behanan,INC,Shri Joyanta Basumatary,UPPL,2
Adv Dean Kuriakose,INC,Shri Pradyut Bordoloi,Unknown,2
Shri Sukhjinder Singh Randhawa,INC,Shri Vishnu Dayal Ram,BJP,2
Shri Putta Mahesh Kumar,TDP,Shri Santosh Pandey,BJP,2
Dr. Kirsan Namdeo,INC,Shri Pradyut Bordoloi,Unknown,2
Dr. Nishikant Dubey,BJP,Shri K Gopinath,INC,2
Shri Damodar Agrawal,BJP,Smt. Mala Roy,AITC,2
Shri Suresh Kumar Kashyap,BJP,Smt. Mala Roy,AITC,2
Smt. Mala Roy,AITC,Smt. Shobhanaben Mahendrasinh Baraiya,BJP,2
Shri Chhatrapal Singh Gangwar,BJP,Smt. Vijaylakshmi Devi,JD(U),2
Shri Imran Masood,INC,Shri Pradyut Bordoloi,Unknown,2
Dr. Prashant Yadaorao Padole,INC,Shri Arun Govil,BJP,2
Dr. Prashant Yadaorao Padole,INC,Shri Chavda Vinod Lakhamshi,BJP,2
Dr. Prashant Yadaorao Padole,INC,Shri Darshan Singh Choudhary,BJP,2
Dr. Prashant Yadaorao Padole,INC,Shri Miteshbhai Rameshbhai Patel,BJP,2
Dr. Prashant Yadaorao Padole,INC,Shri Suresh Kumar Kashyap,BJP,2
Dr. Shivaji Bandappa Kalge,INC,Thiru D M Kathir Anand,DMK,2
Shri Nilesh Dnyandev Lanke,NCP(SP),Thiru D M Kathir Anand,DMK,2
Shri Azad Kirti Jha,AITC,Shri Putta Mahesh Kumar,TDP,2
Dr. Amar Singh,INC,Shri Pradyut Bordoloi,Unknown,2
Dr. Hemant Vishnu Savara,BJP,Shri Joyanta Basumatary,UPPL,2
Shri Janardan Singh Sigriwal,BJP,Shri Sukhjinder Singh Randhawa,INC,2
Shri Joyanta Basumatary,UPPL,Shri Vishnu Dayal Ram,BJP,2
Shri Asaduddin Owaisi,AIMIM,Shri K Radhakrishnan,CPI(M),2
Shri Balashowry Vallabhaneni,JSP,Shri K Radhakrishnan,CPI(M),2
Shri K Sudhakaran,INC,Shri Raja A,DMK,2
Shri Chhatrapal Singh Gangwar,BJP,Shri Dileshwar Kamait,JD(U),2
Prof. Sougata Ray,AITC,Shri Tejasvi Surya,BJP,2
Shri Rajeev Rai,SP,Shri Sudhakar Singh,RJD,2
Shri Azad Kirti Jha,AITC,Shri Chandra Prakash Choudhary,AJSU,2
Dr. Prashant Yadaorao Padole,INC,Ms Kangna Ranaut,BJP,2
Dr. Prashant Yadaorao Padole,INC,Shri Chintamani Maharaj,BJP,2
Dr. Prashant Yadaorao Padole,INC,Shri Dhairyasheel Sambhajirao Mane,SS,2
Dr. Prashant Yadaorao Padole,INC,Shri Godam Nagesh,BJP,2
Dr. Prashant Yadaorao Padole,INC,Shri Manish Jaiswal,BJP,2
Dr. Prashant Yadaorao Padole,INC,Shri P C Mohan,BJP,2
Dr. Prashant Yadaorao Padole,INC,Shri Radheshyam Rathiya,BJP,2
Dr. Prashant Yadaorao Padole,INC,Smt. Shobhanaben Mahendrasinh Baraiya,BJP,2
Dr. Prashant Yadaorao Padole,INC,Shri Chhatrapal Singh Gangwar,BJP,2
Shri Balya Mama Suresh Gopinath Mhatre,NCP(SP),Smt. Poonamben Hematbhai Maadam,BJP,2
Dr. Mohammad Jawed,INC,Smt. Mala Roy,AITC,2
Shri  Selvaganapathi T.M.,DMK,Smt. Mala Roy,AITC,2
Shri S Venkatesan,CPI(M),Smt. Mala Roy,AITC,2
Adv. Adoor Prakash,INC,Shri  Selvaganapathi T.M.,DMK,2
Adv. Adoor Prakash,INC,Shri Eatala Rajender,BJP,2
Adv. Adoor Prakash,INC,Smt. D K Aruna,BJP,2
Shri Pushpendra Saroj,SP,Shri Rakesh Rathor,INC,2
Adv. Adoor Prakash,INC,Shri N K Premachandran,RSP,2
Shri Chandan Chauhan,RLD,Smt. Roopkumari Choudhary,BJP,2
Shri Bajrang Manohar Sonwane,NCP(SP),Shri Hanuman Beniwal,RLP,2
Shri Amrinder Singh Raja Warring,INC,Shri Anurag Sharma,BJP,2
Shri Chandan Chauhan,RLD,Shri Chhatrapal Singh Gangwar,BJP,2
Shri Chandan Chauhan,RLD,Shri Gajendra  Singh Patel,BJP,2
Dr. Bhola Singh,BJP,Shri Shrirang Appa Chandu Barne,SS,2
Dr. Hemant Vishnu Savara,BJP,Shri Vishaldada Prakashbapu Patil,IND.,2
Shri Alok Sharma,BJP,Shri Vishaldada Prakashbapu Patil,IND.,2
Shri Bidyut Baran Mahato,BJP,Shri Malaiyarasan D,DMK,2
Shri Bidyut Baran Mahato,BJP,Shri Vishaldada Prakashbapu Patil,IND.,2
Shri Chandan Chauhan,RLD,Shri Kanwar Singh Tanwar,BJP,2
Shri Chhatrapal Singh Gangwar,BJP,Shri Vishaldada Prakashbapu Patil,IND.,2
Shri Lumbaram Choudhary,BJP,Shri Vishaldada Prakashbapu Patil,IND.,2
Shri Naba Charan Majhi,BJP,Shri Vishaldada Prakashbapu Patil,IND.,2
Shri Navaskani K,IUML,Shri Vishaldada Prakashbapu Patil,IND.,2
Shri Navaskani K,IUML,Shri Vishnu Dayal Ram,BJP,2
Shri Vishaldada Prakashbapu Patil,IND.,Smt. Poonamben Hematbhai Maadam,BJP,2
Shri Chhatrapal Singh Gangwar,BJP,Shri Shrirang Appa Chandu Barne,SS,2
Shri Manish Jaiswal,BJP,Shri Shrirang Appa Chandu Barne,SS,2
Shri Pradyut Bordoloi,Unknown,Shri Tanuj Punia,INC,2
Dr. Manna Lal Rawat,BJP,Shri Shrirang Appa Chandu Barne,SS,2
Shri Alok Sharma,BJP,Shri Bajrang Manohar Sonwane,NCP(SP),2
Shri Bajrang Manohar Sonwane,NCP(SP),Shri Basavaraj Bommai,BJP,2
Shri Bajrang Manohar Sonwane,NCP(SP),Shri Damodar Agrawal,BJP,2
Shri Anand Bhadauria,SP,Shri Gurmeet Singh Meet Hayer,AAP,2
Shri Anup Sanjay Dhotre,BJP,Shri Chandan Chauhan,RLD,2
Shri Kota Srinivasa Poojary,BJP,Shri Shrirang Appa Chandu Barne,SS,2
Dr. Hemant Vishnu Savara,BJP,Shri Bajrang Manohar Sonwane,NCP(SP),2
Shri Asaduddin Owaisi,AIMIM,Shri Pradyut Bordoloi,Unknown,2
Dr. M P Abdussamad Samadani,IUML,Shri Hibi Eden,INC,2
Shri Anto Antony,INC,Smt. Mala Roy,AITC,2
Shri Anurag Sharma,BJP,Shri Shrirang Appa Chandu Barne,SS,2
Shri Shrirang Appa Chandu Barne,SS,Smt. Kamaljeet Sehrawat,BJP,2
Shri Shrirang Appa Chandu Barne,SS,Shri Tejasvi Surya,BJP,2
Shri Ramesh Awasthi,BJP,Shri Shrirang Appa Chandu Barne,SS,2
Shri Malaiyarasan D,DMK,Shri Y S Avinash Reddy,YSRCP,2
Dr. Kirsan Namdeo,INC,Shri Ramvir Singh Bidhuri,BJP,2
Dr. Kalanidhi Veeraswamy,DMK,Shri Benny Behanan,INC,2
Dr. Nishikant Dubey,BJP,Shri Chandan Chauhan,RLD,2
Shri Arvind Dharmapuri,BJP,Shri Bastipati Nagaraju,TDP,2
Dr. Vinod Kumar Bind,BJP,Shri Dileshwar Kamait,JD(U),2
Shri Dileshwar Kamait,JD(U),Shri Pratap Chandra Sarangi,BJP,2
Shri  Selvaganapathi T.M.,DMK,Shri Dhairyasheel Sambhajirao Mane,SS,2
Shri  Selvaganapathi T.M.,DMK,Shri Sudheer Gupta,BJP,2
Shri Chandan Chauhan,RLD,Shri Chintamani Maharaj,BJP,2
Ms. Bansuri Swaraj,BJP,Shri Dileshwar Kamait,JD(U),2
Dr. Kirsan Namdeo,INC,Shri Gurmeet Singh Meet Hayer,AAP,2
Shri Balabhadra Majhi,BJP,Shri Shrirang Appa Chandu Barne,SS,2
Shri Shrirang Appa Chandu Barne,SS,Shri Tapir Gao,BJP,2
Shri Shrirang Appa Chandu Barne,SS,Smt. Kamlesh Jangde,BJP,2
Com. Selvaraj V,CPI,Dr. T Sumathy Alias Thamizhachi Thangapandian,DMK,2
Dr. T Sumathy Alias Thamizhachi Thangapandian,DMK,Shri Subbarayan K,CPI,2
Shri K Radhakrishnan,CPI(M),Shri Manickam Tagore B,INC,2
Shri Bhartruhari Mahtab,BJP,Shri Shrirang Appa Chandu Barne,SS,2
Shri Ganesh Singh,BJP,Shri Shrirang Appa Chandu Barne,SS,2
Dr. T Sumathy Alias Thamizhachi Thangapandian,DMK,Smt. Mala Roy,AITC,2
Smt. Mala Roy,AITC,Thiru D M Kathir Anand,DMK,2
Ms Sayani Ghosh,AITC,Shri Murari Lal Meena,INC,2
Dr. Amol Ramsing Kolhe,NCP(SP),Smt. Delkar Kalaben Mohanbhai,BJP,2
Prof. Varsha Eknath Gaikwad,INC,Smt. Delkar Kalaben Mohanbhai,BJP,2
Shri Amar Sharadrao Kale,NCP(SP),Smt. Delkar Kalaben Mohanbhai,BJP,2
Shri Bajrang Manohar Sonwane,NCP(SP),Smt. Delkar Kalaben Mohanbhai,BJP,2
Shri Bhaskar Murlidhar Bhagare,NCP(SP),Smt. Delkar Kalaben Mohanbhai,BJP,2
Shri Mohite Patil Dhairyasheel Rajsinh,NCP(SP),Smt. Delkar Kalaben Mohanbhai,BJP,2
Shri Sanjay Dina Patil,SS,Smt. Delkar Kalaben Mohanbhai,BJP,2
Smt. Delkar Kalaben Mohanbhai,BJP,Smt. Supriya Sule,NCP(SP),2
Shri Asaduddin Owaisi,AIMIM,Shri Ramprit Mandal,JD(U),2
Dr. Kalanidhi Veeraswamy,DMK,Dr. Kirsan Namdeo,INC,2
Shri Anup Sanjay Dhotre,BJP,Shri Rajeev Rai,SP,2
Dr. Prashant Yadaorao Padole,INC,Dr. Rani Srikumar,DMK,2
Adv Dean Kuriakose,INC,Shri Anand Bhadauria,SP,2
Adv Dean Kuriakose,INC,Shri Hanuman Beniwal,RLP,2
Adv Dean Kuriakose,INC,Shri Raja A,DMK,2
Adv Dean Kuriakose,INC,Shri Subbarayan K,CPI,2
Adv Dean Kuriakose,INC,Smt. Sajda Ahmed,AITC,2
Adv. Adoor Prakash,INC,Shri Anand Bhadauria,SP,2
Adv. Adoor Prakash,INC,Shri Hanuman Beniwal,RLP,2
Adv. Adoor Prakash,INC,Shri Raja A,DMK,2
Adv. Adoor Prakash,INC,Shri Subbarayan K,CPI,2
Adv. Adoor Prakash,INC,Smt. Sajda Ahmed,AITC,2
Dr. Kirsan Namdeo,INC,Shri  Selvaganapathi T.M.,DMK,2
Dr. Kirsan Namdeo,INC,Shri Anand Bhadauria,SP,2
Dr. Kirsan Namdeo,INC,Shri Hanuman Beniwal,RLP,2
Dr. Kirsan Namdeo,INC,Shri K Radhakrishnan,CPI(M),2
Dr. Kirsan Namdeo,INC,Shri Raja A,DMK,2
Dr. Kirsan Namdeo,INC,Shri Subbarayan K,CPI,2
Prof. Sougata Ray,AITC,Shri Hanuman Beniwal,RLP,2
Prof. Sougata Ray,AITC,Shri K Radhakrishnan,CPI(M),2
Shri  Selvaganapathi T.M.,DMK,Shri Hibi Eden,INC,2
Shri  Selvaganapathi T.M.,DMK,Smt. Sajda Ahmed,AITC,2
Shri Anand Bhadauria,SP,Shri Arvind Ganpat Sawant,SHS(UBT),2
Shri Anand Bhadauria,SP,Shri Bajrang Manohar Sonwane,NCP(SP),2
Shri Anand Bhadauria,SP,Shri Hanuman Beniwal,RLP,2
Shri Anand Bhadauria,SP,Shri Hibi Eden,INC,2
Shri Anand Bhadauria,SP,Shri K Radhakrishnan,CPI(M),2
Shri Anand Bhadauria,SP,Shri Saptagiri Sankar Ulaka,INC,2
Shri Bajrang Manohar Sonwane,NCP(SP),Shri K C Venugopal,INC,2
Shri Bajrang Manohar Sonwane,NCP(SP),Shri K Radhakrishnan,CPI(M),2
Shri Bajrang Manohar Sonwane,NCP(SP),Smt. Sajda Ahmed,AITC,2
Shri Hanuman Beniwal,RLP,Shri Hibi Eden,INC,2
Shri Hanuman Beniwal,RLP,Shri K C Venugopal,INC,2
Shri Hanuman Beniwal,RLP,Shri K Radhakrishnan,CPI(M),2
Shri Hanuman Beniwal,RLP,Shri Raja A,DMK,2
Shri Hanuman Beniwal,RLP,Shri Saptagiri Sankar Ulaka,INC,2
Shri Hanuman Beniwal,RLP,Shri Subbarayan K,CPI,2
Shri Hanuman Beniwal,RLP,Smt. Sajda Ahmed,AITC,2
Shri Hibi Eden,INC,Shri K Radhakrishnan,CPI(M),2
Shri Hibi Eden,INC,Shri Raja A,DMK,2
Shri Hibi Eden,INC,Shri Subbarayan K,CPI,2
Shri K C Venugopal,INC,Shri Raja A,DMK,2
Shri K C Venugopal,INC,Shri Subbarayan K,CPI,2
Shri K Radhakrishnan,CPI(M),Shri Raja A,DMK,2
Shri K Radhakrishnan,CPI(M),Shri Subbarayan K,CPI,2
Shri K Radhakrishnan,CPI(M),Smt. Sajda Ahmed,AITC,2
Shri Raja A,DMK,Shri Saptagiri Sankar Ulaka,INC,2
Shri Raja A,DMK,Shri Subbarayan K,CPI,2
Shri Raja A,DMK,Smt. Sajda Ahmed,AITC,2
Shri Saptagiri Sankar Ulaka,INC,Shri Subbarayan K,CPI,2
Shri Saptagiri Sankar Ulaka,INC,Smt. Sajda Ahmed,AITC,2
Shri Subbarayan K,CPI,Smt. Sajda Ahmed,AITC,2
Shri Anand Bhadauria,SP,Shri K Sudhakaran,INC,2
Dr. Shivaji Bandappa Kalge,INC,Shri Bidyut Baran Mahato,BJP,2
Dr. Shivaji Bandappa Kalge,INC,Shri Dulu Mahato,BJP,2
Shri Navaskani K,IUML,Shri Y S Avinash Reddy,YSRCP,2
Shri Navaskani K,IUML,Thiru Dayanidhi Maran,DMK,2
Shri Rajeev Rai,SP,Shri Y S Avinash Reddy,YSRCP,2
Shri Y S Avinash Reddy,YSRCP,Thiru Dayanidhi Maran,DMK,2
Dr. Prashant Yadaorao Padole,INC,Shri Y S Avinash Reddy,YSRCP,2
Dr. Shivaji Bandappa Kalge,INC,Shri Ravindra Shukla Alias Ravi Kishan,BJP,2
Shri  Selvaganapathi T.M.,DMK,Shri Dinesh Chandra Yadav,JD(U),2
Dr. Kirsan Namdeo,INC,Shri Dharambir Singh,BJP,2
Shri Darshan Singh Choudhary,BJP,Shri Sanjay Haribhau Jadhav,SS,2
Dr. Nishikant Dubey,BJP,Shri Ravindra Dattaram Waikar,SS,2
Shri Anto Antony,INC,Shri S Venkatesan,CPI(M),2
Shri S Venkatesan,CPI(M),Shri Saptagiri Sankar Ulaka,INC,2
Ms Iqra Choudhary,SP,Shri Shyamkumar Daulat Barve,INC,2
Shri Gyaneshwar Patil,BJP,Shri Omprakash Bhupalsinh Alias Pavan Rajenimbalkar,SS,2
Dr. Rajkumar Sangwan,RLD,Shri Dilip Saikia,BJP,2
Dr. Rajkumar Sangwan,RLD,Shri Ganesh Singh,BJP,2
Shri Bhartruhari Mahtab,BJP,Shri Y S Avinash Reddy,YSRCP,2
Dr. M P Abdussamad Samadani,IUML,Smt. Jyotsna Charandas Mahant,INC,2
Shri Harendra Singh Malik,SP,Shri Vijay Baghel,BJP,2
Shri Dineshbhai Makwana,BJP,Shri Sanjay Haribhau Jadhav,SS,2
Shri Mukeshkumar Chandrakaant Dalal,BJP,Shri Shrirang Appa Chandu Barne,SS,2
Dr. Alok Kumar Suman,JD(U),Shri Parbhubhai Nagarbhai Vasava,BJP,2
Dr. Rajkumar Sangwan,RLD,Smt. Aparajita Sarangi,BJP,2
Shri Balwant Baswant Wankhade,INC,Shri Rajesh Naranbhai Chudasama,BJP,2
Shri Anand Bhadauria,SP,Thiru D M Kathir Anand,DMK,2
Dr. Shivaji Bandappa Kalge,INC,Shri Kali Charan Singh,BJP,2
Shri Imran Masood,INC,Shri Rajeev Rai,SP,2
Dr. Alok Kumar Suman,JD(U),Shri Jugal Kishore,BJP,2
Dr. Alok Kumar Suman,JD(U),Smt. Shobhanaben Mahendrasinh Baraiya,BJP,2
Adv Dean Kuriakose,INC,Adv K. Francis George,KEC,2
Shri Dushyant Singh,BJP,Smt. Shambhavi,LJSP(RV),2
Dr. Amol Ramsing Kolhe,NCP(SP),Dr. Sanjay Jaiswal,BJP,2
Dr. Sanjay Jaiswal,BJP,Prof. Varsha Eknath Gaikwad,INC,2
Dr. Sanjay Jaiswal,BJP,Shri Bajrang Manohar Sonwane,NCP(SP),2
Dr. Sanjay Jaiswal,BJP,Shri Bhaskar Murlidhar Bhagare,NCP(SP),2
Dr. Sanjay Jaiswal,BJP,Shri Mohite Patil Dhairyasheel Rajsinh,NCP(SP),2
Dr. Sanjay Jaiswal,BJP,Shri Nilesh Dnyandev Lanke,NCP(SP),2
Dr. Sanjay Jaiswal,BJP,Shri Sanjay Dina Patil,SS,2
Dr. Sanjay Jaiswal,BJP,Smt. Supriya Sule,NCP(SP),2
Shri Bhartruhari Mahtab,BJP,Shri Harendra Singh Malik,SP,2
Shri Harendra Singh Malik,SP,Smt. Smita Uday Wagh,BJP,2
Shri Hibi Eden,INC,Shri Rajesh Ranjan,IND.,2
Adv. Adoor Prakash,INC,Shri Vishaldada Prakashbapu Patil,IND.,2
Shri Kuldeep Indora,INC,Shri Tejasvi Surya,BJP,2
Shri Ravindra Shukla Alias Ravi Kishan,BJP,Shri Satpal Brahamchari,INC,2
Dr. Amol Ramsing Kolhe,NCP(SP),Shri Manish Jaiswal,BJP,2
Prof. Varsha Eknath Gaikwad,INC,Shri Manish Jaiswal,BJP,2
Shri Bajrang Manohar Sonwane,NCP(SP),Shri Manish Jaiswal,BJP,2
Shri Bhaskar Murlidhar Bhagare,NCP(SP),Shri Manish Jaiswal,BJP,2
Shri Manish Jaiswal,BJP,Shri Mohite Patil Dhairyasheel Rajsinh,NCP(SP),2
Shri Manish Jaiswal,BJP,Shri Nilesh Dnyandev Lanke,NCP(SP),2
Shri Manish Jaiswal,BJP,Shri Sanjay Dina Patil,SS,2
Shri Manish Jaiswal,BJP,Smt. Supriya Sule,NCP(SP),2
Dr. Rajeev Bharadwaj,BJP,Shri Y S Avinash Reddy,YSRCP,2
Shri Radheshyam Rathiya,BJP,Smt. Geniben Nagaji Thakor,INC,2
Shri Balya Mama Suresh Gopinath Mhatre,NCP(SP),Shri Dulu Mahato,BJP,2
Shri Balya Mama Suresh Gopinath Mhatre,NCP(SP),Shri Yogender Chandolia,BJP,2
Shri Rajesh Ranjan,IND.,Smt. Jyotsna Charandas Mahant,INC,2
Dr. Alok Kumar Suman,JD(U),Shri Mukeshkumar Chandrakaant Dalal,BJP,2
Shri Nalin Soren,JMM,Shri Sanatan Pandey,SP,2
Dr. Nishikant Dubey,BJP,Dr. Shivaji Bandappa Kalge,INC,2
Dr. Shivaji Bandappa Kalge,INC,Shri Basavaraj Bommai,BJP,2
Dr. Shivaji Bandappa Kalge,INC,Shri Manoj Tiwari,BJP,2
Dr. Shivaji Bandappa Kalge,INC,Shri Suresh Kumar Kashyap,BJP,2
Dr. Shivaji Bandappa Kalge,INC,Smt. Kamaljeet Sehrawat,BJP,2
Dr. Shivaji Bandappa Kalge,INC,Smt. Shobhanaben Mahendrasinh Baraiya,BJP,2
Shri Alok Sharma,BJP,Shri Balya Mama Suresh Gopinath Mhatre,NCP(SP),2
Shri Balya Mama Suresh Gopinath Mhatre,NCP(SP),Shri Bibhu Prasad Tarai,BJP,2
Shri Balya Mama Suresh Gopinath Mhatre,NCP(SP),Shri Hasmukhbhai Somabhai Patel,BJP,2
Shri Balya Mama Suresh Gopinath Mhatre,NCP(SP),Shri Janardan Singh Sigriwal,BJP,2
Shri Balya Mama Suresh Gopinath Mhatre,NCP(SP),Shri Praveen Patel,BJP,2
Shri Balya Mama Suresh Gopinath Mhatre,NCP(SP),Shri Vishweshwar Hegde Kageri,BJP,2
Shri Balya Mama Suresh Gopinath Mhatre,NCP(SP),Smt. Shobhanaben Mahendrasinh Baraiya,BJP,2
Dr. M P Abdussamad Samadani,IUML,Shri Benny Behanan,INC,2
Dr. Shivaji Bandappa Kalge,INC,Shri Dineshbhai Makwana,BJP,2
Dr. Shivaji Bandappa Kalge,INC,Shri Mukeshkumar Chandrakaant Dalal,BJP,2
Adv. Adoor Prakash,INC,Dr. M P Abdussamad Samadani,IUML,2
Shri Hanuman Beniwal,RLP,Shri Manish Jaiswal,BJP,2
Shri Devesh Chandra Thakur,JD(U),Smt. Manju Sharma,BJP,2
Ms. S Jothimani,INC,Shri Rajesh Ranjan,IND.,2
Dr. M P Abdussamad Samadani,IUML,Shri K C Venugopal,INC,2
Shri Aashtikar Patil Nagesh Bapurao,SS,Shri Kripanath Mallah,BJP,2
Shri Anand Bhadauria,SP,Smt. Geniben Nagaji Thakor,INC,2
Adv. Chandra Shekhar,ASP (KR),Dr. Kirsan Namdeo,INC,2
Dr. Kirsan Namdeo,INC,Shri Gaddigoudar Parvatagouda Chandanagouda,BJP,2
Shri Balya Mama Suresh Gopinath Mhatre,NCP(SP),Shri Kali Charan Singh,BJP,2
Shri Rahul Kaswan,INC,Shri Vishnu Dayal Ram,BJP,2
Shri Pradeep Purohit,BJP,Smt. Geniben Nagaji Thakor,INC,2
Shri Bastipati Nagaraju,TDP,Shri Naba Charan Majhi,BJP,2
Shri Bastipati Nagaraju,TDP,Shri Vijay Kumar Dubey,BJP,2
Shri Bhartruhari Mahtab,BJP,Shri Karti P Chidambaram,INC,2
Shri Balashowry Vallabhaneni,JSP,Shri Daroga Prasad Saroj,SP,2
Shri Asaduddin Owaisi,AIMIM,Shri Murari Lal Meena,INC,2
Shri Jagdambika Pal,BJP,Shri Y S Avinash Reddy,YSRCP,2
Prof. Sougata Ray,AITC,Shri Vijayakumar Alias Vijay Vasanth,INC,2
Adv. Chandra Shekhar,ASP (KR),Dr. Mohammad Jawed,INC,2
Shri Manoj Tiwari,BJP,Shri Murari Lal Meena,INC,2
Shri Murari Lal Meena,INC,Shri Naba Charan Majhi,BJP,2
Shri Murari Lal Meena,INC,Shri Tejasvi Surya,BJP,2
Shri Murari Lal Meena,INC,Smt. Smita Uday Wagh,BJP,2
Shri Rajesh Naranbhai Chudasama,BJP,Shri Y S Avinash Reddy,YSRCP,2
Shri Raja A,DMK,Shri S Venkatesan,CPI(M),2
Dr. Bachhav Shobha Dinesh,INC,Shri Ravindra Dattaram Waikar,SS,2
Shri Hibi Eden,INC,Shri Pradyut Bordoloi,Unknown,2
Shri Hibi Eden,INC,Shri Vishaldada Prakashbapu Patil,IND.,2
Shri K Sudhakaran,INC,Shri Vishaldada Prakashbapu Patil,IND.,2
Shri Pradyut Bordoloi,Unknown,Shri Vishaldada Prakashbapu Patil,IND.,2
Shri Gyaneshwar Patil,BJP,Shri Sanjay Haribhau Jadhav,SS,2
Shri Balya Mama Suresh Gopinath Mhatre,NCP(SP),Shri Ramvir Singh Bidhuri,BJP,2
Shri Jugal Kishore,BJP,Shri Murari Lal Meena,INC,2
Shri Khagen Murmu,BJP,Shri Murari Lal Meena,INC,2
Shri Murari Lal Meena,INC,Smt. Kamaljeet Sehrawat,BJP,2
Shri Anand Bhadauria,SP,Smt. Mala Roy,AITC,2
Shri Arvind Ganpat Sawant,SHS(UBT),Smt. Mala Roy,AITC,2
Shri Shrirang Appa Chandu Barne,SS,Smt. Mala Roy,AITC,2
Dr. Alok Kumar Suman,JD(U),Shri Ganesh Singh,BJP,2
Dr. Alok Kumar Suman,JD(U),Smt. Kriti Devi Debbarman,BJP,2
Ms Kangna Ranaut,BJP,Shri Satpal Brahamchari,INC,2
Shri Balya Mama Suresh Gopinath Mhatre,NCP(SP),Smt. Sangeeta Kumari Singh Deo,BJP,2
Shri Naba Charan Majhi,BJP,Shri Satpal Brahamchari,INC,2
Dr. Hemant Vishnu Savara,BJP,Shri Murari Lal Meena,INC,2
Dr. Sanjay Jaiswal,BJP,Shri Murari Lal Meena,INC,2
Shri Anil Firojiya,BJP,Shri Murari Lal Meena,INC,2
Shri Balya Mama Suresh Gopinath Mhatre,NCP(SP),Shri Devendra Singh Alias Bhole Singh,BJP,2
Shri Balya Mama Suresh Gopinath Mhatre,NCP(SP),Shri Janardan Mishra,BJP,2
Shri Basavaraj Bommai,BJP,Shri Murari Lal Meena,INC,2
Shri Ganesh Singh,BJP,Shri Murari Lal Meena,INC,2
Shri Murari Lal Meena,INC,Shri P C Mohan,BJP,2
Shri Murari Lal Meena,INC,Shri P P Chaudhary,BJP,2
Dr. D Ravi Kumar,VCK,Shri Pradyut Bordoloi,Unknown,2
Shri Balya Mama Suresh Gopinath Mhatre,NCP(SP),Shri Dhaval Laxmanbhai Patel,BJP,2
Shri Manoj Tiwari,BJP,Shri Satpal Brahamchari,INC,2
Dr. Amar Singh,INC,Shri Vishaldada Prakashbapu Patil,IND.,2
Com. Selvaraj V,CPI,Smt. Mala Roy,AITC,2
Shri Subbarayan K,CPI,Smt. Mala Roy,AITC,2
Shri Pradyut Bordoloi,Unknown,Shri Sudama Prasad,CPI(ML)(L),2
Dr. Hemant Vishnu Savara,BJP,Shri Bastipati Nagaraju,TDP,2
Shri Murari Lal Meena,INC,Shri Vishnu Dayal Ram,BJP,2
Dr. Rani Srikumar,DMK,Shri Dushyant Singh,BJP,2
Dr. Pradeep Kumar Panigrahy,BJP,Shri Balya Mama Suresh Gopinath Mhatre,NCP(SP),2
Dr. Nishikant Dubey,BJP,Shri Balwant Baswant Wankhade,INC,2
Shri Balwant Baswant Wankhade,INC,Shri Dharambir Singh,BJP,2
Shri Balwant Baswant Wankhade,INC,Shri Mukesh Rajput,BJP,2
Shri Balwant Baswant Wankhade,INC,Shri Vishnu Dayal Ram,BJP,2
Dr. Alok Kumar Suman,JD(U),Smt. Aparajita Sarangi,BJP,2
Shri Navaskani K,IUML,Shri Raja A,DMK,2
Adv. Adoor Prakash,INC,Shri Pradyut Bordoloi,Unknown,2
Shri Pradyut Bordoloi,Unknown,Shri Sukhdeo Bhagat,INC,2
Shri Vijayakumar Alias Vijay Vasanth,INC,Smt. Mala Roy,AITC,2
Dr. Alok Kumar Suman,JD(U),Shri Balya Mama Suresh Gopinath Mhatre,NCP(SP),2
Shri Anand Bhadauria,SP,Shri Pradyut Bordoloi,Unknown,2
Shri Pradyut Bordoloi,Unknown,Smt. Sajda Ahmed,AITC,2
Ms. S Jothimani,INC,Shri Pradyut Bordoloi,Unknown,2
Dr. Alok Kumar Suman,JD(U),Dr. Rajeev Bharadwaj,BJP,2
Dr. Alok Kumar Suman,JD(U),Shri Dilip Saikia,BJP,2
Shri Anto Antony,INC,Shri Vishaldada Prakashbapu Patil,IND.,2
Shri K Radhakrishnan,CPI(M),Shri Vishaldada Prakashbapu Patil,IND.,2
Dr. Alok Kumar Suman,JD(U),Shri Ravindra Shukla Alias Ravi Kishan,BJP,2
Dr. T Sumathy Alias Thamizhachi Thangapandian,DMK,Shri Anand Bhadauria,SP,2
Shri Balya Mama Suresh Gopinath Mhatre,NCP(SP),Shri Jagdambika Pal,BJP,2
Shri Dharmendra Yadav,SP,Shri Omprakash Bhupalsinh Alias Pavan Rajenimbalkar,SS,2
Shri Abhay Kumar Sinha,RJD,Shri Dulu Mahato,BJP,1
Shri Shashank Mani,BJP,Shri Y S Avinash Reddy,YSRCP,1
Shri Magunta Sreenivasulu Reddy,TDP,Shri Tangella Uday Srinivas,JSP,1
Shri Kaushalendra Kumar,JD(U),Smt. Poonamben Hematbhai Maadam,BJP,1
Shri Hanuman Beniwal,RLP,Shri Rajesh Ranjan,IND.,1
Shri Rajesh Ranjan,IND.,Shri Rajkumar Roat,BAP,1
Shri Dilip Saikia,BJP,Shri Zia Ur Rehman,SP,1
Dr. Kirsan Namdeo,INC,Dr. Sanjay Jaiswal,BJP,1
Dr. Kirsan Namdeo,INC,Shri Dulu Mahato,BJP,1
Dr. Kirsan Namdeo,INC,Shri Jashubhai Bhilubhai Rathva,BJP,1
Dr. Kirsan Namdeo,INC,Shri Kanwar Singh Tanwar,BJP,1
Dr. Kirsan Namdeo,INC,Shri Khagen Murmu,BJP,1
Dr. Kirsan Namdeo,INC,Shri Naba Charan Majhi,BJP,1
Dr. Kirsan Namdeo,INC,Shri P C Mohan,BJP,1
Dr. Kirsan Namdeo,INC,Shri Pratap Chandra Sarangi,BJP,1
Dr. Kirsan Namdeo,INC,Shri Praveen Patel,BJP,1
Dr. Kirsan Namdeo,INC,Shri Ramesh Awasthi,BJP,1
Shri Bharat Singh Kushwah,BJP,Shri Tharaniventhan M S,DMK,1
Shri Darshan Singh Choudhary,BJP,Shri Tharaniventhan M S,DMK,1
Shri Arvind Dharmapuri,BJP,Shri Lavu Sri Krishna Devarayalu,TDP,1
Adv. Chandra Shekhar,ASP (KR),Shri Rajkumar Roat,BAP,1
Shri Avimanyu Sethi,BJP,Shri Tatkare Sunil Dattatrey,NCP,1
Shri Chavan Ravindra Vasantrao,INC,Shri Rahul Singh Lodhi,BJP,1
Shri Chavan Ravindra Vasantrao,INC,Shri Tatkare Sunil Dattatrey,NCP,1
Shri Dhairyasheel Sambhajirao Mane,SS,Shri Tatkare Sunil Dattatrey,NCP,1
Shri Haribhai Patel,BJP,Shri Tatkare Sunil Dattatrey,NCP,1
Shri Satish Kumar Gautam,BJP,Shri Tatkare Sunil Dattatrey,NCP,1
Shri Sudheer Gupta,BJP,Shri Tatkare Sunil Dattatrey,NCP,1
Dr. Kalanidhi Veeraswamy,DMK,Smt. Roopkumari Choudhary,BJP,1
Shri Giridhari Yadav,JD(U),Shri Kesineni Sivanath,TDP,1
Shri Kaushalendra Kumar,JD(U),Shri Kesineni Sivanath,TDP,1
Dr. C M Ramesh,BJP,Shri Mohite Patil Dhairyasheel Rajsinh,NCP(SP),1
Prof. Varsha Eknath Gaikwad,INC,Shri Anup Sanjay Dhotre,BJP,1
Shri Kuldeep Indora,INC,Shri Zia Ur Rehman,SP,1
Shri Sudama Prasad,CPI(ML)(L),Smt. Kanimozhi Karunanidhi,DMK,1
Shri Ashish Dubey,BJP,Shri Imran Masood,INC,1
Shri Imran Masood,INC,Shri Rahul Singh Lodhi,BJP,1
Shri Imran Masood,INC,Shri Ramvir Singh Bidhuri,BJP,1
Ms. Praniti Sushilkumar Shinde,INC,Shri Arvind Ganpat Sawant,SHS(UBT),1
Ms. Praniti Sushilkumar Shinde,INC,Shri K Radhakrishnan,CPI(M),1
Shri  Radhakrishna,INC,Shri G Lakshminarayana,TDP,1
Shri Biplab Kumar Deb,BJP,Shri Chavan Ravindra Vasantrao,INC,1
Dr. Bhola Singh,BJP,Smt. Rachna Banerjee,AITC,1
Dr. Prabha Mallikarjun,INC,Shri Zia Ur Rehman,SP,1
Dr. Rajkumar Sangwan,RLD,Shri Kuldeep Indora,INC,1
Shri Ajendra Singh Lodhi,SP,Shri Rahul Gandhi,INC,1
Dr. Kalanidhi Veeraswamy,DMK,Dr. Nishikant Dubey,BJP,1
Dr. Kalanidhi Veeraswamy,DMK,Dr. Sanjay Jaiswal,BJP,1
Dr. Kalanidhi Veeraswamy,DMK,Shri Alok Sharma,BJP,1
Dr. Kalanidhi Veeraswamy,DMK,Shri Anil Firojiya,BJP,1
Dr. Kalanidhi Veeraswamy,DMK,Shri Anup Sanjay Dhotre,BJP,1
Dr. Kalanidhi Veeraswamy,DMK,Shri Arvind Dharmapuri,BJP,1
Dr. Kalanidhi Veeraswamy,DMK,Shri Avimanyu Sethi,BJP,1
Dr. Kalanidhi Veeraswamy,DMK,Shri Balabhadra Majhi,BJP,1
Dr. Kalanidhi Veeraswamy,DMK,Shri Damodar Agrawal,BJP,1
Dr. Kalanidhi Veeraswamy,DMK,Shri Dhairyasheel Sambhajirao Mane,SS,1
Dr. Kalanidhi Veeraswamy,DMK,Shri Mahesh Kashyap,BJP,1
Dr. Kalanidhi Veeraswamy,DMK,Shri Naba Charan Majhi,BJP,1
Dr. Kalanidhi Veeraswamy,DMK,Shri Pradeep Kumar Singh,BJP,1
Dr. Kalanidhi Veeraswamy,DMK,Shri Radheshyam Rathiya,BJP,1
Dr. Kalanidhi Veeraswamy,DMK,Shri Rahul Singh Lodhi,BJP,1
Dr. Kalanidhi Veeraswamy,DMK,Shri Ramesh Awasthi,BJP,1
Dr. Kalanidhi Veeraswamy,DMK,Shri Ravindra Shukla Alias Ravi Kishan,BJP,1
Dr. Kalanidhi Veeraswamy,DMK,Shri Satish Kumar Gautam,BJP,1
Dr. Kalanidhi Veeraswamy,DMK,Shri Shashank Mani,BJP,1
Dr. Kalanidhi Veeraswamy,DMK,Shri Sudheer Gupta,BJP,1
Dr. Kalanidhi Veeraswamy,DMK,Shri Yogender Chandolia,BJP,1
Dr. Kalanidhi Veeraswamy,DMK,Smt. Anita Nagarsingh Chouhan,BJP,1
Dr. Kalanidhi Veeraswamy,DMK,Smt. Mala Rajya Laxmi Shah,BJP,1
Dr. Kalanidhi Veeraswamy,DMK,Smt. Smita Uday Wagh,BJP,1
Shri Arvind Dharmapuri,BJP,Shri Dhairyasheel Sambhajirao Mane,SS,1
Shri Dhairyasheel Sambhajirao Mane,SS,Smt. Anita Nagarsingh Chouhan,BJP,1
Dr. Raj Kumar Chabbewal,AAP,Dr. Shrikant Eknath Shinde,SS,1
Dr. Raj Kumar Chabbewal,AAP,Shri Naresh Ganpat Mhaske,SS,1
Dr. Raj Kumar Chabbewal,AAP,Shri Ravindra Dattaram Waikar,SS,1
Dr. Raj Kumar Chabbewal,AAP,Shri Shrirang Appa Chandu Barne,SS,1
Dr. Raj Kumar Chabbewal,AAP,Smt. Bharti Pardhi,BJP,1
Shri Arun Govil,BJP,Shri Sanjay Haribhau Jadhav,SS,1
Shri Bunty Vivek Sahu,BJP,Shri Sanjay Haribhau Jadhav,SS,1
Shri Jugal Kishore,BJP,Shri Sanjay Haribhau Jadhav,SS,1
Shri P P Chaudhary,BJP,Shri Sanjay Haribhau Jadhav,SS,1
Shri Sanjay Haribhau Jadhav,SS,Smt. Shobhanaben Mahendrasinh Baraiya,BJP,1
Shri Chandra Prakash Choudhary,AJSU,Shri Rahul Singh Lodhi,BJP,1
Shri Giridhari Yadav,JD(U),Shri Kunduru Raghuveer,INC,1
Dr. Shivaji Bandappa Kalge,INC,Shri Raju Bista,BJP,1
Shri Bhumare Sandipanrao Asaram,SS,Shri Raju Bista,BJP,1
Shri Nilesh Dnyandev Lanke,NCP(SP),Shri Raju Bista,BJP,1
Dr. D Ravi Kumar,VCK,Shri Baijayant Panda,BJP,1
Shri Ashish Dubey,BJP,Shri Kaushalendra Kumar,JD(U),1
Shri Sanjay Haribhau Jadhav,SS,Smt. Manju Sharma,BJP,1
Shri Sanjay Uttamrao Deshmukh,SS,Smt. Manju Sharma,BJP,1
Dr. Byreddy Shabari,TDP,Dr. Hemang Joshi,BJP,1
Dr. Byreddy Shabari,TDP,Shri Avimanyu Sethi,BJP,1
Dr. Byreddy Shabari,TDP,Shri Balabhadra Majhi,BJP,1
Dr. Byreddy Shabari,TDP,Shri Bunty Vivek Sahu,BJP,1
Dr. Byreddy Shabari,TDP,Shri Chavda Vinod Lakhamshi,BJP,1
Dr. Byreddy Shabari,TDP,Shri Devusinh Chauhan,BJP,1
Dr. Byreddy Shabari,TDP,Shri Haribhai Patel,BJP,1
Dr. Byreddy Shabari,TDP,Shri Jashubhai Bhilubhai Rathva,BJP,1
Dr. Byreddy Shabari,TDP,Shri Madhavaneni Raghunandan Rao,BJP,1
Dr. Byreddy Shabari,TDP,Shri Manish Jaiswal,BJP,1
Dr. Byreddy Shabari,TDP,Shri Manoj Tiwari,BJP,1
Dr. Byreddy Shabari,TDP,Shri Naba Charan Majhi,BJP,1
Dr. Byreddy Shabari,TDP,Shri Rajiv Pratap Rudy,BJP,1
Dr. Byreddy Shabari,TDP,Shri Sudheer Gupta,BJP,1
Dr. Byreddy Shabari,TDP,Shri Vijay Kumar Dubey,BJP,1
Dr. Byreddy Shabari,TDP,Shri Vivek Thakur,BJP,1
Dr. Byreddy Shabari,TDP,Smt. Aparajita Sarangi,BJP,1
Dr. Byreddy Shabari,TDP,Smt. Mala Rajya Laxmi Shah,BJP,1
Dr. Byreddy Shabari,TDP,Smt. Malvika Devi,BJP,1
Dr. Byreddy Shabari,TDP,Smt. Smita Uday Wagh,BJP,1
Dr. Sanjay Jaiswal,BJP,Shri Sanjay Haribhau Jadhav,SS,1
Shri Amar Sharadrao Kale,NCP(SP),Shri Anurag Sharma,BJP,1
Shri Amar Sharadrao Kale,NCP(SP),Shri Sanjay Haribhau Jadhav,SS,1
Shri Bhojraj Nag,BJP,Shri Sanjay Haribhau Jadhav,SS,1
Shri Godam Nagesh,BJP,Shri Sanjay Haribhau Jadhav,SS,1
Shri Kali Charan Singh,BJP,Shri Sanjay Haribhau Jadhav,SS,1
Shri Kota Srinivasa Poojary,BJP,Shri Sanjay Haribhau Jadhav,SS,1
Shri Krishna Prasad Tenneti,TDP,Shri Sanjay Haribhau Jadhav,SS,1
Shri Mahendra Singh Solanky,BJP,Shri Sanjay Haribhau Jadhav,SS,1
Shri Mahendra Singh Solanky,BJP,Shri Sunil Kumar,JD(U),1
Shri Manoj Tiwari,BJP,Shri Sanjay Haribhau Jadhav,SS,1
Shri Miteshbhai Rameshbhai Patel,BJP,Shri Sanjay Haribhau Jadhav,SS,1
Shri Nalin Soren,JMM,Shri Sanjay Haribhau Jadhav,SS,1
Shri Sanjay Haribhau Jadhav,SS,Shri Shivmangal Singh Tomar,BJP,1
Shri Sanjay Haribhau Jadhav,SS,Shri Sudheer Gupta,BJP,1
Shri Sanjay Haribhau Jadhav,SS,Shri Sunil Kumar,JD(U),1
Shri Sanjay Haribhau Jadhav,SS,Shri Yogender Chandolia,BJP,1
Shri Sanjay Haribhau Jadhav,SS,Smt. Mala Rajya Laxmi Shah,BJP,1
Shri Dhaval Laxmanbhai Patel,BJP,Shri Dileshwar Kamait,JD(U),1
Shri Anurag Sharma,BJP,Shri Tharaniventhan M S,DMK,1
Shri Captain Brijesh Chowta,BJP,Shri Sasikanth Senthil,INC,1
Shri Eswarasamy K,DMK,Shri K Gopinath,INC,1
Dr. Sambit Patra,BJP,Dr. Shivaji Bandappa Kalge,INC,1
Dr. M P Abdussamad Samadani,IUML,Shri Ashish Dubey,BJP,1
Shri Amar Sharadrao Kale,NCP(SP),Shri Chintamani Maharaj,BJP,1
Shri Rakesh Rathor,INC,Shri Ramvir Singh Bidhuri,BJP,1
Dr. Bhola Singh,BJP,Shri Kaushalendra Kumar,JD(U),1
Dr. Manna Lal Rawat,BJP,Shri Kaushalendra Kumar,JD(U),1
Shri Anup Sanjay Dhotre,BJP,Shri Kaushalendra Kumar,JD(U),1
Shri Bidyut Baran Mahato,BJP,Shri Kaushalendra Kumar,JD(U),1
Shri Captain Brijesh Chowta,BJP,Shri Kaushalendra Kumar,JD(U),1
Shri Chandra Prakash Choudhary,AJSU,Shri Kanwar Singh Tanwar,BJP,1
Shri Chandra Prakash Choudhary,AJSU,Shri Kaushalendra Kumar,JD(U),1
Shri Chandra Prakash Choudhary,AJSU,Shri Rajpalsinh Mahendrasinh Jadav,BJP,1
Shri Chandra Prakash Choudhary,AJSU,Shri Sukhjinder Singh Randhawa,INC,1
Shri Chavda Vinod Lakhamshi,BJP,Shri Kaushalendra Kumar,JD(U),1
Shri Devusinh Chauhan,BJP,Shri Sukhjinder Singh Randhawa,INC,1
Shri Dineshbhai Makwana,BJP,Shri Kaushalendra Kumar,JD(U),1
Shri Haribhai Patel,BJP,Shri Kaushalendra Kumar,JD(U),1
Shri Jagdambika Pal,BJP,Shri Kaushalendra Kumar,JD(U),1
Shri Kanwar Singh Tanwar,BJP,Shri Kaushalendra Kumar,JD(U),1
Shri Kaushalendra Kumar,JD(U),Shri Mahendra Singh Solanky,BJP,1
Shri Kaushalendra Kumar,JD(U),Shri Pradeep Purohit,BJP,1
Shri Kaushalendra Kumar,JD(U),Shri Rajpalsinh Mahendrasinh Jadav,BJP,1
Shri Kaushalendra Kumar,JD(U),Shri Rodmal Nagar,BJP,1
Shri Kaushalendra Kumar,JD(U),Shri Sukhjinder Singh Randhawa,INC,1
Shri Kaushalendra Kumar,JD(U),Smt. Mahima Kumari Mewar,BJP,1
Shri Kaushalendra Kumar,JD(U),Smt. Shobhanaben Mahendrasinh Baraiya,BJP,1
Shri Pradeep Purohit,BJP,Shri Sukhjinder Singh Randhawa,INC,1
Shri Rajpalsinh Mahendrasinh Jadav,BJP,Shri Sukhjinder Singh Randhawa,INC,1
Dr. C N Manjunath,BJP,Shri Benny Behanan,INC,1
Dr. Prashant Yadaorao Padole,INC,Shri Amar Sharadrao Kale,NCP(SP),1
Dr. Prashant Yadaorao Padole,INC,Shri Avimanyu Sethi,BJP,1
Dr. Prashant Yadaorao Padole,INC,Shri Gajendra  Singh Patel,BJP,1
Dr. Prashant Yadaorao Padole,INC,Shri Gopal Jee Thakur,BJP,1
Dr. Prashant Yadaorao Padole,INC,Shri Haribhai Patel,BJP,1
Dr. Prashant Yadaorao Padole,INC,Shri Kanwar Singh Tanwar,BJP,1
Dr. Prashant Yadaorao Padole,INC,Shri Rahul Singh Lodhi,BJP,1
Dr. Prashant Yadaorao Padole,INC,Shri Rajesh Naranbhai Chudasama,BJP,1
Dr. Prashant Yadaorao Padole,INC,Shri Ramvir Singh Bidhuri,BJP,1
Dr. Prashant Yadaorao Padole,INC,Shri Yaduveer Wadiyar,BJP,1
Dr. Prashant Yadaorao Padole,INC,Smt. Mala Rajya Laxmi Shah,BJP,1
Shri Amar Sharadrao Kale,NCP(SP),Shri Gajendra  Singh Patel,BJP,1
Shri Amar Sharadrao Kale,NCP(SP),Shri Kanwar Singh Tanwar,BJP,1
Shri Amar Sharadrao Kale,NCP(SP),Shri Ramvir Singh Bidhuri,BJP,1
Shri Daggumalla Prasada Rao,TDP,Shri Manish Tewari,INC,1
Shri Lavu Sri Krishna Devarayalu,TDP,Shri Manish Tewari,INC,1
Shri Biplab Kumar Deb,BJP,Shri Tharaniventhan M S,DMK,1
Shri Tejasvi Surya,BJP,Shri Tharaniventhan M S,DMK,1
Dr. Rajkumar Sangwan,RLD,Shri Ramasahayam Raghuram Reddy,INC,1
Dr. Rajkumar Sangwan,RLD,Shri Saptagiri Sankar Ulaka,INC,1
Dr. Bhola Singh,BJP,Shri G M Harish Balayogi,TDP,1
Dr. Bhola Singh,BJP,Shri Raja A,DMK,1
Dr. Hemant Vishnu Savara,BJP,Shri Raja A,DMK,1
Dr. Manna Lal Rawat,BJP,Shri Raja A,DMK,1
Shri Amar Sharadrao Kale,NCP(SP),Shri G M Harish Balayogi,TDP,1
Shri Amar Sharadrao Kale,NCP(SP),Shri Raja A,DMK,1
Shri Amar Sharadrao Kale,NCP(SP),Shri Rajiv Pratap Rudy,BJP,1
Shri Anup Sanjay Dhotre,BJP,Shri Raja A,DMK,1
Shri Bibhu Prasad Tarai,BJP,Shri Raja A,DMK,1
Shri Bidyut Baran Mahato,BJP,Shri Raja A,DMK,1
Shri Damodar Agrawal,BJP,Shri Raja A,DMK,1
Shri Dilip Saikia,BJP,Shri Raja A,DMK,1
Shri Dineshbhai Makwana,BJP,Shri Raja A,DMK,1
Shri G M Harish Balayogi,TDP,Shri Raja A,DMK,1
Shri Gopal Jee Thakur,BJP,Shri Raja A,DMK,1
Shri Jagdambika Pal,BJP,Shri Raja A,DMK,1
Shri Janardan Mishra,BJP,Shri Raja A,DMK,1
Shri Lumbaram Choudhary,BJP,Shri Raja A,DMK,1
Shri Manoj Tiwari,BJP,Shri Raja A,DMK,1
Shri Naba Charan Majhi,BJP,Shri Raja A,DMK,1
Shri P P Chaudhary,BJP,Shri Raja A,DMK,1
Shri Pradeep Kumar Singh,BJP,Shri Raja A,DMK,1
Shri Praveen Patel,BJP,Shri Raja A,DMK,1
Shri Raja A,DMK,Shri Rajiv Pratap Rudy,BJP,1
Shri Raja A,DMK,Shri Satish Kumar Gautam,BJP,1
Shri Raja A,DMK,Shri Sukanta Kumar Panigrahi,BJP,1
Shri Raja A,DMK,Shri Suresh Kumar Kashyap,BJP,1
Shri Raja A,DMK,Shri Tejasvi Surya,BJP,1
Shri Raja A,DMK,Shri Vijay Baghel,BJP,1
Shri Raja A,DMK,Shri Vishweshwar Hegde Kageri,BJP,1
Shri Raja A,DMK,Shri Yogender Chandolia,BJP,1
Shri Raja A,DMK,Smt. Kamaljeet Sehrawat,BJP,1
Shri Raja A,DMK,Smt. Kamlesh Jangde,BJP,1
Shri Raja A,DMK,Smt. Mahima Kumari Mewar,BJP,1
Shri Raja A,DMK,Smt. Smita Uday Wagh,BJP,1
Shri Captain Viriato Fernandes,INC,Shri Rajesh Naranbhai Chudasama,BJP,1
Shri Rajesh Naranbhai Chudasama,BJP,Shri Ramasahayam Raghuram Reddy,INC,1
Shri Kanwar Singh Tanwar,BJP,Smt. Sanjna Jatav,INC,1
Shri Ramvir Singh Bidhuri,BJP,Smt. Sanjna Jatav,INC,1
Shri Janardan Mishra,BJP,Shri Sunil Kumar,JD(U),1
Shri S Venkatesan,CPI(M),Shri Shyamkumar Daulat Barve,INC,1
Shri Alok Sharma,BJP,Shri Tanuj Punia,INC,1
Shri Bhartruhari Mahtab,BJP,Shri Tanuj Punia,INC,1
Shri Gopal Jee Thakur,BJP,Shri Tanuj Punia,INC,1
Shri Jagdambika Pal,BJP,Shri Tanuj Punia,INC,1
Shri Janardan Mishra,BJP,Shri Tanuj Punia,INC,1
Shri Manish Jaiswal,BJP,Shri Tanuj Punia,INC,1
Shri Satish Kumar Gautam,BJP,Shri Tanuj Punia,INC,1
Shri Tanuj Punia,INC,Smt. Himadri Singh,BJP,1
Shri Tanuj Punia,INC,Smt. Mala Rajya Laxmi Shah,BJP,1
Shri Tanuj Punia,INC,Smt. Shobhanaben Mahendrasinh Baraiya,BJP,1
Shri Bunty Vivek Sahu,BJP,Shri Utkarsh Verma Madhur,SP,1
Shri Chandan Chauhan,RLD,Shri Lalji Verma,SP,1
Shri Dhaval Laxmanbhai Patel,BJP,Smt. June Maliah,AITC,1
Shri Neeraj Maurya,SP,Shri Sunil Bose,INC,1
Shri Eswarasamy K,DMK,Shri Murari Lal Meena,INC,1
Shri Dinesh Chandra Yadav,JD(U),Shri Sanjay Uttamrao Deshmukh,SS,1
Shri Kaushalendra Kumar,JD(U),Shri Sanjay Uttamrao Deshmukh,SS,1
Shri Anil Yeshwant Desai,SHS(UBT),Shri Biplab Kumar Deb,BJP,1
Shri Amar Sharadrao Kale,NCP(SP),Shri Tapir Gao,BJP,1
Shri Ashish Dubey,BJP,Smt. Sanjna Jatav,INC,1
Shri Chavan Ravindra Vasantrao,INC,Shri Devusinh Chauhan,BJP,1
Shri Devusinh Chauhan,BJP,Smt. Sanjna Jatav,INC,1
Shri Pradeep Purohit,BJP,Smt. Sanjna Jatav,INC,1
Shri Radheshyam Rathiya,BJP,Smt. Sanjna Jatav,INC,1
Smt. Malvika Devi,BJP,Smt. Sanjna Jatav,INC,1
Shri Amar Sharadrao Kale,NCP(SP),Shri Mahesh Kashyap,BJP,1
Shri Amar Sharadrao Kale,NCP(SP),Smt. Anita Nagarsingh Chouhan,BJP,1
Shri Mukesh Rajput,BJP,Shri Sukhjinder Singh Randhawa,INC,1
Dr. C M Ramesh,BJP,Smt. Jyotsna Charandas Mahant,INC,1
Dr. Alok Kumar Suman,JD(U),Shri Konda Vishweshwar Reddy,BJP,1
Dr. Alok Kumar Suman,JD(U),Shri Rajesh Ranjan,IND.,1
Shri Konda Vishweshwar Reddy,BJP,Shri Rajesh Ranjan,IND.,1
Adv Gowaal Kagada Padavi,INC,Shri Naveen Jindal,BJP,1
Shri Adhikari Deepak Dev,AITC,Shri Saumitra Khan,BJP,1
Shri Amar Sharadrao Kale,NCP(SP),Shri Chandra Prakash Choudhary,AJSU,1
Dr. M K Vishnu Prasad,INC,Shri Lavu Sri Krishna Devarayalu,TDP,1
Shri Lavu Sri Krishna Devarayalu,TDP,Shri Murari Lal Meena,INC,1
Dr. Sanjay Jaiswal,BJP,Shri G M Harish Balayogi,TDP,1
Shri G M Harish Balayogi,TDP,Shri Radheshyam Rathiya,BJP,1
Shri G M Harish Balayogi,TDP,Shri Rahul Singh Lodhi,BJP,1
Dr. Ganapathy Rajkumar P,DMK,Dr. M K Vishnu Prasad,INC,1
Dr. M K Vishnu Prasad,INC,Shri  Selvaganapathi T.M.,DMK,1
Dr. M K Vishnu Prasad,INC,Shri K E Prakash,DMK,1
Shri Sunil Kumar,JD(U),Shri Tapir Gao,BJP,1
Shri Sunil Kumar,JD(U),Smt. Anita Nagarsingh Chouhan,BJP,1
Dr. Ganapathy Rajkumar P,DMK,Shri Jai Prakash,BJP,1
Shri Chavan Ravindra Vasantrao,INC,Shri Kali Charan Singh,BJP,1
Shri Dhairyasheel Sambhajirao Mane,SS,Shri Kali Charan Singh,BJP,1
Com. Selvaraj V,CPI,Dr. Gumma Thanuja Rani,YSRCP,1
Dr. Gumma Thanuja Rani,YSRCP,Shri Subbarayan K,CPI,1
Dr. M P Abdussamad Samadani,IUML,Shri Kodikunnil Suresh,INC,1
Dr. M P Abdussamad Samadani,IUML,Shri Shreyas M Patel,INC,1
Dr. Prashant Yadaorao Padole,INC,Shri Saumitra Khan,BJP,1
Dr. Prashant Yadaorao Padole,INC,Smt. D K Aruna,BJP,1
Dr. T Sumathy Alias Thamizhachi Thangapandian,DMK,Shri Ramesh Awasthi,BJP,1
Dr. Prabha Mallikarjun,INC,Shri Rahul Singh Lodhi,BJP,1
Dr. Prabha Mallikarjun,INC,Shri Ramvir Singh Bidhuri,BJP,1
Dr. Vinod Kumar Bind,BJP,Smt. Rachna Banerjee,AITC,1
Shri Pradeep Kumar Singh,BJP,Smt. Rachna Banerjee,AITC,1
Shri Pratap Chandra Sarangi,BJP,Smt. Rachna Banerjee,AITC,1
Dr. Vinod Kumar Bind,BJP,Shri Nilesh Dnyandev Lanke,NCP(SP),1
Shri Nilesh Dnyandev Lanke,NCP(SP),Shri Pratap Chandra Sarangi,BJP,1
Shri Nilesh Dnyandev Lanke,NCP(SP),Shri Vijay Kumar Dubey,BJP,1
Shri Nilesh Dnyandev Lanke,NCP(SP),Smt. Mala Rajya Laxmi Shah,BJP,1
Shri Ashish Dubey,BJP,Shri Lavu Sri Krishna Devarayalu,TDP,1
Shri Arvind Dharmapuri,BJP,Smt. Sanjna Jatav,INC,1
Dr. M K Vishnu Prasad,INC,Shri Adhikari Deepak Dev,AITC,1
Dr. D Ravi Kumar,VCK,Shri Azad Kirti Jha,AITC,1
Dr. D Ravi Kumar,VCK,Shri Rajiv Pratap Rudy,BJP,1
Shri Azad Kirti Jha,AITC,Shri Rajiv Pratap Rudy,BJP,1
Shri Anup Sanjay Dhotre,BJP,Shri Mohite Patil Dhairyasheel Rajsinh,NCP(SP),1
Shri Anup Sanjay Dhotre,BJP,Smt. Supriya Sule,NCP(SP),1
Mrs Ruchi Vira,SP,Shri P C Mohan,BJP,1
Ms. Bansuri Swaraj,BJP,Shri Krishna Prasad Tenneti,TDP,1
Dr. C M Ramesh,BJP,Shri Murasoli S,DMK,1
Shri Ashok Kumar Rawat,BJP,Shri Murasoli S,DMK,1
Shri Haribhai Patel,BJP,Shri Murasoli S,DMK,1
Shri Kripanath Mallah,BJP,Shri Murasoli S,DMK,1
Shri Murasoli S,DMK,Shri Narayan Tatu Rane,BJP,1
Shri Murasoli S,DMK,Shri Rajpalsinh Mahendrasinh Jadav,BJP,1
Shri Amra Ram,CPI(M),Smt. Sandhya Ray,BJP,1
Shri Amar Sharadrao Kale,NCP(SP),Shri Shashank Mani,BJP,1
Shri Anurag Singh Thakur,BJP,Shri Dhairyasheel Sambhajirao Mane,SS,1
Ms. Mahua Moitra,AITC,Shri Malvinder Singh Kang,AAP,1
Dr. Rajkumar Sangwan,RLD,Shri P C Mohan,BJP,1
Dr. Rajkumar Sangwan,RLD,Smt. Mala Rajya Laxmi Shah,BJP,1
Shri Amar Sharadrao Kale,NCP(SP),Shri P C Mohan,BJP,1
Dr. Bhola Singh,BJP,Shri Deepender Singh Hooda,INC,1
Dr. Bhola Singh,BJP,Shri Murasoli S,DMK,1
Dr. Nishikant Dubey,BJP,Shri Deepender Singh Hooda,INC,1
Dr. Nishikant Dubey,BJP,Shri Murasoli S,DMK,1
Shri Amar Sharadrao Kale,NCP(SP),Shri Deepender Singh Hooda,INC,1
Shri Amar Sharadrao Kale,NCP(SP),Shri Murasoli S,DMK,1
Shri Arun Govil,BJP,Shri Deepender Singh Hooda,INC,1
Shri Arun Govil,BJP,Shri Dhairyasheel Sambhajirao Mane,SS,1
Shri Arun Govil,BJP,Shri Murasoli S,DMK,1
Shri Bharatsinhji Shankarji Dabhi,BJP,Shri Deepender Singh Hooda,INC,1
Shri Bharatsinhji Shankarji Dabhi,BJP,Shri Murasoli S,DMK,1
Shri Bidyut Baran Mahato,BJP,Shri Deepender Singh Hooda,INC,1
Shri Deepender Singh Hooda,INC,Shri Devusinh Chauhan,BJP,1
Shri Deepender Singh Hooda,INC,Shri Dhairyasheel Sambhajirao Mane,SS,1
Shri Deepender Singh Hooda,INC,Shri Dineshbhai Makwana,BJP,1
Shri Deepender Singh Hooda,INC,Shri Dulu Mahato,BJP,1
Shri Deepender Singh Hooda,INC,Shri Jagdambika Pal,BJP,1
Shri Deepender Singh Hooda,INC,Shri Jyotirmay Singh Mahato,BJP,1
Shri Deepender Singh Hooda,INC,Shri Krishna Prasad Tenneti,TDP,1
Shri Deepender Singh Hooda,INC,Shri Mukeshkumar Chandrakaant Dalal,BJP,1
Shri Deepender Singh Hooda,INC,Shri Murasoli S,DMK,1
Shri Deepender Singh Hooda,INC,Shri Pradeep Kumar Singh,BJP,1
Shri Deepender Singh Hooda,INC,Shri Shankar Lalwani,BJP,1
Shri Deepender Singh Hooda,INC,Shri Shivmangal Singh Tomar,BJP,1
Shri Deepender Singh Hooda,INC,Shri Sudheer Gupta,BJP,1
Shri Deepender Singh Hooda,INC,Shri Suresh Kumar Kashyap,BJP,1
Shri Deepender Singh Hooda,INC,Shri Vishweshwar Hegde Kageri,BJP,1
Shri Deepender Singh Hooda,INC,Shri Yogender Chandolia,BJP,1
Shri Deepender Singh Hooda,INC,Smt. D K Aruna,BJP,1
Shri Deepender Singh Hooda,INC,Smt. Kamaljeet Sehrawat,BJP,1
Shri Deepender Singh Hooda,INC,Smt. Mahima Kumari Mewar,BJP,1
Shri Deepender Singh Hooda,INC,Smt. Shobhanaben Mahendrasinh Baraiya,BJP,1
Shri Devusinh Chauhan,BJP,Shri Murasoli S,DMK,1
Shri Dhairyasheel Sambhajirao Mane,SS,Shri Murasoli S,DMK,1
Shri Jagdambika Pal,BJP,Shri Murasoli S,DMK,1
Shri Jyotirmay Singh Mahato,BJP,Shri Krishna Prasad Tenneti,TDP,1
Shri Jyotirmay Singh Mahato,BJP,Shri Murasoli S,DMK,1
Shri Krishna Prasad Tenneti,TDP,Shri Murasoli S,DMK,1
Shri Murasoli S,DMK,Shri Pradeep Kumar Singh,BJP,1
Shri Murasoli S,DMK,Shri Shankar Lalwani,BJP,1
Shri Murasoli S,DMK,Shri Shivmangal Singh Tomar,BJP,1
Shri Murasoli S,DMK,Shri Sudheer Gupta,BJP,1
Shri Murasoli S,DMK,Shri Suresh Kumar Kashyap,BJP,1
Shri Murasoli S,DMK,Shri Vishweshwar Hegde Kageri,BJP,1
Shri Murasoli S,DMK,Smt. D K Aruna,BJP,1
Shri Murasoli S,DMK,Smt. Kamaljeet Sehrawat,BJP,1
Shri Murasoli S,DMK,Smt. Mahima Kumari Mewar,BJP,1
Shri Murasoli S,DMK,Smt. Shobhanaben Mahendrasinh Baraiya,BJP,1
Dr. Thirumaavalavan Tholkappiyan,VCK,Ms. Mahua Moitra,AITC,1
Dr. Thirumaavalavan Tholkappiyan,VCK,Shri Balya Mama Suresh Gopinath Mhatre,NCP(SP),1
Dr. Thirumaavalavan Tholkappiyan,VCK,Shri Narayan Tatu Rane,BJP,1
Dr. Thirumaavalavan Tholkappiyan,VCK,Shri Satish Kumar Gautam,BJP,1
Ms. Mahua Moitra,AITC,Shri Balya Mama Suresh Gopinath Mhatre,NCP(SP),1
Ms. Mahua Moitra,AITC,Shri Narayan Tatu Rane,BJP,1
Ms. Mahua Moitra,AITC,Shri Satish Kumar Gautam,BJP,1
Shri Balya Mama Suresh Gopinath Mhatre,NCP(SP),Shri Narayan Tatu Rane,BJP,1
Shri Balya Mama Suresh Gopinath Mhatre,NCP(SP),Shri Satish Kumar Gautam,BJP,1
Ms. Bansuri Swaraj,BJP,Smt. Sanjna Jatav,INC,1
Shri Jyotirmay Singh Mahato,BJP,Smt. Sanjna Jatav,INC,1
Shri Brijendra Singh Ola,INC,Smt. Krishna Devi Shivshankar Patel,SP,1
Shri Ramprit Mandal,JD(U),Smt. Krishna Devi Shivshankar Patel,SP,1
Dr. Rajkumar Sangwan,RLD,Ms. Bansuri Swaraj,BJP,1
Dr. Rajkumar Sangwan,RLD,Shri Chavda Vinod Lakhamshi,BJP,1
Dr. Rajkumar Sangwan,RLD,Shri Damodar Agrawal,BJP,1
Dr. Rajkumar Sangwan,RLD,Shri G M Harish Balayogi,TDP,1
Dr. Rajkumar Sangwan,RLD,Shri Godam Nagesh,BJP,1
Dr. Rajkumar Sangwan,RLD,Shri Mukesh Rajput,BJP,1
Dr. Rajkumar Sangwan,RLD,Shri P P Chaudhary,BJP,1
Dr. Rajkumar Sangwan,RLD,Shri Vijay Baghel,BJP,1
Shri Baijayant Panda,BJP,Shri Murasoli S,DMK,1
Shri Jai Prakash,BJP,Shri Varun Chaudhry,INC,1
Shri Anil Yeshwant Desai,SHS(UBT),Shri Ramvir Singh Bidhuri,BJP,1
Shri Ramvir Singh Bidhuri,BJP,Shri Sanjay Haribhau Jadhav,SS,1
Shri Ramvir Singh Bidhuri,BJP,Shri Sanjay Uttamrao Deshmukh,SS,1
Shri Damodar Agrawal,BJP,Shri Sanjay Haribhau Jadhav,SS,1
Shri Devusinh Chauhan,BJP,Shri Sanjay Haribhau Jadhav,SS,1
Shri G M Harish Balayogi,TDP,Smt. Roopkumari Choudhary,BJP,1
Dr. Kadiyam Kavya,INC,Shri Appalanaidu Kalisetti,TDP,1
Dr. Amar Singh,INC,Shri Aashtikar Patil Nagesh Bapurao,SS,1
Shri Kaushalendra Kumar,JD(U),Smt. Krishna Devi Shivshankar Patel,SP,1
Shri Raja Ram Singh,CPI(ML)(L),Shri Sribharat Mathukumilli,TDP,1
Shri Jai Prakash,BJP,Shri Manickam Tagore B,INC,1
Shri Jai Prakash,BJP,Shri Vijayakumar Alias Vijay Vasanth,INC,1
Dr. Shivaji Bandappa Kalge,INC,Shri Ashish Dubey,BJP,1
Dr. Shivaji Bandappa Kalge,INC,Shri Ashok Kumar Rawat,BJP,1
Dr. Shivaji Bandappa Kalge,INC,Shri Bhartruhari Mahtab,BJP,1
Dr. Shivaji Bandappa Kalge,INC,Shri Bhojraj Nag,BJP,1
Dr. Shivaji Bandappa Kalge,INC,Shri Dhairyasheel Sambhajirao Mane,SS,1
Dr. Shivaji Bandappa Kalge,INC,Shri Jashubhai Bhilubhai Rathva,BJP,1
Dr. Shivaji Bandappa Kalge,INC,Shri Jaswantsinh Sumanbhai Bhabhor,BJP,1
Dr. Shivaji Bandappa Kalge,INC,Shri Mahesh Kashyap,BJP,1
Dr. Shivaji Bandappa Kalge,INC,Shri Radheshyam Rathiya,BJP,1
Dr. Shivaji Bandappa Kalge,INC,Shri Rajkumar Chahar,BJP,1
Dr. Shivaji Bandappa Kalge,INC,Shri Rajpalsinh Mahendrasinh Jadav,BJP,1
Dr. Shivaji Bandappa Kalge,INC,Shri Satish Kumar Gautam,BJP,1
Dr. Shivaji Bandappa Kalge,INC,Shri Shashank Mani,BJP,1
Dr. Shivaji Bandappa Kalge,INC,Shri Shivmangal Singh Tomar,BJP,1
Dr. Shivaji Bandappa Kalge,INC,Shri Sunil Kumar,JD(U),1
Dr. Shivaji Bandappa Kalge,INC,Smt. Mahima Kumari Mewar,BJP,1
Dr. Shivaji Bandappa Kalge,INC,Smt. Mala Rajya Laxmi Shah,BJP,1
Shri Ashish Dubey,BJP,Shri Bhumare Sandipanrao Asaram,SS,1
Shri Ashok Kumar Rawat,BJP,Shri Bhumare Sandipanrao Asaram,SS,1
Shri Ashok Kumar Rawat,BJP,Shri Sunil Kumar,JD(U),1
Shri Bhojraj Nag,BJP,Shri Bhumare Sandipanrao Asaram,SS,1
Shri Bhumare Sandipanrao Asaram,SS,Shri Chandra Prakash Joshi,BJP,1
Shri Bhumare Sandipanrao Asaram,SS,Shri Chavan Ravindra Vasantrao,INC,1
Shri Bhumare Sandipanrao Asaram,SS,Shri Chavda Vinod Lakhamshi,BJP,1
Shri Bhumare Sandipanrao Asaram,SS,Shri Jashubhai Bhilubhai Rathva,BJP,1
Shri Bhumare Sandipanrao Asaram,SS,Shri Mahesh Kashyap,BJP,1
Shri Bhumare Sandipanrao Asaram,SS,Shri Praveen Patel,BJP,1
Shri Bhumare Sandipanrao Asaram,SS,Shri Radheshyam Rathiya,BJP,1
Shri Bhumare Sandipanrao Asaram,SS,Shri Rajpalsinh Mahendrasinh Jadav,BJP,1
Shri Bhumare Sandipanrao Asaram,SS,Shri Shankar Lalwani,BJP,1
Shri Bhumare Sandipanrao Asaram,SS,Shri Shashank Mani,BJP,1
Shri Bhumare Sandipanrao Asaram,SS,Shri Shivmangal Singh Tomar,BJP,1
Shri Bhumare Sandipanrao Asaram,SS,Shri Sunil Kumar,JD(U),1
Shri Bhumare Sandipanrao Asaram,SS,Shri Vishnu Dayal Ram,BJP,1
Shri Bhumare Sandipanrao Asaram,SS,Smt. Mahima Kumari Mewar,BJP,1
Shri Bhumare Sandipanrao Asaram,SS,Smt. Mala Rajya Laxmi Shah,BJP,1
Shri Chavan Ravindra Vasantrao,INC,Shri Dileshwar Kamait,JD(U),1
Shri Chavan Ravindra Vasantrao,INC,Shri Rajpalsinh Mahendrasinh Jadav,BJP,1
Shri Dhairyasheel Sambhajirao Mane,SS,Shri Rajpalsinh Mahendrasinh Jadav,BJP,1
Shri Jaswantsinh Sumanbhai Bhabhor,BJP,Shri Sunil Kumar,JD(U),1
Shri Rajkumar Chahar,BJP,Shri Sunil Kumar,JD(U),1
Dr. Ganapathy Rajkumar P,DMK,Shri Balashowry Vallabhaneni,JSP,1
Dr. Ganapathy Rajkumar P,DMK,Shri K C Venugopal,INC,1
Shri Balashowry Vallabhaneni,JSP,Shri K C Venugopal,INC,1
Shri Balashowry Vallabhaneni,JSP,Shri N K Premachandran,RSP,1
Shri Balashowry Vallabhaneni,JSP,Thiru Thanga Tamilselvan,DMK,1
Shri K C Venugopal,INC,Shri N K Premachandran,RSP,1
Shri K C Venugopal,INC,Thiru Thanga Tamilselvan,DMK,1
Dr. Hemant Vishnu Savara,BJP,Shri Ve Vaithilingam,INC,1
Shri Dilip Saikia,BJP,Shri Ve Vaithilingam,INC,1
Shri Hasmukhbhai Somabhai Patel,BJP,Shri Ve Vaithilingam,INC,1
Shri Lumbaram Choudhary,BJP,Shri Ve Vaithilingam,INC,1
Shri Manoj Tiwari,BJP,Shri Ve Vaithilingam,INC,1
Shri Ve Vaithilingam,INC,Smt. Kamlesh Jangde,BJP,1
Dr. Hemant Vishnu Savara,BJP,Smt. Rachna Banerjee,AITC,1
Dr. Rajkumar Sangwan,RLD,Shri Ananta Nayak,BJP,1
Dr. Rajkumar Sangwan,RLD,Shri Hasmukhbhai Somabhai Patel,BJP,1
Dr. Rajkumar Sangwan,RLD,Shri Jashubhai Bhilubhai Rathva,BJP,1
Dr. Rajkumar Sangwan,RLD,Shri Pradeep Purohit,BJP,1
Dr. Rajkumar Sangwan,RLD,Shri Rajkumar Chahar,BJP,1
Dr. Rajkumar Sangwan,RLD,Shri Satish Kumar Gautam,BJP,1
Dr. Rajkumar Sangwan,RLD,Shri Tapir Gao,BJP,1
Dr. Rajkumar Sangwan,RLD,Smt. Rachna Banerjee,AITC,1
Shri Ananta Nayak,BJP,Smt. Rachna Banerjee,AITC,1
Shri Dulu Mahato,BJP,Smt. Rachna Banerjee,AITC,1
Shri Hasmukhbhai Somabhai Patel,BJP,Smt. Rachna Banerjee,AITC,1
Shri Jashubhai Bhilubhai Rathva,BJP,Smt. Rachna Banerjee,AITC,1
Shri Kali Charan Singh,BJP,Smt. Rachna Banerjee,AITC,1
Shri Pradeep Purohit,BJP,Smt. Rachna Banerjee,AITC,1
Shri Satish Kumar Gautam,BJP,Smt. Rachna Banerjee,AITC,1
Shri Tapir Gao,BJP,Smt. Rachna Banerjee,AITC,1
Shri Kaushalendra Kumar,JD(U),Smt. Malvika Devi,BJP,1
Shri Aashtikar Patil Nagesh Bapurao,SS,Shri Janardan Singh Sigriwal,BJP,1
Ms. Mahua Moitra,AITC,Shri Dharmendra Yadav,SP,1
Ms. Mahua Moitra,AITC,Shri K Radhakrishnan,CPI(M),1
Shri Dharmendra Yadav,SP,Shri K Radhakrishnan,CPI(M),1
Shri Chandan Chauhan,RLD,Smt. Rachna Banerjee,AITC,1
Shri Damodar Agrawal,BJP,Smt. Rachna Banerjee,AITC,1
Shri Krishna Prasad Tenneti,TDP,Smt. Rachna Banerjee,AITC,1
Shri Shankar Lalwani,BJP,Smt. Rachna Banerjee,AITC,1
Shri Vijay Baghel,BJP,Smt. Rachna Banerjee,AITC,1
Smt. Kamaljeet Sehrawat,BJP,Smt. Rachna Banerjee,AITC,1
Dr. Amar Singh,INC,Smt. Roopkumari Choudhary,BJP,1
Dr. Amar Singh,INC,Thiru Dayanidhi Maran,DMK,1
Dr. Kirsan Namdeo,INC,Smt. Roopkumari Choudhary,BJP,1
Dr. Kirsan Namdeo,INC,Thiru Dayanidhi Maran,DMK,1
Prof. Sougata Ray,AITC,Shri Jai Parkash,INC,1
Prof. Sougata Ray,AITC,Shri Satpal Brahamchari,INC,1
Prof. Sougata Ray,AITC,Smt. Roopkumari Choudhary,BJP,1
Prof. Sougata Ray,AITC,Smt. Sanjna Jatav,INC,1
Prof. Sougata Ray,AITC,Thiru Dayanidhi Maran,DMK,1
Shri Benny Behanan,INC,Smt. Roopkumari Choudhary,BJP,1
Shri Benny Behanan,INC,Thiru Dayanidhi Maran,DMK,1
Shri Jai Parkash,INC,Smt. Roopkumari Choudhary,BJP,1
Shri Jai Parkash,INC,Thiru Dayanidhi Maran,DMK,1
Shri Kishori Lal,INC,Smt. Roopkumari Choudhary,BJP,1
Shri Kishori Lal,INC,Thiru Dayanidhi Maran,DMK,1
Shri Manish Tewari,INC,Smt. Roopkumari Choudhary,BJP,1
Shri Manish Tewari,INC,Thiru Dayanidhi Maran,DMK,1
Shri Satpal Brahamchari,INC,Smt. Roopkumari Choudhary,BJP,1
Shri Satpal Brahamchari,INC,Thiru Dayanidhi Maran,DMK,1
Smt. Roopkumari Choudhary,BJP,Thiru Dayanidhi Maran,DMK,1
Smt. Sanjna Jatav,INC,Thiru Dayanidhi Maran,DMK,1
Dr. Faggan Singh Kulaste,BJP,Shri Bhaskar Murlidhar Bhagare,NCP(SP),1
Shri Anup Sanjay Dhotre,BJP,Shri Sanjay Haribhau Jadhav,SS,1
Shri Rajkumar Chahar,BJP,Shri Sanjay Haribhau Jadhav,SS,1
Shri Sanjay Haribhau Jadhav,SS,Smt. Smita Uday Wagh,BJP,1
Dr. Manna Lal Rawat,BJP,Shri Bapi Haldar,AITC,1
Dr. Nishikant Dubey,BJP,Shri Bapi Haldar,AITC,1
Shri Amar Sharadrao Kale,NCP(SP),Shri Bapi Haldar,AITC,1
Shri Amar Sharadrao Kale,NCP(SP),Shri Dharambir Singh,BJP,1
Shri Anup Sanjay Dhotre,BJP,Shri Bapi Haldar,AITC,1
Shri Ashok Kumar Rawat,BJP,Shri Bapi Haldar,AITC,1
Shri Bapi Haldar,AITC,Shri Bidyut Baran Mahato,BJP,1
Shri Bapi Haldar,AITC,Shri Chavan Ravindra Vasantrao,INC,1
Shri Bapi Haldar,AITC,Shri Dhairyasheel Sambhajirao Mane,SS,1
Shri Bapi Haldar,AITC,Shri Dharambir Singh,BJP,1
Shri Bapi Haldar,AITC,Shri Dilip Saikia,BJP,1
Shri Bapi Haldar,AITC,Shri Dineshbhai Makwana,BJP,1
Shri Bapi Haldar,AITC,Shri Jaswantsinh Sumanbhai Bhabhor,BJP,1
Shri Bapi Haldar,AITC,Shri Khagen Murmu,BJP,1
Shri Bapi Haldar,AITC,Shri Kripanath Mallah,BJP,1
Shri Bapi Haldar,AITC,Shri Lumbaram Choudhary,BJP,1
Shri Bapi Haldar,AITC,Shri Mukeshkumar Chandrakaant Dalal,BJP,1
Shri Bapi Haldar,AITC,Shri Ravindra Shukla Alias Ravi Kishan,BJP,1
Shri Bapi Haldar,AITC,Shri Sudheer Gupta,BJP,1
Shri Bapi Haldar,AITC,Shri Yogender Chandolia,BJP,1
Shri Bapi Haldar,AITC,Smt. Kamlesh Jangde,BJP,1
Shri Chavan Ravindra Vasantrao,INC,Shri Dharambir Singh,BJP,1
Shri Chavan Ravindra Vasantrao,INC,Shri Kripanath Mallah,BJP,1
Shri Dhairyasheel Sambhajirao Mane,SS,Shri Dharambir Singh,BJP,1
Shri Dileshwar Kamait,JD(U),Shri Vivek Thakur,BJP,1
Shri Aashtikar Patil Nagesh Bapurao,SS,Shri S Venkatesan,CPI(M),1
Shri Anand Bhadauria,SP,Shri Bhausaheb Rajaram Wakchaure,SS,1
Dr. C M Ramesh,BJP,Shri Prabhakar Reddy Vemireddy,TDP,1
Shri Amar Sharadrao Kale,NCP(SP),Shri Jai Prakash,BJP,1
Dr. K Sudhakar,BJP,Shri Tangella Uday Srinivas,JSP,1
Shri Lavu Sri Krishna Devarayalu,TDP,Shri Tangella Uday Srinivas,JSP,1
Shri Amar Sharadrao Kale,NCP(SP),Shri Biplab Kumar Deb,BJP,1
Shri Amar Sharadrao Kale,NCP(SP),Shri Chandra Prakash Joshi,BJP,1
Shri Amar Sharadrao Kale,NCP(SP),Smt. Roopkumari Choudhary,BJP,1
Shri Ashish Dubey,BJP,Shri Tatkare Sunil Dattatrey,NCP,1
Shri Ashok Kumar Rawat,BJP,Shri Tatkare Sunil Dattatrey,NCP,1
Shri Biplab Kumar Deb,BJP,Shri Nalin Soren,JMM,1
Shri Biplab Kumar Deb,BJP,Shri Tatkare Sunil Dattatrey,NCP,1
Shri Kripanath Mallah,BJP,Shri Tatkare Sunil Dattatrey,NCP,1
Shri Madhavaneni Raghunandan Rao,BJP,Shri Tatkare Sunil Dattatrey,NCP,1
Shri Nalin Soren,JMM,Shri Tatkare Sunil Dattatrey,NCP,1
Shri Rajpalsinh Mahendrasinh Jadav,BJP,Shri Tatkare Sunil Dattatrey,NCP,1
Shri Tatkare Sunil Dattatrey,NCP,Shri Tejasvi Surya,BJP,1
Shri Tatkare Sunil Dattatrey,NCP,Smt. Roopkumari Choudhary,BJP,1
Shri Shafi Parambil,INC,Smt. Pratima Mondal,AITC,1
Shri Amarsing Tisso,BJP,Shri Dileshwar Kamait,JD(U),1
Shri Amarsing Tisso,BJP,Shri G M Harish Balayogi,TDP,1
Shri Arun Govil,BJP,Shri G M Harish Balayogi,TDP,1
Shri Chintamani Maharaj,BJP,Shri Sunil Kumar,JD(U),1
Shri G M Harish Balayogi,TDP,Shri Rodmal Nagar,BJP,1
Shri G M Harish Balayogi,TDP,Smt. Aparajita Sarangi,BJP,1
Shri Dileshwar Kamait,JD(U),Shri Sanjay Haribhau Jadhav,SS,1
Shri Haribhai Patel,BJP,Shri Sanjay Haribhau Jadhav,SS,1
Shri Jashubhai Bhilubhai Rathva,BJP,Shri Sanjay Haribhau Jadhav,SS,1
Shri Madhavaneni Raghunandan Rao,BJP,Shri Sanjay Haribhau Jadhav,SS,1
Shri Rajpalsinh Mahendrasinh Jadav,BJP,Shri Sanjay Haribhau Jadhav,SS,1
Shri G M Harish Balayogi,TDP,Shri Rajkumar Chahar,BJP,1
Dr. M K Vishnu Prasad,INC,Dr. Vinod Kumar Bind,BJP,1
Dr. M K Vishnu Prasad,INC,Shri Bidyut Baran Mahato,BJP,1
Dr. M K Vishnu Prasad,INC,Shri Chandra Prakash Joshi,BJP,1
Dr. M K Vishnu Prasad,INC,Shri Damodar Agrawal,BJP,1
Dr. M K Vishnu Prasad,INC,Shri Dilip Saikia,BJP,1
Dr. M K Vishnu Prasad,INC,Shri Dineshbhai Makwana,BJP,1
Dr. M K Vishnu Prasad,INC,Shri Lumbaram Choudhary,BJP,1
Dr. M K Vishnu Prasad,INC,Shri Pradeep Kumar Singh,BJP,1
Dr. M K Vishnu Prasad,INC,Shri Pratap Chandra Sarangi,BJP,1
Dr. M K Vishnu Prasad,INC,Shri Praveen Patel,BJP,1
Dr. M K Vishnu Prasad,INC,Shri Rodmal Nagar,BJP,1
Dr. M K Vishnu Prasad,INC,Shri Tapir Gao,BJP,1
Dr. M K Vishnu Prasad,INC,Shri Tejasvi Surya,BJP,1
Dr. M K Vishnu Prasad,INC,Shri Vishnu Dayal Ram,BJP,1
Dr. M K Vishnu Prasad,INC,Shri Yogender Chandolia,BJP,1
Dr. M K Vishnu Prasad,INC,Smt. Kamlesh Jangde,BJP,1
Dr. M K Vishnu Prasad,INC,Smt. Mahima Kumari Mewar,BJP,1
Dr. M K Vishnu Prasad,INC,Smt. Malvika Devi,BJP,1
Dr. M K Vishnu Prasad,INC,Smt. Shobhanaben Mahendrasinh Baraiya,BJP,1
Shri Amar Sharadrao Kale,NCP(SP),Shri Jagadish Shettar,BJP,1
Ms Kangna Ranaut,BJP,Shri Kaushalendra Kumar,JD(U),1
Shri Kaushalendra Kumar,JD(U),Shri Kota Srinivasa Poojary,BJP,1
Shri Kaushalendra Kumar,JD(U),Shri Shashank Mani,BJP,1
Shri Abdul Rashid Sheikh,IND.,Shri Anto Antony,INC,1
Shri Madhavaneni Raghunandan Rao,BJP,Shri Sunil Kumar,JD(U),1
Shri Anurag Sharma,BJP,Shri Chandra Prakash Choudhary,AJSU,1
Shri Chavan Ravindra Vasantrao,INC,Shri Rajiv Pratap Rudy,BJP,1
Shri Sunil Kumar,JD(U),Shri Tejasvi Surya,BJP,1
Shri Adhikari Deepak Dev,AITC,Shri Raja Ram Singh,CPI(ML)(L),1
Shri Dileshwar Kamait,JD(U),Shri Rajiv Pratap Rudy,BJP,1
Shri Dileshwar Kamait,JD(U),Shri Sudheer Gupta,BJP,1
Dr. Hemang Joshi,BJP,Shri G M Harish Balayogi,TDP,1
Shri Bhajan Lal Jatav,INC,Shri Mansukhbhai Dhanjibhai Vasava,BJP,1
Shri Dileshwar Kamait,JD(U),Shri Pradeep Purohit,BJP,1
Shri Amarsing Tisso,BJP,Shri T R Baalu,DMK,1
Shri Bunty Vivek Sahu,BJP,Shri T R Baalu,DMK,1
Shri Damodar Agrawal,BJP,Shri T R Baalu,DMK,1
Shri Gopal Jee Thakur,BJP,Shri Sunil Kumar,JD(U),1
Shri Gopal Jee Thakur,BJP,Shri T R Baalu,DMK,1
Shri Ramesh Awasthi,BJP,Shri T R Baalu,DMK,1
Shri Shankar Lalwani,BJP,Shri T R Baalu,DMK,1
Shri Sunil Kumar,JD(U),Shri T R Baalu,DMK,1
Shri T R Baalu,DMK,Smt. Smita Uday Wagh,BJP,1
Shri Anoop Pradhan Valmiki,BJP,Shri Sukhjinder Singh Randhawa,INC,1
Shri Manish Jaiswal,BJP,Shri Sukhjinder Singh Randhawa,INC,1
Shri Bhumare Sandipanrao Asaram,SS,Shri Sasikanth Senthil,INC,1
Shri Gyaneshwar Patil,BJP,Shri Sasikanth Senthil,INC,1
Shri Nilesh Dnyandev Lanke,NCP(SP),Shri Sasikanth Senthil,INC,1
Shri Sasikanth Senthil,INC,Smt. Delkar Kalaben Mohanbhai,BJP,1
Dr. Hemang Joshi,BJP,Shri Kaushalendra Kumar,JD(U),1
Shri Kaushalendra Kumar,JD(U),Shri Krishna Prasad Tenneti,TDP,1
Shri Arvind Dharmapuri,BJP,Shri Sunil Kumar,JD(U),1
Shri Janardan Singh Sigriwal,BJP,Shri Sunil Kumar,JD(U),1
Shri Jugal Kishore,BJP,Shri Sunil Kumar,JD(U),1
Shri Pradeep Purohit,BJP,Shri Sunil Kumar,JD(U),1
Shri Kalipada Saren Kherwal,AITC,Shri Rao Rajendra Singh,BJP,1
Adv K. Francis George,KEC,Shri Tatkare Sunil Dattatrey,NCP,1
Dr. Shashi Tharoor,INC,Shri Amar Sharadrao Kale,NCP(SP),1
Ms Sayani Ghosh,AITC,Shri M K Raghavan,INC,1
Shri Anurag Singh Thakur,BJP,Shri Tangella Uday Srinivas,JSP,1
Shri Captain Brijesh Chowta,BJP,Shri Tangella Uday Srinivas,JSP,1
Smt. Jyotsna Charandas Mahant,INC,Smt. Rachna Banerjee,AITC,1
Com. Selvaraj V,CPI,Shri Rajkumar Roat,BAP,1
Shri Rajkumar Roat,BAP,Shri Subbarayan K,CPI,1
Shri Chandra Prakash Choudhary,AJSU,Shri G M Harish Balayogi,TDP,1
Shri Dharmendra Yadav,SP,Shri Ve Vaithilingam,INC,1
Shri Chavan Ravindra Vasantrao,INC,Shri Jagadish Shettar,BJP,1
Shri Dhairyasheel Sambhajirao Mane,SS,Shri Jagadish Shettar,BJP,1
Shri Gopal Jee Thakur,BJP,Shri Sukhjinder Singh Randhawa,INC,1
Shri Jagadish Shettar,BJP,Shri Nalin Soren,JMM,1
Shri Jagadish Shettar,BJP,Shri Sukhjinder Singh Randhawa,INC,1
Shri Jagadish Shettar,BJP,Smt. Sanjna Jatav,INC,1
Dr. Mohammad Jawed,INC,Shri Baijayant Panda,BJP,1
Shri Chandra Prakash Choudhary,AJSU,Smt. Poonamben Hematbhai Maadam,BJP,1
Shri P C Mohan,BJP,Shri Sunil Kumar,JD(U),1
Ms. Mahua Moitra,AITC,Shri Deepender Singh Hooda,INC,1
Ms. Mahua Moitra,AITC,Shri Janardan Singh Sigriwal,BJP,1
Ms. Mahua Moitra,AITC,Shri K C Venugopal,INC,1
Ms. Mahua Moitra,AITC,Shri M K Raghavan,INC,1
Ms. Mahua Moitra,AITC,Shri Saptagiri Sankar Ulaka,INC,1
Shri Deepender Singh Hooda,INC,Shri Janardan Singh Sigriwal,BJP,1
Shri Janardan Singh Sigriwal,BJP,Shri K C Venugopal,INC,1
Shri Janardan Singh Sigriwal,BJP,Shri M K Raghavan,INC,1
Shri Janardan Singh Sigriwal,BJP,Shri Saptagiri Sankar Ulaka,INC,1
Shri E T Mohammed Basheer,IUML,Shri Omprakash Bhupalsinh Alias Pavan Rajenimbalkar,SS,1
Shri E T Mohammed Basheer,IUML,Shri Sanjay Haribhau Jadhav,SS,1
Dr. Kirsan Namdeo,INC,Shri Tharaniventhan M S,DMK,1
Shri Anand Bhadauria,SP,Shri Arup Chakraborty,AITC,1
Shri Saumitra Khan,BJP,Shri Sunil Kumar,JD(U),1
Com. Selvaraj V,CPI,Shri Ramvir Singh Bidhuri,BJP,1
Shri Ramvir Singh Bidhuri,BJP,Shri Subbarayan K,CPI,1
Shri Ashok Kumar Rawat,BJP,Shri Rajesh Verma,LJSP(RV),1
Shri Ashok Kumar Rawat,BJP,Smt. Shambhavi,LJSP(RV),1
Shri Dileshwar Kamait,JD(U),Shri Rajesh Verma,LJSP(RV),1
Shri Dileshwar Kamait,JD(U),Smt. Shambhavi,LJSP(RV),1
Shri Hasmukhbhai Somabhai Patel,BJP,Shri Rajesh Verma,LJSP(RV),1
Shri Hasmukhbhai Somabhai Patel,BJP,Smt. Shambhavi,LJSP(RV),1
Shri Miteshbhai Rameshbhai Patel,BJP,Shri Rajesh Verma,LJSP(RV),1
Shri Miteshbhai Rameshbhai Patel,BJP,Smt. Shambhavi,LJSP(RV),1
Shri Rahul Singh Lodhi,BJP,Shri Rajesh Verma,LJSP(RV),1
Shri Rahul Singh Lodhi,BJP,Smt. Shambhavi,LJSP(RV),1
Shri Rajesh Naranbhai Chudasama,BJP,Shri Rajesh Verma,LJSP(RV),1
Shri Rajesh Naranbhai Chudasama,BJP,Smt. Shambhavi,LJSP(RV),1
Shri Rajesh Verma,LJSP(RV),Shri Saumitra Khan,BJP,1
Shri Rajesh Verma,LJSP(RV),Smt. Kriti Devi Debbarman,BJP,1
Shri Saumitra Khan,BJP,Smt. Shambhavi,LJSP(RV),1
Smt. Kriti Devi Debbarman,BJP,Smt. Shambhavi,LJSP(RV),1
Shri Chavan Ravindra Vasantrao,INC,Shri Mukesh Rajput,BJP,1
Shri Dhairyasheel Sambhajirao Mane,SS,Shri Mukesh Rajput,BJP,1
Ms. S Jothimani,INC,Shri Sanatan Pandey,SP,1
Shri Krishna Prasad Tenneti,TDP,Smt. Kriti Devi Debbarman,BJP,1
Shri G Kumar Naik,INC,Shri P V Midhun Reddy,YSRCP,1
Shri Manoj Kumar,INC,Shri Rajesh Ranjan,IND.,1
Prof. Sougata Ray,AITC,Shri Tangella Uday Srinivas,JSP,1
Prof. Sougata Ray,AITC,Smt. Sangeeta Kumari Singh Deo,BJP,1
Shri  Selvaganapathi T.M.,DMK,Shri Tangella Uday Srinivas,JSP,1
Shri  Selvaganapathi T.M.,DMK,Smt. Sangeeta Kumari Singh Deo,BJP,1
Shri Tangella Uday Srinivas,JSP,Smt. Sangeeta Kumari Singh Deo,BJP,1
Shri Kali Charan Singh,BJP,Shri Laxmikant Pappu Nishad,SP,1
Shri G M Harish Balayogi,TDP,Shri Shivmangal Singh Tomar,BJP,1
Shri Bharat Singh Kushwah,BJP,Shri Sukhjinder Singh Randhawa,INC,1
Adv. Adoor Prakash,INC,Shri Vijay Kumar Hansdak,JMM,1
Dr. Mohammad Jawed,INC,Shri Vijay Kumar Hansdak,JMM,1
Dr. Nishikant Dubey,BJP,Shri Rajesh Ranjan,IND.,1
Shri Balabhadra Majhi,BJP,Shri Rajesh Ranjan,IND.,1
Shri Bhojraj Nag,BJP,Shri Rajesh Ranjan,IND.,1
Shri Chintamani Maharaj,BJP,Shri Rajesh Ranjan,IND.,1
Shri Jaswantsinh Sumanbhai Bhabhor,BJP,Shri Kaushalendra Kumar,JD(U),1
Shri Jaswantsinh Sumanbhai Bhabhor,BJP,Shri Rajesh Ranjan,IND.,1
Shri Kaushalendra Kumar,JD(U),Shri Vijay Kumar Dubey,BJP,1
Shri Kaushalendra Kumar,JD(U),Smt. Smita Uday Wagh,BJP,1
Shri Rajesh Ranjan,IND.,Shri Shivmangal Singh Tomar,BJP,1
Shri Rajesh Ranjan,IND.,Shri Vijay Kumar Dubey,BJP,1
Shri Rajesh Ranjan,IND.,Smt. Anita Nagarsingh Chouhan,BJP,1
Shri Rajesh Ranjan,IND.,Smt. Himadri Singh,BJP,1
Shri Rajesh Ranjan,IND.,Smt. Smita Uday Wagh,BJP,1
Md. Rakibul Hussain,INC,Shri Amarsing Tisso,BJP,1
Shri Arvind Ganpat Sawant,SHS(UBT),Shri Utkarsh Verma Madhur,SP,1
Shri Sanjay Haribhau Jadhav,SS,Shri Utkarsh Verma Madhur,SP,1
Shri Sanjay Uttamrao Deshmukh,SS,Shri Utkarsh Verma Madhur,SP,1
Shri G M Harish Balayogi,TDP,Shri Jugal Kishore,BJP,1
Shri G M Harish Balayogi,TDP,Shri Nalin Soren,JMM,1
Shri G M Harish Balayogi,TDP,Shri Vijay Kumar Dubey,BJP,1
Shri Ajay Kumar Mandal,JD(U),Shri Sachithanantham R,CPI(M),1
Shri Dinesh Chandra Yadav,JD(U),Shri Sachithanantham R,CPI(M),1
Shri Giridhari Yadav,JD(U),Shri Sachithanantham R,CPI(M),1
Shri Anil Yeshwant Desai,SHS(UBT),Shri Jagadish Shettar,BJP,1
Shri Anil Yeshwant Desai,SHS(UBT),Shri Kodikunnil Suresh,INC,1
Shri Jagadish Shettar,BJP,Shri Kodikunnil Suresh,INC,1
Adv Priya Saroj,SP,Ms. Mahua Moitra,AITC,1
Ms Iqra Choudhary,SP,Ms. Mahua Moitra,AITC,1
Ms. Mahua Moitra,AITC,Shri Babu Singh Kushwaha,SP,1
Ms. Mahua Moitra,AITC,Shri Devesh Shakya,SP,1
Ms. Mahua Moitra,AITC,Shri Neeraj Maurya,SP,1
Ms. Mahua Moitra,AITC,Shri Pushpendra Saroj,SP,1
Shri Bhausaheb Rajaram Wakchaure,SS,Shri G Kumar Naik,INC,1
Shri Alok Sharma,BJP,Shri Vamsi Krishna Gaddam,INC,1
Shri Bhojraj Nag,BJP,Shri Vamsi Krishna Gaddam,INC,1
Shri Gopal Jee Thakur,BJP,Shri Vamsi Krishna Gaddam,INC,1
Shri Jugal Kishore,BJP,Shri Vamsi Krishna Gaddam,INC,1
Shri Manoj Tiwari,BJP,Shri Vamsi Krishna Gaddam,INC,1
Shri Nalin Soren,JMM,Shri Vamsi Krishna Gaddam,INC,1
Shri Satish Kumar Gautam,BJP,Shri Vamsi Krishna Gaddam,INC,1
Shri Ajay Bhatt,BJP,Smt. Geniben Nagaji Thakor,INC,1
Dr. Hemant Vishnu Savara,BJP,Shri Eswarasamy K,DMK,1
Shri Anurag Singh Thakur,BJP,Shri Eswarasamy K,DMK,1
Shri Bhartruhari Mahtab,BJP,Shri Eswarasamy K,DMK,1
Shri Bibhu Prasad Tarai,BJP,Shri Eswarasamy K,DMK,1
Shri Eswarasamy K,DMK,Shri Manish Jaiswal,BJP,1
Shri Eswarasamy K,DMK,Shri Tejasvi Surya,BJP,1
Shri Eswarasamy K,DMK,Smt. Kamaljeet Sehrawat,BJP,1
Shri Jagannath Sarkar,BJP,Shri Kunduru Raghuveer,INC,1
Dr. Bachhav Shobha Dinesh,INC,Shri Sanjay Haribhau Jadhav,SS,1
Shri Bishnu Pada Ray,BJP,Shri Sudhakar Singh,RJD,1
Shri G Lakshminarayana,TDP,Shri Vamsi Krishna Gaddam,INC,1
Dr. Hemang Joshi,BJP,Shri Tharaniventhan M S,DMK,1
Dr. Manna Lal Rawat,BJP,Shri Tharaniventhan M S,DMK,1
Dr. Sanjay Jaiswal,BJP,Shri Tharaniventhan M S,DMK,1
Shri Alok Sharma,BJP,Shri Tharaniventhan M S,DMK,1
Shri Ananta Nayak,BJP,Shri Tharaniventhan M S,DMK,1
Shri Bharatsinhji Shankarji Dabhi,BJP,Shri Tharaniventhan M S,DMK,1
Shri Bhartruhari Mahtab,BJP,Shri Tharaniventhan M S,DMK,1
Shri Bidyut Baran Mahato,BJP,Shri Tharaniventhan M S,DMK,1
Shri Chandra Prakash Choudhary,AJSU,Shri Tharaniventhan M S,DMK,1
Shri Damodar Agrawal,BJP,Shri Tharaniventhan M S,DMK,1
Shri Dilip Saikia,BJP,Shri Tharaniventhan M S,DMK,1
Shri Dineshbhai Makwana,BJP,Shri Tharaniventhan M S,DMK,1
Shri Godam Nagesh,BJP,Shri Tharaniventhan M S,DMK,1
Shri Gopal Jee Thakur,BJP,Shri Tharaniventhan M S,DMK,1
Shri Haribhai Patel,BJP,Shri Tharaniventhan M S,DMK,1
Shri Janardan Mishra,BJP,Shri Tharaniventhan M S,DMK,1
Shri Jaswantsinh Sumanbhai Bhabhor,BJP,Shri Tharaniventhan M S,DMK,1
Shri Jugal Kishore,BJP,Shri Tharaniventhan M S,DMK,1
Shri Lumbaram Choudhary,BJP,Shri Tharaniventhan M S,DMK,1
Shri Madhavaneni Raghunandan Rao,BJP,Shri Tharaniventhan M S,DMK,1
Shri Manish Jaiswal,BJP,Shri Tharaniventhan M S,DMK,1
Shri P P Chaudhary,BJP,Shri Tharaniventhan M S,DMK,1
Shri Parbhubhai Nagarbhai Vasava,BJP,Shri Tharaniventhan M S,DMK,1
Shri Satish Kumar Gautam,BJP,Shri Tharaniventhan M S,DMK,1
Shri Tharaniventhan M S,DMK,Shri Yogender Chandolia,BJP,1
Shri Tharaniventhan M S,DMK,Smt. Aparajita Sarangi,BJP,1
Shri Tharaniventhan M S,DMK,Smt. Kamlesh Jangde,BJP,1
Shri Tharaniventhan M S,DMK,Smt. Mala Rajya Laxmi Shah,BJP,1
Shri Tharaniventhan M S,DMK,Smt. Smita Uday Wagh,BJP,1
Shri Amra Ram,CPI(M),Shri Raja A,DMK,1
Shri Chandra Prakash Choudhary,AJSU,Smt. Kriti Devi Debbarman,BJP,1
Shri Arup Chakraborty,AITC,Shri Devusinh Chauhan,BJP,1
Shri Arup Chakraborty,AITC,Shri Rajpalsinh Mahendrasinh Jadav,BJP,1
Dr. Mohammad Jawed,INC,Shri G Lakshminarayana,TDP,1
Shri Anurag Sharma,BJP,Shri Lalji Verma,SP,1
Shri Ashok Kumar Rawat,BJP,Shri Rahul Kaswan,INC,1
Shri Bhojraj Nag,BJP,Shri Rahul Kaswan,INC,1
Shri Damodar Agrawal,BJP,Shri Rahul Kaswan,INC,1
Shri Janardan Mishra,BJP,Shri Rahul Kaswan,INC,1
Shri Jaswantsinh Sumanbhai Bhabhor,BJP,Shri Rahul Kaswan,INC,1
Shri Rahul Kaswan,INC,Shri Ramesh Awasthi,BJP,1
Dr. Kalyan Vaijinathrao Kale,INC,Shri Khagen Murmu,BJP,1
Adv Priya Saroj,SP,Shri Benny Behanan,INC,1
Ms Iqra Choudhary,SP,Shri Benny Behanan,INC,1
Shri Benny Behanan,INC,Shri Pushpendra Saroj,SP,1
Shri Magunta Sreenivasulu Reddy,TDP,Shri Rahul Singh Lodhi,BJP,1
Mr Pathan Yusuf,AITC,Shri K C Venugopal,INC,1
Shri Sanjay Haribhau Jadhav,SS,Smt. Delkar Kalaben Mohanbhai,BJP,1
Dr. Kalyan Vaijinathrao Kale,INC,Dr. Sanjay Jaiswal,BJP,1
Dr. Kalyan Vaijinathrao Kale,INC,Shri Janardan Mishra,BJP,1
Dr. Kalyan Vaijinathrao Kale,INC,Shri Yogender Chandolia,BJP,1
Dr. Kalyan Vaijinathrao Kale,INC,Smt. Aparajita Sarangi,BJP,1
Shri Ashok Kumar Rawat,BJP,Shri Krishna Prasad Tenneti,TDP,1
Shri Krishna Prasad Tenneti,TDP,Shri Saumitra Khan,BJP,1
Shri Krishna Prasad Tenneti,TDP,Shri Parimal Suklabaidya,BJP,1
Dr. Bhola Singh,BJP,Dr. Kalyan Vaijinathrao Kale,INC,1
Dr. Bhola Singh,BJP,Dr. Mohammad Jawed,INC,1
Dr. K Sudhakar,BJP,Dr. Kalyan Vaijinathrao Kale,INC,1
Dr. K Sudhakar,BJP,Dr. Mohammad Jawed,INC,1
Dr. Kalyan Vaijinathrao Kale,INC,Ms Kangna Ranaut,BJP,1
Dr. Kalyan Vaijinathrao Kale,INC,Shri Alok Sharma,BJP,1
Dr. Kalyan Vaijinathrao Kale,INC,Shri Anup Sanjay Dhotre,BJP,1
Dr. Kalyan Vaijinathrao Kale,INC,Shri Dhairyasheel Sambhajirao Mane,SS,1
Dr. Kalyan Vaijinathrao Kale,INC,Shri Haribhai Patel,BJP,1
Dr. Kalyan Vaijinathrao Kale,INC,Shri Jaswantsinh Sumanbhai Bhabhor,BJP,1
Dr. Kalyan Vaijinathrao Kale,INC,Shri Madhavaneni Raghunandan Rao,BJP,1
Dr. Kalyan Vaijinathrao Kale,INC,Shri Parbhubhai Nagarbhai Vasava,BJP,1
Dr. Kalyan Vaijinathrao Kale,INC,Shri Pradeep Kumar Singh,BJP,1
Dr. Kalyan Vaijinathrao Kale,INC,Shri Rodmal Nagar,BJP,1
Dr. Kalyan Vaijinathrao Kale,INC,Shri Sudheer Gupta,BJP,1
Dr. Kalyan Vaijinathrao Kale,INC,Shri Tapir Gao,BJP,1
Dr. Kalyan Vaijinathrao Kale,INC,Shri Tejasvi Surya,BJP,1
Dr. Kalyan Vaijinathrao Kale,INC,Shri Vishweshwar Hegde Kageri,BJP,1
Dr. Kalyan Vaijinathrao Kale,INC,Smt. Himadri Singh,BJP,1
Dr. Manna Lal Rawat,BJP,Dr. Mohammad Jawed,INC,1
Dr. Mohammad Jawed,INC,Dr. Nishikant Dubey,BJP,1
Dr. Mohammad Jawed,INC,Ms Kangna Ranaut,BJP,1
Dr. Mohammad Jawed,INC,Shri Alok Sharma,BJP,1
Dr. Mohammad Jawed,INC,Shri Anup Sanjay Dhotre,BJP,1
Dr. Mohammad Jawed,INC,Shri Ashok Kumar Rawat,BJP,1
Dr. Mohammad Jawed,INC,Shri Balabhadra Majhi,BJP,1
Dr. Mohammad Jawed,INC,Shri Captain Brijesh Chowta,BJP,1
Dr. Mohammad Jawed,INC,Shri Damodar Agrawal,BJP,1
Dr. Mohammad Jawed,INC,Shri Dulu Mahato,BJP,1
Dr. Mohammad Jawed,INC,Shri Haribhai Patel,BJP,1
Dr. Mohammad Jawed,INC,Shri Jaswantsinh Sumanbhai Bhabhor,BJP,1
Dr. Mohammad Jawed,INC,Shri Jugal Kishore,BJP,1
Dr. Mohammad Jawed,INC,Shri Madhavaneni Raghunandan Rao,BJP,1
Dr. Mohammad Jawed,INC,Shri Manish Jaiswal,BJP,1
Dr. Mohammad Jawed,INC,Shri Manoj Tiwari,BJP,1
Dr. Mohammad Jawed,INC,Shri P C Mohan,BJP,1
Dr. Mohammad Jawed,INC,Shri P P Chaudhary,BJP,1
Dr. Mohammad Jawed,INC,Shri Parbhubhai Nagarbhai Vasava,BJP,1
Dr. Mohammad Jawed,INC,Shri Pradeep Kumar Singh,BJP,1
Dr. Mohammad Jawed,INC,Shri Praveen Patel,BJP,1
Dr. Mohammad Jawed,INC,Shri Ramesh Awasthi,BJP,1
Dr. Mohammad Jawed,INC,Shri Rodmal Nagar,BJP,1
Dr. Mohammad Jawed,INC,Shri Satish Kumar Gautam,BJP,1
Dr. Mohammad Jawed,INC,Shri Saumitra Khan,BJP,1
Dr. Mohammad Jawed,INC,Shri Tapir Gao,BJP,1
Dr. Mohammad Jawed,INC,Shri Tejasvi Surya,BJP,1
Dr. Mohammad Jawed,INC,Shri Vijay Baghel,BJP,1
Dr. Mohammad Jawed,INC,Shri Vishnu Dayal Ram,BJP,1
Dr. Mohammad Jawed,INC,Shri Vishweshwar Hegde Kageri,BJP,1
Dr. Mohammad Jawed,INC,Smt. Himadri Singh,BJP,1
Dr. Mohammad Jawed,INC,Smt. Mahima Kumari Mewar,BJP,1
Dr. Mohammad Jawed,INC,Smt. Smita Uday Wagh,BJP,1
Shri Ashok Kumar Rawat,BJP,Shri Chandra Prakash Choudhary,AJSU,1
Shri Ashok Kumar Rawat,BJP,Shri Lavu Sri Krishna Devarayalu,TDP,1
Shri Ashok Kumar Rawat,BJP,Smt. Sanjna Jatav,INC,1
Md. Rakibul Hussain,INC,Shri Gopal Jee Thakur,BJP,1
Md. Rakibul Hussain,INC,Shri Utkarsh Verma Madhur,SP,1
Shri Gopal Jee Thakur,BJP,Shri Utkarsh Verma Madhur,SP,1
Shri Jai Prakash,BJP,Shri V K Sreekandan,INC,1
Shri Eatala Rajender,BJP,Smt. Shambhavi,LJSP(RV),1
Shri Kalyan Banerjee,AITC,Shri Rajesh Ranjan,IND.,1
Dr. D. Purandeswari,BJP,Shri Nalin Soren,JMM,1
Shri Ajay Kumar Mandal,JD(U),Shri Bajrang Manohar Sonwane,NCP(SP),1
Shri Anurag Singh Thakur,BJP,Shri Chandra Prakash Choudhary,AJSU,1
Shri Balya Mama Suresh Gopinath Mhatre,NCP(SP),Shri Jashubhai Bhilubhai Rathva,BJP,1
Smt. June Maliah,AITC,Smt. Roopkumari Choudhary,BJP,1
Shri Jagdambika Pal,BJP,Shri Ujjwal Raman Singh,INC,1
Dr. Bachhav Shobha Dinesh,INC,Shri Omprakash Bhupalsinh Alias Pavan Rajenimbalkar,SS,1
Shri Varun Chaudhry,INC,Smt. Rachna Banerjee,AITC,1
Dr. Rajesh Mishra,BJP,Shri Kaushalendra Kumar,JD(U),1
Shri Anoop Pradhan Valmiki,BJP,Shri Kaushalendra Kumar,JD(U),1
Shri Bhartruhari Mahtab,BJP,Shri Kaushalendra Kumar,JD(U),1
Shri Chavan Ravindra Vasantrao,INC,Shri Kaushalendra Kumar,JD(U),1
Shri Chavan Ravindra Vasantrao,INC,Smt. Kriti Devi Debbarman,BJP,1
Shri Damodar Agrawal,BJP,Shri Kaushalendra Kumar,JD(U),1
Shri Dhairyasheel Sambhajirao Mane,SS,Shri Kaushalendra Kumar,JD(U),1
Shri Dhairyasheel Sambhajirao Mane,SS,Smt. Kriti Devi Debbarman,BJP,1
Shri Kaushalendra Kumar,JD(U),Shri Satish Kumar Gautam,BJP,1
Shri Kaushalendra Kumar,JD(U),Shri Sudheer Gupta,BJP,1
Shri Kaushalendra Kumar,JD(U),Shri Tejasvi Surya,BJP,1
Shri Kaushalendra Kumar,JD(U),Smt. Kriti Devi Debbarman,BJP,1
Shri  Selvaganapathi T.M.,DMK,Shri Jai Prakash,BJP,1
Shri Baijayant Panda,BJP,Shri Hanuman Beniwal,RLP,1
Dr. Amol Ramsing Kolhe,NCP(SP),Dr. K Sudhakar,BJP,1
Dr. Amol Ramsing Kolhe,NCP(SP),Dr. Manna Lal Rawat,BJP,1
Dr. Amol Ramsing Kolhe,NCP(SP),Dr. Vinod Kumar Bind,BJP,1
Dr. Amol Ramsing Kolhe,NCP(SP),Shri Anoop Pradhan Valmiki,BJP,1
Dr. Amol Ramsing Kolhe,NCP(SP),Shri Avimanyu Sethi,BJP,1
Dr. Amol Ramsing Kolhe,NCP(SP),Shri Bibhu Prasad Tarai,BJP,1
Dr. Amol Ramsing Kolhe,NCP(SP),Shri Bidyut Baran Mahato,BJP,1
Dr. Amol Ramsing Kolhe,NCP(SP),Shri Chandra Prakash Choudhary,AJSU,1
Dr. Amol Ramsing Kolhe,NCP(SP),Shri Chavda Vinod Lakhamshi,BJP,1
Dr. Amol Ramsing Kolhe,NCP(SP),Shri Dilip Saikia,BJP,1
Dr. Amol Ramsing Kolhe,NCP(SP),Shri Dineshbhai Makwana,BJP,1
Dr. Amol Ramsing Kolhe,NCP(SP),Shri Jagdambika Pal,BJP,1
Dr. Amol Ramsing Kolhe,NCP(SP),Shri Krishna Prasad Tenneti,TDP,1
Dr. Amol Ramsing Kolhe,NCP(SP),Shri Lumbaram Choudhary,BJP,1
Dr. Amol Ramsing Kolhe,NCP(SP),Shri Madhavaneni Raghunandan Rao,BJP,1
Dr. Amol Ramsing Kolhe,NCP(SP),Shri Naba Charan Majhi,BJP,1
Dr. Amol Ramsing Kolhe,NCP(SP),Shri P C Mohan,BJP,1
Dr. Amol Ramsing Kolhe,NCP(SP),Shri Pratap Chandra Sarangi,BJP,1
Dr. Amol Ramsing Kolhe,NCP(SP),Shri Praveen Patel,BJP,1
Dr. Amol Ramsing Kolhe,NCP(SP),Shri Rajkumar Chahar,BJP,1
Dr. Amol Ramsing Kolhe,NCP(SP),Shri Ramesh Awasthi,BJP,1
Dr. Amol Ramsing Kolhe,NCP(SP),Shri Shankar Lalwani,BJP,1
Dr. Amol Ramsing Kolhe,NCP(SP),Shri Sukanta Kumar Panigrahi,BJP,1
Dr. Amol Ramsing Kolhe,NCP(SP),Shri Trivendra Singh Rawat,BJP,1
Dr. Amol Ramsing Kolhe,NCP(SP),Smt. Kamaljeet Sehrawat,BJP,1
Dr. Amol Ramsing Kolhe,NCP(SP),Smt. Kamlesh Jangde,BJP,1
Dr. Amol Ramsing Kolhe,NCP(SP),Smt. Mahima Kumari Mewar,BJP,1
Dr. Amol Ramsing Kolhe,NCP(SP),Smt. Sanjna Jatav,INC,1
Dr. K Sudhakar,BJP,Prof. Varsha Eknath Gaikwad,INC,1
Dr. K Sudhakar,BJP,Shri Bhaskar Murlidhar Bhagare,NCP(SP),1
Dr. K Sudhakar,BJP,Shri Mohite Patil Dhairyasheel Rajsinh,NCP(SP),1
Dr. K Sudhakar,BJP,Shri Sanjay Dina Patil,SS,1
Dr. K Sudhakar,BJP,Smt. Supriya Sule,NCP(SP),1
Dr. Manna Lal Rawat,BJP,Prof. Varsha Eknath Gaikwad,INC,1
Dr. Manna Lal Rawat,BJP,Shri Bhaskar Murlidhar Bhagare,NCP(SP),1
Dr. Manna Lal Rawat,BJP,Shri Mohite Patil Dhairyasheel Rajsinh,NCP(SP),1
Dr. Manna Lal Rawat,BJP,Shri Sanjay Dina Patil,SS,1
Dr. Manna Lal Rawat,BJP,Smt. Supriya Sule,NCP(SP),1
Dr. Vinod Kumar Bind,BJP,Prof. Varsha Eknath Gaikwad,INC,1
Dr. Vinod Kumar Bind,BJP,Shri Bhaskar Murlidhar Bhagare,NCP(SP),1
Dr. Vinod Kumar Bind,BJP,Shri Chandra Prakash Choudhary,AJSU,1
Dr. Vinod Kumar Bind,BJP,Shri Mohite Patil Dhairyasheel Rajsinh,NCP(SP),1
Dr. Vinod Kumar Bind,BJP,Shri Sanjay Dina Patil,SS,1
Dr. Vinod Kumar Bind,BJP,Smt. Supriya Sule,NCP(SP),1
Prof. Varsha Eknath Gaikwad,INC,Shri Anoop Pradhan Valmiki,BJP,1
Prof. Varsha Eknath Gaikwad,INC,Shri Avimanyu Sethi,BJP,1
Prof. Varsha Eknath Gaikwad,INC,Shri Bibhu Prasad Tarai,BJP,1
Prof. Varsha Eknath Gaikwad,INC,Shri Bidyut Baran Mahato,BJP,1
Prof. Varsha Eknath Gaikwad,INC,Shri Chandra Prakash Choudhary,AJSU,1
Prof. Varsha Eknath Gaikwad,INC,Shri Chavda Vinod Lakhamshi,BJP,1
Prof. Varsha Eknath Gaikwad,INC,Shri Dilip Saikia,BJP,1
Prof. Varsha Eknath Gaikwad,INC,Shri Dineshbhai Makwana,BJP,1
Prof. Varsha Eknath Gaikwad,INC,Shri Jagdambika Pal,BJP,1
Prof. Varsha Eknath Gaikwad,INC,Shri Krishna Prasad Tenneti,TDP,1
Prof. Varsha Eknath Gaikwad,INC,Shri Lumbaram Choudhary,BJP,1
Prof. Varsha Eknath Gaikwad,INC,Shri Madhavaneni Raghunandan Rao,BJP,1
Prof. Varsha Eknath Gaikwad,INC,Shri Naba Charan Majhi,BJP,1
Prof. Varsha Eknath Gaikwad,INC,Shri P C Mohan,BJP,1
Prof. Varsha Eknath Gaikwad,INC,Shri Pratap Chandra Sarangi,BJP,1
Prof. Varsha Eknath Gaikwad,INC,Shri Praveen Patel,BJP,1
Prof. Varsha Eknath Gaikwad,INC,Shri Rajkumar Chahar,BJP,1
Prof. Varsha Eknath Gaikwad,INC,Shri Ramesh Awasthi,BJP,1
Prof. Varsha Eknath Gaikwad,INC,Shri Shankar Lalwani,BJP,1
Prof. Varsha Eknath Gaikwad,INC,Shri Sukanta Kumar Panigrahi,BJP,1
Prof. Varsha Eknath Gaikwad,INC,Shri Trivendra Singh Rawat,BJP,1
Prof. Varsha Eknath Gaikwad,INC,Smt. Kamaljeet Sehrawat,BJP,1
Prof. Varsha Eknath Gaikwad,INC,Smt. Kamlesh Jangde,BJP,1
Prof. Varsha Eknath Gaikwad,INC,Smt. Mahima Kumari Mewar,BJP,1
Shri Anoop Pradhan Valmiki,BJP,Shri Bhaskar Murlidhar Bhagare,NCP(SP),1
Shri Anoop Pradhan Valmiki,BJP,Shri Mohite Patil Dhairyasheel Rajsinh,NCP(SP),1
Shri Anoop Pradhan Valmiki,BJP,Shri Sanjay Dina Patil,SS,1
Shri Anoop Pradhan Valmiki,BJP,Smt. Supriya Sule,NCP(SP),1
Shri Avimanyu Sethi,BJP,Shri Bhaskar Murlidhar Bhagare,NCP(SP),1
Shri Avimanyu Sethi,BJP,Shri Mohite Patil Dhairyasheel Rajsinh,NCP(SP),1
Shri Avimanyu Sethi,BJP,Shri Sanjay Dina Patil,SS,1
Shri Avimanyu Sethi,BJP,Smt. Supriya Sule,NCP(SP),1
Shri Bhaskar Murlidhar Bhagare,NCP(SP),Shri Bibhu Prasad Tarai,BJP,1
Shri Bhaskar Murlidhar Bhagare,NCP(SP),Shri Bidyut Baran Mahato,BJP,1
Shri Bhaskar Murlidhar Bhagare,NCP(SP),Shri Chandra Prakash Choudhary,AJSU,1
Shri Bhaskar Murlidhar Bhagare,NCP(SP),Shri Chavda Vinod Lakhamshi,BJP,1
Shri Bhaskar Murlidhar Bhagare,NCP(SP),Shri Dilip Saikia,BJP,1
Shri Bhaskar Murlidhar Bhagare,NCP(SP),Shri Dineshbhai Makwana,BJP,1
Shri Bhaskar Murlidhar Bhagare,NCP(SP),Shri Jagdambika Pal,BJP,1
Shri Bhaskar Murlidhar Bhagare,NCP(SP),Shri Krishna Prasad Tenneti,TDP,1
Shri Bhaskar Murlidhar Bhagare,NCP(SP),Shri Lumbaram Choudhary,BJP,1
Shri Bhaskar Murlidhar Bhagare,NCP(SP),Shri Madhavaneni Raghunandan Rao,BJP,1
Shri Bhaskar Murlidhar Bhagare,NCP(SP),Shri Naba Charan Majhi,BJP,1
Shri Bhaskar Murlidhar Bhagare,NCP(SP),Shri P C Mohan,BJP,1
Shri Bhaskar Murlidhar Bhagare,NCP(SP),Shri Pratap Chandra Sarangi,BJP,1
Shri Bhaskar Murlidhar Bhagare,NCP(SP),Shri Praveen Patel,BJP,1
Shri Bhaskar Murlidhar Bhagare,NCP(SP),Shri Rajkumar Chahar,BJP,1
Shri Bhaskar Murlidhar Bhagare,NCP(SP),Shri Ramesh Awasthi,BJP,1
Shri Bhaskar Murlidhar Bhagare,NCP(SP),Shri Shankar Lalwani,BJP,1
Shri Bhaskar Murlidhar Bhagare,NCP(SP),Shri Sukanta Kumar Panigrahi,BJP,1
Shri Bhaskar Murlidhar Bhagare,NCP(SP),Shri Trivendra Singh Rawat,BJP,1
Shri Bhaskar Murlidhar Bhagare,NCP(SP),Smt. Kamaljeet Sehrawat,BJP,1
Shri Bhaskar Murlidhar Bhagare,NCP(SP),Smt. Kamlesh Jangde,BJP,1
Shri Bhaskar Murlidhar Bhagare,NCP(SP),Smt. Mahima Kumari Mewar,BJP,1
Shri Bhaskar Murlidhar Bhagare,NCP(SP),Smt. Sanjna Jatav,INC,1
Shri Bibhu Prasad Tarai,BJP,Shri Mohite Patil Dhairyasheel Rajsinh,NCP(SP),1
Shri Bibhu Prasad Tarai,BJP,Shri Sanjay Dina Patil,SS,1
Shri Bibhu Prasad Tarai,BJP,Smt. Supriya Sule,NCP(SP),1
Shri Bidyut Baran Mahato,BJP,Shri Mohite Patil Dhairyasheel Rajsinh,NCP(SP),1
Shri Bidyut Baran Mahato,BJP,Shri Sanjay Dina Patil,SS,1
Shri Bidyut Baran Mahato,BJP,Smt. Supriya Sule,NCP(SP),1
Shri Chandra Prakash Choudhary,AJSU,Shri Mohite Patil Dhairyasheel Rajsinh,NCP(SP),1
Shri Chandra Prakash Choudhary,AJSU,Shri Pratap Chandra Sarangi,BJP,1
Shri Chandra Prakash Choudhary,AJSU,Shri Sanjay Dina Patil,SS,1
Shri Chandra Prakash Choudhary,AJSU,Shri Sukanta Kumar Panigrahi,BJP,1
Shri Chandra Prakash Choudhary,AJSU,Smt. Supriya Sule,NCP(SP),1
Shri Chavda Vinod Lakhamshi,BJP,Shri Mohite Patil Dhairyasheel Rajsinh,NCP(SP),1
Shri Chavda Vinod Lakhamshi,BJP,Shri Sanjay Dina Patil,SS,1
Shri Chavda Vinod Lakhamshi,BJP,Smt. Supriya Sule,NCP(SP),1
Shri Dilip Saikia,BJP,Shri Mohite Patil Dhairyasheel Rajsinh,NCP(SP),1
Shri Dilip Saikia,BJP,Shri Sanjay Dina Patil,SS,1
Shri Dilip Saikia,BJP,Smt. Supriya Sule,NCP(SP),1
Shri Dineshbhai Makwana,BJP,Shri Mohite Patil Dhairyasheel Rajsinh,NCP(SP),1
Shri Dineshbhai Makwana,BJP,Shri Sanjay Dina Patil,SS,1
Shri Dineshbhai Makwana,BJP,Smt. Supriya Sule,NCP(SP),1
Shri Jagdambika Pal,BJP,Shri Mohite Patil Dhairyasheel Rajsinh,NCP(SP),1
Shri Jagdambika Pal,BJP,Shri Sanjay Dina Patil,SS,1
Shri Jagdambika Pal,BJP,Smt. Supriya Sule,NCP(SP),1
Shri Krishna Prasad Tenneti,TDP,Shri Mohite Patil Dhairyasheel Rajsinh,NCP(SP),1
Shri Krishna Prasad Tenneti,TDP,Shri Sanjay Dina Patil,SS,1
Shri Krishna Prasad Tenneti,TDP,Smt. Supriya Sule,NCP(SP),1
Shri Lumbaram Choudhary,BJP,Shri Mohite Patil Dhairyasheel Rajsinh,NCP(SP),1
Shri Lumbaram Choudhary,BJP,Shri Sanjay Dina Patil,SS,1
Shri Lumbaram Choudhary,BJP,Smt. Supriya Sule,NCP(SP),1
Shri Madhavaneni Raghunandan Rao,BJP,Shri Mohite Patil Dhairyasheel Rajsinh,NCP(SP),1
Shri Madhavaneni Raghunandan Rao,BJP,Shri Sanjay Dina Patil,SS,1
Shri Madhavaneni Raghunandan Rao,BJP,Smt. Supriya Sule,NCP(SP),1
Shri Mohite Patil Dhairyasheel Rajsinh,NCP(SP),Shri Naba Charan Majhi,BJP,1
Shri Mohite Patil Dhairyasheel Rajsinh,NCP(SP),Shri P C Mohan,BJP,1
Shri Mohite Patil Dhairyasheel Rajsinh,NCP(SP),Shri Pratap Chandra Sarangi,BJP,1
Shri Mohite Patil Dhairyasheel Rajsinh,NCP(SP),Shri Praveen Patel,BJP,1
Shri Mohite Patil Dhairyasheel Rajsinh,NCP(SP),Shri Rajkumar Chahar,BJP,1
Shri Mohite Patil Dhairyasheel Rajsinh,NCP(SP),Shri Ramesh Awasthi,BJP,1
Shri Mohite Patil Dhairyasheel Rajsinh,NCP(SP),Shri Shankar Lalwani,BJP,1
Shri Mohite Patil Dhairyasheel Rajsinh,NCP(SP),Shri Sukanta Kumar Panigrahi,BJP,1
Shri Mohite Patil Dhairyasheel Rajsinh,NCP(SP),Shri Trivendra Singh Rawat,BJP,1
Shri Mohite Patil Dhairyasheel Rajsinh,NCP(SP),Smt. Kamaljeet Sehrawat,BJP,1
Shri Mohite Patil Dhairyasheel Rajsinh,NCP(SP),Smt. Kamlesh Jangde,BJP,1
Shri Mohite Patil Dhairyasheel Rajsinh,NCP(SP),Smt. Mahima Kumari Mewar,BJP,1
Shri Mohite Patil Dhairyasheel Rajsinh,NCP(SP),Smt. Sanjna Jatav,INC,1
Shri Naba Charan Majhi,BJP,Shri Sanjay Dina Patil,SS,1
Shri Naba Charan Majhi,BJP,Smt. Supriya Sule,NCP(SP),1
Shri P C Mohan,BJP,Shri Sanjay Dina Patil,SS,1
Shri P C Mohan,BJP,Smt. Supriya Sule,NCP(SP),1
Shri Pratap Chandra Sarangi,BJP,Shri Sanjay Dina Patil,SS,1
Shri Pratap Chandra Sarangi,BJP,Smt. Supriya Sule,NCP(SP),1
Shri Praveen Patel,BJP,Shri Sanjay Dina Patil,SS,1
Shri Praveen Patel,BJP,Smt. Supriya Sule,NCP(SP),1
Shri Rajkumar Chahar,BJP,Shri Sanjay Dina Patil,SS,1
Shri Rajkumar Chahar,BJP,Smt. Supriya Sule,NCP(SP),1
Shri Ramesh Awasthi,BJP,Shri Sanjay Dina Patil,SS,1
Shri Ramesh Awasthi,BJP,Smt. Supriya Sule,NCP(SP),1
Shri Sanjay Dina Patil,SS,Shri Shankar Lalwani,BJP,1
Shri Sanjay Dina Patil,SS,Shri Sukanta Kumar Panigrahi,BJP,1
Shri Sanjay Dina Patil,SS,Shri Trivendra Singh Rawat,BJP,1
Shri Sanjay Dina Patil,SS,Smt. Kamaljeet Sehrawat,BJP,1
Shri Sanjay Dina Patil,SS,Smt. Kamlesh Jangde,BJP,1
Shri Sanjay Dina Patil,SS,Smt. Mahima Kumari Mewar,BJP,1
Shri Sanjay Dina Patil,SS,Smt. Sanjna Jatav,INC,1
Shri Shankar Lalwani,BJP,Smt. Supriya Sule,NCP(SP),1
Shri Sukanta Kumar Panigrahi,BJP,Smt. Supriya Sule,NCP(SP),1
Shri Trivendra Singh Rawat,BJP,Smt. Supriya Sule,NCP(SP),1
Smt. Kamaljeet Sehrawat,BJP,Smt. Supriya Sule,NCP(SP),1
Smt. Kamlesh Jangde,BJP,Smt. Supriya Sule,NCP(SP),1
Smt. Mahima Kumari Mewar,BJP,Smt. Supriya Sule,NCP(SP),1
Smt. Sanjna Jatav,INC,Smt. Supriya Sule,NCP(SP),1
Dr. Alok Kumar Suman,JD(U),Dr. Mohammad Jawed,INC,1
Dr. Alok Kumar Suman,JD(U),Shri Ashok Kumar Yadav,BJP,1
Dr. Mohammad Jawed,INC,Shri Ashok Kumar Yadav,BJP,1
Dr. Bachhav Shobha Dinesh,INC,Shri Eatala Rajender,BJP,1
Dr. Raj Kumar Chabbewal,AAP,Ms Sayani Ghosh,AITC,1
Dr. Anand Kumar,BJP,Ms. S Jothimani,INC,1
Dr. Bhola Singh,BJP,Shri Ajay Kumar Mandal,JD(U),1
Dr. Nishikant Dubey,BJP,Shri Ajay Kumar Mandal,JD(U),1
Shri Ajay Kumar Mandal,JD(U),Shri Balabhadra Majhi,BJP,1
Shri Ajay Kumar Mandal,JD(U),Shri Bhojraj Nag,BJP,1
Shri Ajay Kumar Mandal,JD(U),Shri Chavda Vinod Lakhamshi,BJP,1
Shri Ajay Kumar Mandal,JD(U),Shri Chintamani Maharaj,BJP,1
Shri Ajay Kumar Mandal,JD(U),Shri Godam Nagesh,BJP,1
Shri Ajay Kumar Mandal,JD(U),Shri Lavu Sri Krishna Devarayalu,TDP,1
Shri Ajay Kumar Mandal,JD(U),Shri Manish Jaiswal,BJP,1
Shri Ajay Kumar Mandal,JD(U),Shri Naba Charan Majhi,BJP,1
Shri Ajay Kumar Mandal,JD(U),Shri P P Chaudhary,BJP,1
Shri Ajay Kumar Mandal,JD(U),Shri Shankar Lalwani,BJP,1
Shri Ajay Kumar Mandal,JD(U),Shri Tejasvi Surya,BJP,1
Shri Ajay Kumar Mandal,JD(U),Smt. Shobhanaben Mahendrasinh Baraiya,BJP,1
Shri Ajay Bhatt,BJP,Shri Tharaniventhan M S,DMK,1
Shri Mansukhbhai Dhanjibhai Vasava,BJP,Shri Tharaniventhan M S,DMK,1
Shri Dinesh Chandra Yadav,JD(U),Shri Janardan Singh Sigriwal,BJP,1
Shri Giridhari Yadav,JD(U),Shri Janardan Singh Sigriwal,BJP,1
Shri Baijayant Panda,BJP,Shri Raja A,DMK,1
Shri Arun Govil,BJP,Shri Chandra Prakash Choudhary,AJSU,1
Shri Chandra Prakash Choudhary,AJSU,Shri Shashank Mani,BJP,1
Dr. Kalyan Vaijinathrao Kale,INC,Shri Bunty Vivek Sahu,BJP,1
Dr. Kalyan Vaijinathrao Kale,INC,Shri Chandra Prakash Choudhary,AJSU,1
Dr. Kalyan Vaijinathrao Kale,INC,Shri Chavda Vinod Lakhamshi,BJP,1
Dr. Kalyan Vaijinathrao Kale,INC,Smt. Shobhanaben Mahendrasinh Baraiya,BJP,1
Shri Jai Prakash,BJP,Shri Krishna Prasad Tenneti,TDP,1
Shri Jai Prakash,BJP,Shri Lavu Sri Krishna Devarayalu,TDP,1
Shri Chandan Chauhan,RLD,Shri Jai Prakash,BJP,1
Com. Selvaraj V,CPI,Dr. Sambit Patra,BJP,1
Com. Selvaraj V,CPI,Shri  Selvaganapathi T.M.,DMK,1
Dr. Sambit Patra,BJP,Shri  Selvaganapathi T.M.,DMK,1
Dr. Sambit Patra,BJP,Shri Subbarayan K,CPI,1
Shri Bunty Vivek Sahu,BJP,Shri Chavan Ravindra Vasantrao,INC,1
Shri Bunty Vivek Sahu,BJP,Shri Dhairyasheel Sambhajirao Mane,SS,1
Dr. Kalyan Vaijinathrao Kale,INC,Shri Dileshwar Kamait,JD(U),1
Dr. Kalyan Vaijinathrao Kale,INC,Shri Jashubhai Bhilubhai Rathva,BJP,1
Dr. Kalyan Vaijinathrao Kale,INC,Shri Rajesh Naranbhai Chudasama,BJP,1
Dr. Kalyan Vaijinathrao Kale,INC,Smt. D K Aruna,BJP,1
Kumari Selja,INC,Shri Vijay Kumar Hansdak,JMM,1
Adv K. Francis George,KEC,Com. Selvaraj V,CPI,1
Adv K. Francis George,KEC,Shri Subbarayan K,CPI,1
Dr. Alok Kumar Suman,JD(U),Shri Vishnu Datt Sharma,BJP,1
Dr. Alok Kumar Suman,JD(U),Smt. Poonamben Hematbhai Maadam,BJP,1
Adv Priya Saroj,SP,Shri Bapi Haldar,AITC,1
Shri Babu Singh Kushwaha,SP,Shri Bapi Haldar,AITC,1
Shri Bapi Haldar,AITC,Shri Pushpendra Saroj,SP,1
Shri Dharambir Singh,BJP,Shri Lavu Sri Krishna Devarayalu,TDP,1
Dr. Kalyan Vaijinathrao Kale,INC,Shri Ananta Nayak,BJP,1
Dr. Kalyan Vaijinathrao Kale,INC,Shri Bhojraj Nag,BJP,1
Dr. Kalyan Vaijinathrao Kale,INC,Shri Jagdambika Pal,BJP,1
Dr. Kalyan Vaijinathrao Kale,INC,Shri Shankar Lalwani,BJP,1
Dr. Kalyan Vaijinathrao Kale,INC,Shri Yaduveer Wadiyar,BJP,1
Dr. Jayanta Kumar Roy,BJP,Shri Dileshwar Kamait,JD(U),1
Dr. Jayanta Kumar Roy,BJP,Shri Neeraj Maurya,SP,1
Shri Ashok Kumar Rawat,BJP,Shri Neeraj Maurya,SP,1
Shri Avimanyu Sethi,BJP,Shri Neeraj Maurya,SP,1
Shri Basavaraj Bommai,BJP,Shri Neeraj Maurya,SP,1
Shri Bharatbhai Manubhai Sutariya,BJP,Shri Dileshwar Kamait,JD(U),1
Shri Dileshwar Kamait,JD(U),Shri Gajendra  Singh Patel,BJP,1
Shri Dileshwar Kamait,JD(U),Shri Neeraj Maurya,SP,1
Shri Gajendra  Singh Patel,BJP,Shri Neeraj Maurya,SP,1
Shri Kripanath Mallah,BJP,Shri Neeraj Maurya,SP,1
Shri Neeraj Maurya,SP,Shri Rodmal Nagar,BJP,1
Shri Neeraj Maurya,SP,Smt. Bijuli Kalita Medhi,BJP,1
Shri Neeraj Maurya,SP,Smt. D K Aruna,BJP,1
Shri Bhumare Sandipanrao Asaram,SS,Shri Dinesh Chandra Yadav,JD(U),1
Shri Bhumare Sandipanrao Asaram,SS,Shri Giridhari Yadav,JD(U),1
Shri Bhumare Sandipanrao Asaram,SS,Shri Ramprit Mandal,JD(U),1
Shri Dinesh Chandra Yadav,JD(U),Shri Haribhai Patel,BJP,1
Shri Dinesh Chandra Yadav,JD(U),Smt. Delkar Kalaben Mohanbhai,BJP,1
Shri Giridhari Yadav,JD(U),Shri Haribhai Patel,BJP,1
Shri Giridhari Yadav,JD(U),Smt. Delkar Kalaben Mohanbhai,BJP,1
Shri Haribhai Patel,BJP,Shri Ramprit Mandal,JD(U),1
Shri Ramprit Mandal,JD(U),Smt. Delkar Kalaben Mohanbhai,BJP,1
Shri G Kumar Naik,INC,Shri Vishaldada Prakashbapu Patil,IND.,1
Shri Bhajan Lal Jatav,INC,Shri Ramvir Singh Bidhuri,BJP,1
Shri Deepender Singh Hooda,INC,Shri Konda Vishweshwar Reddy,BJP,1
Shri Deepender Singh Hooda,INC,Shri Laxmikant Pappu Nishad,SP,1
Shri Karti P Chidambaram,INC,Shri Konda Vishweshwar Reddy,BJP,1
Shri Karti P Chidambaram,INC,Shri Laxmikant Pappu Nishad,SP,1
Shri Konda Vishweshwar Reddy,BJP,Shri Laxmikant Pappu Nishad,SP,1
Dr. Hemang Joshi,BJP,Dr. Sharmila Sarkar,AITC,1
Dr. Nishikant Dubey,BJP,Dr. Sharmila Sarkar,AITC,1
Dr. Sharmila Sarkar,AITC,Shri Avimanyu Sethi,BJP,1
Dr. Sharmila Sarkar,AITC,Shri Bhojraj Nag,BJP,1
Dr. Sharmila Sarkar,AITC,Shri Captain Brijesh Chowta,BJP,1
Dr. Sharmila Sarkar,AITC,Shri Kali Charan Singh,BJP,1
Dr. Sharmila Sarkar,AITC,Shri Mahendra Singh Solanky,BJP,1
Dr. Sharmila Sarkar,AITC,Shri Shankar Lalwani,BJP,1
Dr. Sharmila Sarkar,AITC,Shri Shivmangal Singh Tomar,BJP,1
Dr. Sharmila Sarkar,AITC,Smt. Anita Nagarsingh Chouhan,BJP,1
Dr. Sharmila Sarkar,AITC,Smt. Mahima Kumari Mewar,BJP,1
Dr. Sharmila Sarkar,AITC,Smt. Sanjna Jatav,INC,1
Shri Kota Srinivasa Poojary,BJP,Shri Tatkare Sunil Dattatrey,NCP,1
Shri Ramesh Awasthi,BJP,Shri Tatkare Sunil Dattatrey,NCP,1
Shri Tapir Gao,BJP,Shri Tatkare Sunil Dattatrey,NCP,1
Smt. Sanjna Jatav,INC,Smt. Vijaylakshmi Devi,JD(U),1
Shri Bapi Haldar,AITC,Shri Hanuman Beniwal,RLP,1
Shri Bapi Haldar,AITC,Shri Tharaniventhan M S,DMK,1
Shri Hanuman Beniwal,RLP,Shri Tharaniventhan M S,DMK,1
Shri Appalanaidu Kalisetti,TDP,Shri Rajeev Rai,SP,1
Shri G Lakshminarayana,TDP,Shri Rajeev Rai,SP,1
Dr. Ganapathy Rajkumar P,DMK,Shri Mohibbullah,SP,1
Shri Mohibbullah,SP,Thiru Thanga Tamilselvan,DMK,1
Shri Bapi Haldar,AITC,Shri Kishori Lal,INC,1
Dr. Kalyan Vaijinathrao Kale,INC,Shri Anoop Pradhan Valmiki,BJP,1
Dr. Kalyan Vaijinathrao Kale,INC,Shri Bibhu Prasad Tarai,BJP,1
Dr. Kalyan Vaijinathrao Kale,INC,Shri G M Harish Balayogi,TDP,1
Dr. Kalyan Vaijinathrao Kale,INC,Shri Kota Srinivasa Poojary,BJP,1
Dr. Kalyan Vaijinathrao Kale,INC,Shri Lavu Sri Krishna Devarayalu,TDP,1
Shri Anoop Pradhan Valmiki,BJP,Shri G M Harish Balayogi,TDP,1
Dr. Kalyan Vaijinathrao Kale,INC,Shri Anurag Sharma,BJP,1
Dr. Kalyan Vaijinathrao Kale,INC,Shri Dineshbhai Makwana,BJP,1
Dr. Kalyan Vaijinathrao Kale,INC,Shri Govind Makthappa Karjol,BJP,1
Dr. Kalyan Vaijinathrao Kale,INC,Shri Kali Charan Singh,BJP,1
Shri Govind Makthappa Karjol,BJP,Smt. Sanjna Jatav,INC,1
Shri N K Premachandran,RSP,Shri Parshottambhai Rupala,BJP,1
Dr. Manna Lal Rawat,BJP,Shri Sagar Eshwar Khandre,INC,1
Shri Anurag Sharma,BJP,Shri Sagar Eshwar Khandre,INC,1
Shri Chandra Prakash Joshi,BJP,Shri Sagar Eshwar Khandre,INC,1
Shri Damodar Agrawal,BJP,Shri Sagar Eshwar Khandre,INC,1
Shri Dileshwar Kamait,JD(U),Shri Sagar Eshwar Khandre,INC,1
Shri Dulu Mahato,BJP,Shri Sagar Eshwar Khandre,INC,1
Shri Krishna Prasad Tenneti,TDP,Shri Sagar Eshwar Khandre,INC,1
Shri P C Mohan,BJP,Shri Sagar Eshwar Khandre,INC,1
Shri Ramesh Awasthi,BJP,Shri Sagar Eshwar Khandre,INC,1
Shri Ravindra Shukla Alias Ravi Kishan,BJP,Shri Sagar Eshwar Khandre,INC,1
Shri Sagar Eshwar Khandre,INC,Shri Vishweshwar Hegde Kageri,BJP,1
Shri Sagar Eshwar Khandre,INC,Smt. Poonamben Hematbhai Maadam,BJP,1
Shri Arun Bharti,LJSP(RV),Shri Rajiv Pratap Rudy,BJP,1
Shri Gurmeet Singh Meet Hayer,AAP,Shri Ramprit Mandal,JD(U),1
Shri Gurmeet Singh Meet Hayer,AAP,Shri Shafi Parambil,INC,1
Shri Ramprit Mandal,JD(U),Shri Shafi Parambil,INC,1
Shri Ramprit Mandal,JD(U),Smt. June Maliah,AITC,1
Dr. Kalanidhi Veeraswamy,DMK,Shri P C Mohan,BJP,1
Shri P C Mohan,BJP,Smt. Mala Roy,AITC,1
Shri Balya Mama Suresh Gopinath Mhatre,NCP(SP),Shri Omprakash Bhupalsinh Alias Pavan Rajenimbalkar,SS,1
Shri Balya Mama Suresh Gopinath Mhatre,NCP(SP),Shri Sanjay Uttamrao Deshmukh,SS,1
Dr. M K Vishnu Prasad,INC,Shri Malaiyarasan D,DMK,1
Shri Chandan Chauhan,RLD,Shri Mahendra Singh Solanky,BJP,1
Shri Chandra Prakash Choudhary,AJSU,Shri Mukeshkumar Chandrakaant Dalal,BJP,1
Shri Chandra Prakash Choudhary,AJSU,Smt. Roopkumari Choudhary,BJP,1
Shri Dileshwar Kamait,JD(U),Smt. Roopkumari Choudhary,BJP,1
Dr. Ganapathy Rajkumar P,DMK,Smt. Vijaylakshmi Devi,JD(U),1
Smt. Vijaylakshmi Devi,JD(U),Thiru Thanga Tamilselvan,DMK,1
Shri Bapi Haldar,AITC,Shri Raju Bista,BJP,1
Shri Babu Singh Kushwaha,SP,Shri Bharatbhai Manubhai Sutariya,BJP,1
Shri Arvind Ganpat Sawant,SHS(UBT),Shri Sasikanth Senthil,INC,1
Shri Omprakash Bhupalsinh Alias Pavan Rajenimbalkar,SS,Shri Sasikanth Senthil,INC,1
Shri Sanjay Haribhau Jadhav,SS,Shri Sasikanth Senthil,INC,1
Shri Sanjay Uttamrao Deshmukh,SS,Shri Sasikanth Senthil,INC,1
Shri Janardan Singh Sigriwal,BJP,Shri Sudhakar Singh,RJD,1
Dr. Bhola Singh,BJP,Shri Balashowry Vallabhaneni,JSP,1
Shri Balashowry Vallabhaneni,JSP,Shri Satish Kumar Gautam,BJP,1
Shri Anil Yeshwant Desai,SHS(UBT),Shri Bajrang Manohar Sonwane,NCP(SP),1
Shri Anurag Singh Thakur,BJP,Smt. Sanjna Jatav,INC,1
Shri G M Harish Balayogi,TDP,Shri Kali Charan Singh,BJP,1
Shri Mukesh Rajput,BJP,Smt. Sanjna Jatav,INC,1
Dr. Bhola Singh,BJP,Shri Neeraj Maurya,SP,1
Dr. Vinod Kumar Bind,BJP,Shri Neeraj Maurya,SP,1
Shri Alok Sharma,BJP,Shri Devesh Shakya,SP,1
Shri Ananta Nayak,BJP,Shri Devesh Shakya,SP,1
Shri Ananta Nayak,BJP,Shri Neeraj Maurya,SP,1
Shri Anup Sanjay Dhotre,BJP,Shri Neeraj Maurya,SP,1
Shri Bibhu Prasad Tarai,BJP,Shri Neeraj Maurya,SP,1
Shri Bunty Vivek Sahu,BJP,Shri Devesh Shakya,SP,1
Shri Bunty Vivek Sahu,BJP,Shri Neeraj Maurya,SP,1
Shri Devesh Shakya,SP,Shri Lavu Sri Krishna Devarayalu,TDP,1
Shri Devesh Shakya,SP,Shri Manish Jaiswal,BJP,1
Shri Devesh Shakya,SP,Shri Rahul Singh Lodhi,BJP,1
Shri Devesh Shakya,SP,Shri Tapir Gao,BJP,1
Shri Devesh Shakya,SP,Shri Trivendra Singh Rawat,BJP,1
Shri Devesh Shakya,SP,Smt. Himadri Singh,BJP,1
Shri Devesh Shakya,SP,Smt. Smita Uday Wagh,BJP,1
Shri Jaswantsinh Sumanbhai Bhabhor,BJP,Shri Neeraj Maurya,SP,1
Shri Lavu Sri Krishna Devarayalu,TDP,Shri Neeraj Maurya,SP,1
Shri Lavu Sri Krishna Devarayalu,TDP,Shri Trivendra Singh Rawat,BJP,1
Shri Manish Jaiswal,BJP,Shri Neeraj Maurya,SP,1
Shri Neeraj Maurya,SP,Shri Pratap Chandra Sarangi,BJP,1
Shri Neeraj Maurya,SP,Shri Tapir Gao,BJP,1
Shri Neeraj Maurya,SP,Shri Trivendra Singh Rawat,BJP,1
Shri Neeraj Maurya,SP,Smt. Kamaljeet Sehrawat,BJP,1
Shri Naba Charan Majhi,BJP,Shri Neeraj Maurya,SP,1
Dr. M K Vishnu Prasad,INC,Shri Kalyan Banerjee,AITC,1
Dr. M K Vishnu Prasad,INC,Smt. Mala Roy,AITC,1
Dr. M P Abdussamad Samadani,IUML,Shri Gurmeet Singh Meet Hayer,AAP,1
Adv Gowaal Kagada Padavi,INC,Shri Chintamani Maharaj,BJP,1
Adv Gowaal Kagada Padavi,INC,Shri Khagen Murmu,BJP,1
Adv Gowaal Kagada Padavi,INC,Shri Vijay Kumar Dubey,BJP,1
Dr. Bachhav Shobha Dinesh,INC,Shri Chintamani Maharaj,BJP,1
Dr. Bachhav Shobha Dinesh,INC,Shri Khagen Murmu,BJP,1
Dr. Bachhav Shobha Dinesh,INC,Shri Vijay Baghel,BJP,1
Dr. Bachhav Shobha Dinesh,INC,Shri Vijay Kumar Dubey,BJP,1
Ms. Praniti Sushilkumar Shinde,INC,Shri Chintamani Maharaj,BJP,1
Ms. Praniti Sushilkumar Shinde,INC,Shri Khagen Murmu,BJP,1
Ms. Praniti Sushilkumar Shinde,INC,Shri Vijay Baghel,BJP,1
Ms. Praniti Sushilkumar Shinde,INC,Shri Vijay Kumar Dubey,BJP,1
Shri Chintamani Maharaj,BJP,Shri Vishaldada Prakashbapu Patil,IND.,1
Shri Khagen Murmu,BJP,Shri Vishaldada Prakashbapu Patil,IND.,1
Shri Vijay Baghel,BJP,Shri Vishaldada Prakashbapu Patil,IND.,1
Shri Vishaldada Prakashbapu Patil,IND.,Smt. Sanjna Jatav,INC,1
Shri Arvind Dharmapuri,BJP,Shri Bhumare Sandipanrao Asaram,SS,1
Shri Bhumare Sandipanrao Asaram,SS,Shri Bunty Vivek Sahu,BJP,1
Shri Bhumare Sandipanrao Asaram,SS,Shri Hasmukhbhai Somabhai Patel,BJP,1
Shri Bhumare Sandipanrao Asaram,SS,Shri Miteshbhai Rameshbhai Patel,BJP,1
Shri Bhumare Sandipanrao Asaram,SS,Shri Narayan Tatu Rane,BJP,1
Shri Bhumare Sandipanrao Asaram,SS,Shri Rahul Singh Lodhi,BJP,1
Shri Bhumare Sandipanrao Asaram,SS,Shri Rajesh Naranbhai Chudasama,BJP,1
Shri Vivek Thakur,BJP,Smt. Vijaylakshmi Devi,JD(U),1
Shri Amra Ram,CPI(M),Shri Sunil Bose,INC,1
Shri Ranjit Dutta,BJP,Shri Y S Avinash Reddy,YSRCP,1
Com. Selvaraj V,CPI,Shri Jagadish Shettar,BJP,1
Com. Selvaraj V,CPI,Shri Khalilur Rahaman,AITC,1
Dr. Kalanidhi Veeraswamy,DMK,Shri Jagadish Shettar,BJP,1
Dr. Kalanidhi Veeraswamy,DMK,Shri Khalilur Rahaman,AITC,1
Shri Jagadish Shettar,BJP,Shri Khalilur Rahaman,AITC,1
Shri Jagadish Shettar,BJP,Shri Subbarayan K,CPI,1
Shri Khalilur Rahaman,AITC,Shri Subbarayan K,CPI,1
Ms. S Jothimani,INC,Shri Raju Bista,BJP,1
Dr. Bhola Singh,BJP,Shri Kesineni Sivanath,TDP,1
Dr. Rajesh Mishra,BJP,Shri Kesineni Sivanath,TDP,1
Shri Ananta Nayak,BJP,Shri Kesineni Sivanath,TDP,1
Shri Avimanyu Sethi,BJP,Shri Kesineni Sivanath,TDP,1
Shri Bharatsinhji Shankarji Dabhi,BJP,Shri Kesineni Sivanath,TDP,1
Shri Bhojraj Nag,BJP,Shri Kesineni Sivanath,TDP,1
Shri Chandra Prakash Joshi,BJP,Shri Kesineni Sivanath,TDP,1
Shri Kesineni Sivanath,TDP,Shri P P Chaudhary,BJP,1
Shri Kesineni Sivanath,TDP,Shri Vishweshwar Hegde Kageri,BJP,1
Shri Kesineni Sivanath,TDP,Smt. Sanjna Jatav,INC,1
Shri Anurag Singh Thakur,BJP,Shri Neeraj Maurya,SP,1
Shri Bidyut Baran Mahato,BJP,Shri Neeraj Maurya,SP,1
Shri Captain Brijesh Chowta,BJP,Shri Neeraj Maurya,SP,1
Shri Chintamani Maharaj,BJP,Shri Neeraj Maurya,SP,1
Shri Dilip Saikia,BJP,Shri Neeraj Maurya,SP,1
Shri Dineshbhai Makwana,BJP,Shri Neeraj Maurya,SP,1
Shri Janardan Mishra,BJP,Shri Neeraj Maurya,SP,1
Shri Lumbaram Choudhary,BJP,Shri Neeraj Maurya,SP,1
Shri Neeraj Maurya,SP,Shri P C Mohan,BJP,1
Shri Neeraj Maurya,SP,Shri Parbhubhai Nagarbhai Vasava,BJP,1
Shri Neeraj Maurya,SP,Smt. Kamlesh Jangde,BJP,1
Shri Neeraj Maurya,SP,Smt. Mahima Kumari Mewar,BJP,1
Shri Neeraj Maurya,SP,Smt. Vijaylakshmi Devi,JD(U),1
Dr. Byreddy Shabari,TDP,Dr. Gumma Thanuja Rani,YSRCP,1
Dr. Shivaji Bandappa Kalge,INC,Ms Sayani Ghosh,AITC,1
Dr. Shivaji Bandappa Kalge,INC,Shri Azad Kirti Jha,AITC,1
Ms Sayani Ghosh,AITC,Smt. Geniben Nagaji Thakor,INC,1
Shri Azad Kirti Jha,AITC,Smt. Geniben Nagaji Thakor,INC,1
Dr. Hemant Vishnu Savara,BJP,Ms. S Jothimani,INC,1
Dr. Rajesh Mishra,BJP,Ms. S Jothimani,INC,1
Ms. S Jothimani,INC,Shri Alok Sharma,BJP,1
Ms. S Jothimani,INC,Shri Avimanyu Sethi,BJP,1
Ms. S Jothimani,INC,Shri Balabhadra Majhi,BJP,1
Ms. S Jothimani,INC,Shri Bharatsinhji Shankarji Dabhi,BJP,1
Ms. S Jothimani,INC,Shri Captain Brijesh Chowta,BJP,1
Ms. S Jothimani,INC,Shri Dulu Mahato,BJP,1
Ms. S Jothimani,INC,Shri Jugal Kishore,BJP,1
Ms. S Jothimani,INC,Shri Khagen Murmu,BJP,1
Ms. S Jothimani,INC,Shri Lavu Sri Krishna Devarayalu,TDP,1
Ms. S Jothimani,INC,Shri Mahendra Singh Solanky,BJP,1
Ms. S Jothimani,INC,Shri Manoj Tiwari,BJP,1
Ms. S Jothimani,INC,Shri P C Mohan,BJP,1
Ms. S Jothimani,INC,Shri Pradeep Purohit,BJP,1
Ms. S Jothimani,INC,Shri Praveen Patel,BJP,1
Ms. S Jothimani,INC,Shri Rajiv Pratap Rudy,BJP,1
Ms. S Jothimani,INC,Shri Satish Kumar Gautam,BJP,1
Md Abu Taher Khan,AITC,Smt. Poonamben Hematbhai Maadam,BJP,1
Dr. Sambit Patra,BJP,Shri Dileshwar Kamait,JD(U),1
Dr. Sambit Patra,BJP,Shri Kaushalendra Kumar,JD(U),1
Dr. Sambit Patra,BJP,Shri Lavu Sri Krishna Devarayalu,TDP,1
Shri Anurag Sharma,BJP,Shri Kaushalendra Kumar,JD(U),1
Shri Biplab Kumar Deb,BJP,Shri Kaushalendra Kumar,JD(U),1
Shri Biplab Kumar Deb,BJP,Shri Lavu Sri Krishna Devarayalu,TDP,1
Shri Gopal Jee Thakur,BJP,Shri Kaushalendra Kumar,JD(U),1
Shri Janardan Mishra,BJP,Shri Kaushalendra Kumar,JD(U),1
Shri Janardan Singh Sigriwal,BJP,Shri Kaushalendra Kumar,JD(U),1
Shri Nalin Soren,JMM,Shri Neeraj Maurya,SP,1
Shri Rajpalsinh Mahendrasinh Jadav,BJP,Smt. Vijaylakshmi Devi,JD(U),1
Shri Dileshwar Kamait,JD(U),Smt. Sanjna Jatav,INC,1
Smt. D K Aruna,BJP,Smt. Sanjna Jatav,INC,1
Shri Biplab Kumar Deb,BJP,Thiru D M Kathir Anand,DMK,1
Dr. Byreddy Shabari,TDP,Dr. Sharmila Sarkar,AITC,1
Shri Arvind Dharmapuri,BJP,Shri G M Harish Balayogi,TDP,1
Shri Arvind Dharmapuri,BJP,Shri Krishna Prasad Tenneti,TDP,1
Shri G M Harish Balayogi,TDP,Smt. D K Aruna,BJP,1
Dr. Bhola Singh,BJP,Shri Babu Singh Kushwaha,SP,1
Dr. Bhola Singh,BJP,Shri Bhumare Sandipanrao Asaram,SS,1
Dr. Rajesh Mishra,BJP,Shri Babu Singh Kushwaha,SP,1
Dr. Vinod Kumar Bind,BJP,Shri Babu Singh Kushwaha,SP,1
Dr. Vinod Kumar Bind,BJP,Shri Bhumare Sandipanrao Asaram,SS,1
Shri Anoop Pradhan Valmiki,BJP,Shri Babu Singh Kushwaha,SP,1
Shri Anoop Pradhan Valmiki,BJP,Shri Bhumare Sandipanrao Asaram,SS,1
Shri Anoop Pradhan Valmiki,BJP,Shri Devesh Shakya,SP,1
Shri Babu Singh Kushwaha,SP,Shri Balabhadra Majhi,BJP,1
Shri Babu Singh Kushwaha,SP,Shri Bhartruhari Mahtab,BJP,1
Shri Babu Singh Kushwaha,SP,Shri Bhumare Sandipanrao Asaram,SS,1
Shri Babu Singh Kushwaha,SP,Shri Bibhu Prasad Tarai,BJP,1
Shri Babu Singh Kushwaha,SP,Shri Biplab Kumar Deb,BJP,1
Shri Babu Singh Kushwaha,SP,Shri Gyaneshwar Patil,BJP,1
Shri Babu Singh Kushwaha,SP,Shri Jaswantsinh Sumanbhai Bhabhor,BJP,1
Shri Babu Singh Kushwaha,SP,Shri Khagen Murmu,BJP,1
Shri Babu Singh Kushwaha,SP,Shri Mahendra Singh Solanky,BJP,1
Shri Babu Singh Kushwaha,SP,Shri Naba Charan Majhi,BJP,1
Shri Babu Singh Kushwaha,SP,Shri Parbhubhai Nagarbhai Vasava,BJP,1
Shri Babu Singh Kushwaha,SP,Shri Pratap Chandra Sarangi,BJP,1
Shri Babu Singh Kushwaha,SP,Shri Rajkumar Chahar,BJP,1
Shri Babu Singh Kushwaha,SP,Shri Satish Kumar Gautam,BJP,1
Shri Babu Singh Kushwaha,SP,Shri Sukanta Kumar Panigrahi,BJP,1
Shri Babu Singh Kushwaha,SP,Shri Vijay Baghel,BJP,1
Shri Babu Singh Kushwaha,SP,Shri Vishweshwar Hegde Kageri,BJP,1
Shri Babu Singh Kushwaha,SP,Shri Yaduveer Wadiyar,BJP,1
Shri Babu Singh Kushwaha,SP,Smt. Anita Subhadarshini,BJP,1
Shri Babu Singh Kushwaha,SP,Smt. Delkar Kalaben Mohanbhai,BJP,1
Shri Babu Singh Kushwaha,SP,Smt. Kamaljeet Sehrawat,BJP,1
Shri Balabhadra Majhi,BJP,Shri Bhumare Sandipanrao Asaram,SS,1
Shri Bhartruhari Mahtab,BJP,Shri Devesh Shakya,SP,1
Shri Bhumare Sandipanrao Asaram,SS,Shri Bibhu Prasad Tarai,BJP,1
Shri Bhumare Sandipanrao Asaram,SS,Shri Biplab Kumar Deb,BJP,1
Shri Bhumare Sandipanrao Asaram,SS,Shri Devesh Shakya,SP,1
Shri Bhumare Sandipanrao Asaram,SS,Shri Mahendra Singh Solanky,BJP,1
Shri Bhumare Sandipanrao Asaram,SS,Shri Naba Charan Majhi,BJP,1
Shri Bhumare Sandipanrao Asaram,SS,Shri Parbhubhai Nagarbhai Vasava,BJP,1
Shri Bhumare Sandipanrao Asaram,SS,Shri Pratap Chandra Sarangi,BJP,1
Shri Bhumare Sandipanrao Asaram,SS,Shri Sukanta Kumar Panigrahi,BJP,1
Shri Bhumare Sandipanrao Asaram,SS,Shri Yaduveer Wadiyar,BJP,1
Shri Bhumare Sandipanrao Asaram,SS,Smt. Anita Subhadarshini,BJP,1
Shri Bhumare Sandipanrao Asaram,SS,Smt. Kamaljeet Sehrawat,BJP,1
Shri Biplab Kumar Deb,BJP,Shri Devesh Shakya,SP,1
Shri Devesh Shakya,SP,Shri Gyaneshwar Patil,BJP,1
Shri Devesh Shakya,SP,Shri Khagen Murmu,BJP,1
Shri Devesh Shakya,SP,Shri Mahendra Singh Solanky,BJP,1
Shri Devesh Shakya,SP,Shri Parbhubhai Nagarbhai Vasava,BJP,1
Shri Devesh Shakya,SP,Shri Rajkumar Chahar,BJP,1
Shri Devesh Shakya,SP,Shri Satish Kumar Gautam,BJP,1
Shri Devesh Shakya,SP,Shri Sukanta Kumar Panigrahi,BJP,1
Shri Devesh Shakya,SP,Smt. Anita Subhadarshini,BJP,1
Shri Devesh Shakya,SP,Smt. Delkar Kalaben Mohanbhai,BJP,1
Shri Dileshwar Kamait,JD(U),Shri Yaduveer Wadiyar,BJP,1
Shri Dileshwar Kamait,JD(U),Smt. Anita Nagarsingh Chouhan,BJP,1
Shri P C Mohan,BJP,Smt. Lovely Anand,JD(U),1
Shri Ramesh Awasthi,BJP,Smt. Lovely Anand,JD(U),1
Shri Tejasvi Surya,BJP,Smt. Lovely Anand,JD(U),1
Smt. Anita Nagarsingh Chouhan,BJP,Smt. Lovely Anand,JD(U),1
Dr. K Sudhakar,BJP,Shri Bajrang Manohar Sonwane,NCP(SP),1
Shri Anoop Pradhan Valmiki,BJP,Shri Bajrang Manohar Sonwane,NCP(SP),1
Shri Anup Sanjay Dhotre,BJP,Shri Bajrang Manohar Sonwane,NCP(SP),1
Shri Ashok Kumar Rawat,BJP,Shri Bajrang Manohar Sonwane,NCP(SP),1
Shri Bajrang Manohar Sonwane,NCP(SP),Shri Balabhadra Majhi,BJP,1
Shri Bajrang Manohar Sonwane,NCP(SP),Shri Bibhu Prasad Tarai,BJP,1
Shri Bajrang Manohar Sonwane,NCP(SP),Shri Dulu Mahato,BJP,1
Shri Bajrang Manohar Sonwane,NCP(SP),Shri Kota Srinivasa Poojary,BJP,1
Shri Bajrang Manohar Sonwane,NCP(SP),Shri Parbhubhai Nagarbhai Vasava,BJP,1
Shri Bajrang Manohar Sonwane,NCP(SP),Shri Rajkumar Chahar,BJP,1
Shri Bajrang Manohar Sonwane,NCP(SP),Shri Shankar Lalwani,BJP,1
Shri Bajrang Manohar Sonwane,NCP(SP),Shri Sukanta Kumar Panigrahi,BJP,1
Shri Bajrang Manohar Sonwane,NCP(SP),Shri Yaduveer Wadiyar,BJP,1
Shri Bajrang Manohar Sonwane,NCP(SP),Smt. D K Aruna,BJP,1
Shri Bajrang Manohar Sonwane,NCP(SP),Smt. Kamlesh Jangde,BJP,1
Shri Bajrang Manohar Sonwane,NCP(SP),Smt. Smita Uday Wagh,BJP,1
Dr. Hemant Vishnu Savara,BJP,Shri P V Midhun Reddy,YSRCP,1
Dr. Sanjay Jaiswal,BJP,Shri P V Midhun Reddy,YSRCP,1
Shri Ananta Nayak,BJP,Shri P V Midhun Reddy,YSRCP,1
Shri Bhojraj Nag,BJP,Shri P V Midhun Reddy,YSRCP,1
Shri Chavan Ravindra Vasantrao,INC,Shri P V Midhun Reddy,YSRCP,1
Shri Chavan Ravindra Vasantrao,INC,Shri Sukanta Kumar Panigrahi,BJP,1
Shri Chavan Ravindra Vasantrao,INC,Shri Yaduveer Wadiyar,BJP,1
Shri Damodar Agrawal,BJP,Shri P V Midhun Reddy,YSRCP,1
Shri Dhairyasheel Sambhajirao Mane,SS,Shri P V Midhun Reddy,YSRCP,1
Shri Dhairyasheel Sambhajirao Mane,SS,Shri Yaduveer Wadiyar,BJP,1
Shri Hasmukhbhai Somabhai Patel,BJP,Smt. Sanjna Jatav,INC,1
Shri Jugal Kishore,BJP,Shri P V Midhun Reddy,YSRCP,1
Shri Lavu Sri Krishna Devarayalu,TDP,Shri P V Midhun Reddy,YSRCP,1
Shri Miteshbhai Rameshbhai Patel,BJP,Smt. Sanjna Jatav,INC,1
Shri Naba Charan Majhi,BJP,Shri P V Midhun Reddy,YSRCP,1
Shri Nalin Soren,JMM,Shri P V Midhun Reddy,YSRCP,1
Shri P V Midhun Reddy,YSRCP,Shri Pratap Chandra Sarangi,BJP,1
Shri P V Midhun Reddy,YSRCP,Shri Satish Kumar Gautam,BJP,1
Shri P V Midhun Reddy,YSRCP,Shri Sudheer Gupta,BJP,1
Shri P V Midhun Reddy,YSRCP,Shri Sukanta Kumar Panigrahi,BJP,1
Shri P V Midhun Reddy,YSRCP,Shri Tejasvi Surya,BJP,1
Shri P V Midhun Reddy,YSRCP,Shri Vijay Baghel,BJP,1
Shri P V Midhun Reddy,YSRCP,Shri Vishweshwar Hegde Kageri,BJP,1
Shri P V Midhun Reddy,YSRCP,Shri Yaduveer Wadiyar,BJP,1
Shri P V Midhun Reddy,YSRCP,Smt. Sanjna Jatav,INC,1
Shri P V Midhun Reddy,YSRCP,Smt. Smita Uday Wagh,BJP,1
Dr. Shrikant Eknath Shinde,SS,Shri Ramashankar  Vidharthi Rajbhar,SP,1
Shri Naresh Ganpat Mhaske,SS,Shri Ramashankar  Vidharthi Rajbhar,SP,1
Shri Ramashankar  Vidharthi Rajbhar,SP,Shri Ravindra Dattaram Waikar,SS,1
Shri Ramashankar  Vidharthi Rajbhar,SP,Shri Shrirang Appa Chandu Barne,SS,1
Shri Ramashankar  Vidharthi Rajbhar,SP,Smt. Bharti Pardhi,BJP,1
Shri Lavu Sri Krishna Devarayalu,TDP,Smt. Bijuli Kalita Medhi,BJP,1
Shri Chandan Chauhan,RLD,Smt. Lovely Anand,JD(U),1
Shri Eswarasamy K,DMK,Smt. June Maliah,AITC,1
Shri Devesh Shakya,SP,Shri Jagdambika Pal,BJP,1
Dr. Faggan Singh Kulaste,BJP,Dr. Shrikant Eknath Shinde,SS,1
Dr. Faggan Singh Kulaste,BJP,Shri Naresh Ganpat Mhaske,SS,1
Dr. Faggan Singh Kulaste,BJP,Shri Ravindra Dattaram Waikar,SS,1
Dr. Faggan Singh Kulaste,BJP,Shri Shrirang Appa Chandu Barne,SS,1
Dr. Faggan Singh Kulaste,BJP,Shri Vishaldada Prakashbapu Patil,IND.,1
Dr. Bhola Singh,BJP,Smt. Lovely Anand,JD(U),1
Shri Anup Sanjay Dhotre,BJP,Smt. Lovely Anand,JD(U),1
Shri Avimanyu Sethi,BJP,Shri Devesh Shakya,SP,1
Shri Devesh Shakya,SP,Shri Dineshbhai Makwana,BJP,1
Shri Devesh Shakya,SP,Shri Godam Nagesh,BJP,1
Shri Devesh Shakya,SP,Shri Kali Charan Singh,BJP,1
Shri Devesh Shakya,SP,Shri Mahesh Kashyap,BJP,1
Shri Devesh Shakya,SP,Shri Vijay Kumar Dubey,BJP,1
Shri Kali Charan Singh,BJP,Smt. Lovely Anand,JD(U),1
Shri Mahesh Kashyap,BJP,Smt. Lovely Anand,JD(U),1
Shri Jashubhai Bhilubhai Rathva,BJP,Smt. Lovely Anand,JD(U),1
Shri Avimanyu Sethi,BJP,Shri Chandan Chauhan,RLD,1
Shri C N Annadurai,DMK,Shri Chavan Ravindra Vasantrao,INC,1
Shri Chavan Ravindra Vasantrao,INC,Shri Navaskani K,IUML,1
Shri Chavan Ravindra Vasantrao,INC,Shri Selvam G,DMK,1
Dr. Rajesh Mishra,BJP,Shri Neeraj Maurya,SP,1
Shri Balabhadra Majhi,BJP,Shri Neeraj Maurya,SP,1
Shri Chandra Prakash Joshi,BJP,Shri Devesh Shakya,SP,1
Shri Damodar Agrawal,BJP,Shri Devesh Shakya,SP,1
Shri Damodar Agrawal,BJP,Shri Neeraj Maurya,SP,1
Shri Devesh Shakya,SP,Shri Shankar Lalwani,BJP,1
Shri Devesh Shakya,SP,Shri Tejasvi Surya,BJP,1
Shri Devesh Shakya,SP,Smt. Aparajita Sarangi,BJP,1
Shri Neeraj Maurya,SP,Shri Shankar Lalwani,BJP,1
Shri Neeraj Maurya,SP,Shri Tejasvi Surya,BJP,1
Shri Neeraj Maurya,SP,Shri Yaduveer Wadiyar,BJP,1
Shri Neeraj Maurya,SP,Smt. Aparajita Sarangi,BJP,1
Dr. Hemant Vishnu Savara,BJP,Shri C N Annadurai,DMK,1
Dr. Hemant Vishnu Savara,BJP,Shri Selvam G,DMK,1
Dr. Hemant Vishnu Savara,BJP,Smt. Lovely Anand,JD(U),1
Dr. Manna Lal Rawat,BJP,Shri C N Annadurai,DMK,1
Dr. Manna Lal Rawat,BJP,Shri Navaskani K,IUML,1
Dr. Manna Lal Rawat,BJP,Shri Selvam G,DMK,1
Shri Avimanyu Sethi,BJP,Shri C N Annadurai,DMK,1
Shri Avimanyu Sethi,BJP,Shri Navaskani K,IUML,1
Shri Avimanyu Sethi,BJP,Shri Selvam G,DMK,1
Shri Bhartruhari Mahtab,BJP,Shri C N Annadurai,DMK,1
Shri Bhartruhari Mahtab,BJP,Shri Navaskani K,IUML,1
Shri Bhartruhari Mahtab,BJP,Shri Selvam G,DMK,1
Shri Bidyut Baran Mahato,BJP,Shri C N Annadurai,DMK,1
Shri Bidyut Baran Mahato,BJP,Shri Selvam G,DMK,1
Shri C N Annadurai,DMK,Shri Dilip Saikia,BJP,1
Shri C N Annadurai,DMK,Shri Dineshbhai Makwana,BJP,1
Shri C N Annadurai,DMK,Shri Godam Nagesh,BJP,1
Shri C N Annadurai,DMK,Shri Janardan Mishra,BJP,1
Shri C N Annadurai,DMK,Shri Lavu Sri Krishna Devarayalu,TDP,1
Shri C N Annadurai,DMK,Shri Lumbaram Choudhary,BJP,1
Shri C N Annadurai,DMK,Shri Naba Charan Majhi,BJP,1
Shri C N Annadurai,DMK,Shri Praveen Patel,BJP,1
Shri C N Annadurai,DMK,Shri Rajesh Naranbhai Chudasama,BJP,1
Shri C N Annadurai,DMK,Shri Rajiv Pratap Rudy,BJP,1
Shri C N Annadurai,DMK,Shri Tapir Gao,BJP,1
Shri C N Annadurai,DMK,Shri Vijay Baghel,BJP,1
Shri C N Annadurai,DMK,Shri Vijay Kumar Dubey,BJP,1
Shri C N Annadurai,DMK,Shri Vishweshwar Hegde Kageri,BJP,1
Shri C N Annadurai,DMK,Smt. Kamlesh Jangde,BJP,1
Shri C N Annadurai,DMK,Smt. Lovely Anand,JD(U),1
Shri C N Annadurai,DMK,Smt. Smita Uday Wagh,BJP,1
Shri Dilip Saikia,BJP,Shri Selvam G,DMK,1
Shri Dineshbhai Makwana,BJP,Shri Selvam G,DMK,1
Shri Godam Nagesh,BJP,Shri Selvam G,DMK,1
Shri Janardan Mishra,BJP,Shri Navaskani K,IUML,1
Shri Janardan Mishra,BJP,Shri Selvam G,DMK,1
Shri Lavu Sri Krishna Devarayalu,TDP,Shri Navaskani K,IUML,1
Shri Lavu Sri Krishna Devarayalu,TDP,Shri Selvam G,DMK,1
Shri Lumbaram Choudhary,BJP,Shri Selvam G,DMK,1
Shri Manish Jaiswal,BJP,Smt. Lovely Anand,JD(U),1
Shri Naba Charan Majhi,BJP,Shri Selvam G,DMK,1
Shri Navaskani K,IUML,Shri P P Chaudhary,BJP,1
Shri Navaskani K,IUML,Shri Rajesh Naranbhai Chudasama,BJP,1
Shri Navaskani K,IUML,Shri Rajiv Pratap Rudy,BJP,1
Shri Navaskani K,IUML,Shri Tapir Gao,BJP,1
Shri Navaskani K,IUML,Shri Vijay Baghel,BJP,1
Shri Navaskani K,IUML,Smt. Kamlesh Jangde,BJP,1
Shri Navaskani K,IUML,Smt. Lovely Anand,JD(U),1
Shri Navaskani K,IUML,Smt. Smita Uday Wagh,BJP,1
Shri Praveen Patel,BJP,Shri Selvam G,DMK,1
Shri Rajesh Naranbhai Chudasama,BJP,Shri Selvam G,DMK,1
Shri Rajiv Pratap Rudy,BJP,Shri Selvam G,DMK,1
Shri Selvam G,DMK,Shri Tapir Gao,BJP,1
Shri Selvam G,DMK,Shri Vijay Baghel,BJP,1
Shri Selvam G,DMK,Shri Vijay Kumar Dubey,BJP,1
Shri Selvam G,DMK,Shri Vishweshwar Hegde Kageri,BJP,1
Shri Selvam G,DMK,Smt. Kamlesh Jangde,BJP,1
Shri Selvam G,DMK,Smt. Lovely Anand,JD(U),1
Shri Selvam G,DMK,Smt. Smita Uday Wagh,BJP,1
Shri Manish Tewari,INC,Shri T R Baalu,DMK,1
Dr. M K Vishnu Prasad,INC,Dr. Raj Kumar Chabbewal,AAP,1
Dr. Raj Kumar Chabbewal,AAP,Shri Deepender Singh Hooda,INC,1
Shri Kuldeep Indora,INC,Shri Lalji Verma,SP,1
Shri Manoj Kumar,INC,Shri Sudhakar Singh,RJD,1
Dr. Kakoli Ghosh Dastidar,AITC,Shri Ravindra Shukla Alias Ravi Kishan,BJP,1
Km. Sudha R,INC,Shri K Radhakrishnan,CPI(M),1
Km. Sudha R,INC,Smt. Kanimozhi Karunanidhi,DMK,1
Shri Balwant Baswant Wankhade,INC,Shri K Radhakrishnan,CPI(M),1
Shri Balwant Baswant Wankhade,INC,Smt. Kanimozhi Karunanidhi,DMK,1
Shri Benny Behanan,INC,Smt. Kanimozhi Karunanidhi,DMK,1
Shri K Radhakrishnan,CPI(M),Shri Tanuj Punia,INC,1
Shri K Radhakrishnan,CPI(M),Shri V K Sreekandan,INC,1
Shri K Radhakrishnan,CPI(M),Smt. Kanimozhi Karunanidhi,DMK,1
Shri Karti P Chidambaram,INC,Smt. Kanimozhi Karunanidhi,DMK,1
Shri Tanuj Punia,INC,Smt. Kanimozhi Karunanidhi,DMK,1
Shri V K Sreekandan,INC,Smt. Kanimozhi Karunanidhi,DMK,1
Prof. Sougata Ray,AITC,Shri P C Mohan,BJP,1
Shri Chandan Chauhan,RLD,Shri Rodmal Nagar,BJP,1
Shri Ashok Kumar Rawat,BJP,Smt. Vijaylakshmi Devi,JD(U),1
Shri Rodmal Nagar,BJP,Smt. Vijaylakshmi Devi,JD(U),1
Shri Bajrang Manohar Sonwane,NCP(SP),Shri Chandra Prakash Joshi,BJP,1
Shri Bajrang Manohar Sonwane,NCP(SP),Thiru Arun Nehru,DMK,1
Shri Chandra Prakash Joshi,BJP,Thiru Arun Nehru,DMK,1
Shri Sanjay Haribhau Jadhav,SS,Thiru Arun Nehru,DMK,1
Shri Gopal Jee Thakur,BJP,Smt. Lovely Anand,JD(U),1
Shri Krishna Prasad Tenneti,TDP,Shri Ramvir Singh Bidhuri,BJP,1
Shri Nalin Soren,JMM,Shri Ramvir Singh Bidhuri,BJP,1
Shri Ramvir Singh Bidhuri,BJP,Smt. Lovely Anand,JD(U),1
Smt. Himadri Singh,BJP,Smt. Lovely Anand,JD(U),1
Shri Captain Brijesh Chowta,BJP,Smt. Lovely Anand,JD(U),1
Smt. Lovely Anand,JD(U),Smt. Shobhanaben Mahendrasinh Baraiya,BJP,1
Shri Kalyan Banerjee,AITC,Shri Lalji Verma,SP,1
Shri Azad Kirti Jha,AITC,Shri E T Mohammed Basheer,IUML,1
Shri Konda Vishweshwar Reddy,BJP,Shri Murari Lal Meena,INC,1
Shri Jai Parkash,INC,Shri Nalin Soren,JMM,1
Dr. M K Vishnu Prasad,INC,Shri Kali Charan Singh,BJP,1
Dr. Nishikant Dubey,BJP,Shri Brijendra Singh Ola,INC,1
Shri Brijendra Singh Ola,INC,Shri Janardan Singh Sigriwal,BJP,1
Shri Brijendra Singh Ola,INC,Shri Kali Charan Singh,BJP,1
Shri Amar Sharadrao Kale,NCP(SP),Shri Tharaniventhan M S,DMK,1
Shri Bhumare Sandipanrao Asaram,SS,Shri Tharaniventhan M S,DMK,1
Shri Dileshwar Kamait,JD(U),Shri Gyaneshwar Patil,BJP,1
Shri Dileshwar Kamait,JD(U),Shri Tharaniventhan M S,DMK,1
Shri Gyaneshwar Patil,BJP,Shri Tharaniventhan M S,DMK,1
Mr Pathan Yusuf,AITC,Shri Sachithanantham R,CPI(M),1
Shri Dileshwar Kamait,JD(U),Shri Nilesh Dnyandev Lanke,NCP(SP),1
Shri M K Raghavan,INC,Shri Murasoli S,DMK,1
Smt. Lovely Anand,JD(U),Smt. Mahima Kumari Mewar,BJP,1
Shri Arvind Ganpat Sawant,SHS(UBT),Shri Bhojraj Nag,BJP,1
Shri Arvind Ganpat Sawant,SHS(UBT),Shri Jaswantsinh Sumanbhai Bhabhor,BJP,1
Shri Arvind Ganpat Sawant,SHS(UBT),Shri Rahul Singh Lodhi,BJP,1
Shri Arvind Ganpat Sawant,SHS(UBT),Shri Rajesh Naranbhai Chudasama,BJP,1
Shri Arvind Ganpat Sawant,SHS(UBT),Smt. Sanjna Jatav,INC,1
Shri Anurag Sharma,BJP,Smt. Lovely Anand,JD(U),1
Shri Anurag Singh Thakur,BJP,Smt. Lovely Anand,JD(U),1
Shri Naveen Jindal,BJP,Shri S Venkatesan,CPI(M),1
Shri Tatkare Sunil Dattatrey,NCP,Smt. Mala Rajya Laxmi Shah,BJP,1
Dr. Sanjay Jaiswal,BJP,Shri Babu Singh Kushwaha,SP,1
Shri Babu Singh Kushwaha,SP,Shri Chandra Prakash Joshi,BJP,1
Shri Babu Singh Kushwaha,SP,Shri Dileshwar Kamait,JD(U),1
Shri Babu Singh Kushwaha,SP,Shri Rao Rajendra Singh,BJP,1
Shri Dileshwar Kamait,JD(U),Shri Rao Rajendra Singh,BJP,1
Shri Maddila Gurumoorthy,YSRCP,Shri Sribharat Mathukumilli,TDP,1
Dr. Shivaji Bandappa Kalge,INC,Shri Vijay Kumar Hansdak,JMM,1
Shri Bhumare Sandipanrao Asaram,SS,Shri Vijay Kumar Hansdak,JMM,1
Shri Gyaneshwar Patil,BJP,Shri Vijay Kumar Hansdak,JMM,1
Shri Nilesh Dnyandev Lanke,NCP(SP),Shri Vijay Kumar Hansdak,JMM,1
Shri Vijay Kumar Hansdak,JMM,Smt. Delkar Kalaben Mohanbhai,BJP,1
Dr. Amar Singh,INC,Dr. Raj Kumar Chabbewal,AAP,1
Dr. Raj Kumar Chabbewal,AAP,Shri Amrinder Singh Raja Warring,INC,1
Dr. Gumma Thanuja Rani,YSRCP,Shri Chavan Ravindra Vasantrao,INC,1
Dr. Gumma Thanuja Rani,YSRCP,Shri Dhairyasheel Sambhajirao Mane,SS,1
Dr. Gumma Thanuja Rani,YSRCP,Shri Sudheer Gupta,BJP,1
Dr. Ganapathy Rajkumar P,DMK,Dr. Hemant Vishnu Savara,BJP,1
Dr. Ganapathy Rajkumar P,DMK,Dr. Manna Lal Rawat,BJP,1
Dr. Ganapathy Rajkumar P,DMK,Ms Kangna Ranaut,BJP,1
Dr. Ganapathy Rajkumar P,DMK,Shri Anil Firojiya,BJP,1
Dr. Ganapathy Rajkumar P,DMK,Shri Balabhadra Majhi,BJP,1
Dr. Ganapathy Rajkumar P,DMK,Shri Bharatsinhji Shankarji Dabhi,BJP,1
Dr. Ganapathy Rajkumar P,DMK,Shri Bhartruhari Mahtab,BJP,1
Dr. Ganapathy Rajkumar P,DMK,Shri Bidyut Baran Mahato,BJP,1
Dr. Ganapathy Rajkumar P,DMK,Shri Damodar Agrawal,BJP,1
Dr. Ganapathy Rajkumar P,DMK,Shri Dilip Saikia,BJP,1
Dr. Ganapathy Rajkumar P,DMK,Shri Dineshbhai Makwana,BJP,1
Dr. Ganapathy Rajkumar P,DMK,Shri G M Harish Balayogi,TDP,1
Dr. Ganapathy Rajkumar P,DMK,Shri Janardan Mishra,BJP,1
Dr. Ganapathy Rajkumar P,DMK,Shri Lumbaram Choudhary,BJP,1
Dr. Ganapathy Rajkumar P,DMK,Shri Mahendra Singh Solanky,BJP,1
Dr. Ganapathy Rajkumar P,DMK,Shri P P Chaudhary,BJP,1
Dr. Ganapathy Rajkumar P,DMK,Shri Pradeep Kumar Singh,BJP,1
Dr. Ganapathy Rajkumar P,DMK,Shri Praveen Patel,BJP,1
Dr. Ganapathy Rajkumar P,DMK,Shri Sribharat Mathukumilli,TDP,1
Dr. Ganapathy Rajkumar P,DMK,Shri Sukhdeo Bhagat,INC,1
Dr. Ganapathy Rajkumar P,DMK,Shri Vijay Baghel,BJP,1
Dr. Ganapathy Rajkumar P,DMK,Shri Vishweshwar Hegde Kageri,BJP,1
Dr. Ganapathy Rajkumar P,DMK,Shri Yogender Chandolia,BJP,1
Dr. Ganapathy Rajkumar P,DMK,Smt. Anita Nagarsingh Chouhan,BJP,1
Dr. Ganapathy Rajkumar P,DMK,Smt. Mala Rajya Laxmi Shah,BJP,1
Dr. Ganapathy Rajkumar P,DMK,Smt. Shobhanaben Mahendrasinh Baraiya,BJP,1
Dr. Ganapathy Rajkumar P,DMK,Smt. Smita Uday Wagh,BJP,1
Dr. Hemant Vishnu Savara,BJP,Shri Sukhdeo Bhagat,INC,1
Dr. Hemant Vishnu Savara,BJP,Thiru Dr. S Jagathratchakan,DMK,1
Dr. Manna Lal Rawat,BJP,Shri Sribharat Mathukumilli,TDP,1
Dr. Manna Lal Rawat,BJP,Shri Sukhdeo Bhagat,INC,1
Dr. Manna Lal Rawat,BJP,Thiru Dr. S Jagathratchakan,DMK,1
Ms Kangna Ranaut,BJP,Shri Sribharat Mathukumilli,TDP,1
Ms Kangna Ranaut,BJP,Shri Sukhdeo Bhagat,INC,1
Ms Kangna Ranaut,BJP,Thiru Dr. S Jagathratchakan,DMK,1
Shri Anil Firojiya,BJP,Shri G M Harish Balayogi,TDP,1
Shri Anil Firojiya,BJP,Shri Sribharat Mathukumilli,TDP,1
Shri Anil Firojiya,BJP,Shri Sukhdeo Bhagat,INC,1
Shri Anil Firojiya,BJP,Thiru Dr. S Jagathratchakan,DMK,1
Shri Balabhadra Majhi,BJP,Shri Sribharat Mathukumilli,TDP,1
Shri Balabhadra Majhi,BJP,Shri Sukhdeo Bhagat,INC,1
Shri Balabhadra Majhi,BJP,Thiru Dr. S Jagathratchakan,DMK,1
Shri Bharatsinhji Shankarji Dabhi,BJP,Shri G M Harish Balayogi,TDP,1
Shri Bharatsinhji Shankarji Dabhi,BJP,Shri Sribharat Mathukumilli,TDP,1
Shri Bharatsinhji Shankarji Dabhi,BJP,Shri Sukhdeo Bhagat,INC,1
Shri Bharatsinhji Shankarji Dabhi,BJP,Thiru Dr. S Jagathratchakan,DMK,1
Shri Bhartruhari Mahtab,BJP,Shri Sribharat Mathukumilli,TDP,1
Shri Bhartruhari Mahtab,BJP,Shri Sukhdeo Bhagat,INC,1
Shri Bhartruhari Mahtab,BJP,Thiru Dr. S Jagathratchakan,DMK,1
Shri Bidyut Baran Mahato,BJP,Shri Sukhdeo Bhagat,INC,1
Shri Bidyut Baran Mahato,BJP,Thiru Dr. S Jagathratchakan,DMK,1
Shri Damodar Agrawal,BJP,Shri Sribharat Mathukumilli,TDP,1
Shri Damodar Agrawal,BJP,Shri Sukhdeo Bhagat,INC,1
Shri Damodar Agrawal,BJP,Thiru Dr. S Jagathratchakan,DMK,1
Shri Dilip Saikia,BJP,Shri Sukhdeo Bhagat,INC,1
Shri Dilip Saikia,BJP,Thiru Dr. S Jagathratchakan,DMK,1
Shri Dineshbhai Makwana,BJP,Shri Sukhdeo Bhagat,INC,1
Shri Dineshbhai Makwana,BJP,Thiru Dr. S Jagathratchakan,DMK,1
Shri G M Harish Balayogi,TDP,Shri Sukhdeo Bhagat,INC,1
Shri G M Harish Balayogi,TDP,Thiru Dr. S Jagathratchakan,DMK,1
Shri Janardan Mishra,BJP,Shri Sribharat Mathukumilli,TDP,1
Shri Janardan Mishra,BJP,Shri Sukhdeo Bhagat,INC,1
Shri Janardan Mishra,BJP,Thiru Dr. S Jagathratchakan,DMK,1
Shri Lumbaram Choudhary,BJP,Shri Sukhdeo Bhagat,INC,1
Shri Lumbaram Choudhary,BJP,Thiru Dr. S Jagathratchakan,DMK,1
Shri Mahendra Singh Solanky,BJP,Shri Sribharat Mathukumilli,TDP,1
Shri Mahendra Singh Solanky,BJP,Shri Sukhdeo Bhagat,INC,1
Shri Mahendra Singh Solanky,BJP,Thiru Dr. S Jagathratchakan,DMK,1
Shri P P Chaudhary,BJP,Shri Sribharat Mathukumilli,TDP,1
Shri P P Chaudhary,BJP,Shri Sukhdeo Bhagat,INC,1
Shri P P Chaudhary,BJP,Thiru Dr. S Jagathratchakan,DMK,1
Shri Pradeep Kumar Singh,BJP,Shri Sribharat Mathukumilli,TDP,1
Shri Pradeep Kumar Singh,BJP,Shri Sukhdeo Bhagat,INC,1
Shri Pradeep Kumar Singh,BJP,Thiru Dr. S Jagathratchakan,DMK,1
Shri Praveen Patel,BJP,Shri Sukhdeo Bhagat,INC,1
Shri Sribharat Mathukumilli,TDP,Shri Sukhdeo Bhagat,INC,1
Shri Sribharat Mathukumilli,TDP,Shri Vijay Baghel,BJP,1
Shri Sribharat Mathukumilli,TDP,Shri Yaduveer Wadiyar,BJP,1
Shri Sribharat Mathukumilli,TDP,Shri Yogender Chandolia,BJP,1
Shri Sribharat Mathukumilli,TDP,Smt. Anita Nagarsingh Chouhan,BJP,1
Shri Sribharat Mathukumilli,TDP,Smt. Mala Rajya Laxmi Shah,BJP,1
Shri Sribharat Mathukumilli,TDP,Smt. Shobhanaben Mahendrasinh Baraiya,BJP,1
Shri Sribharat Mathukumilli,TDP,Smt. Smita Uday Wagh,BJP,1
Shri Sribharat Mathukumilli,TDP,Thiru Dr. S Jagathratchakan,DMK,1
Shri Sukhdeo Bhagat,INC,Shri Vijay Baghel,BJP,1
Shri Sukhdeo Bhagat,INC,Shri Vishweshwar Hegde Kageri,BJP,1
Shri Sukhdeo Bhagat,INC,Shri Yaduveer Wadiyar,BJP,1
Shri Sukhdeo Bhagat,INC,Shri Yogender Chandolia,BJP,1
Shri Sukhdeo Bhagat,INC,Smt. Anita Nagarsingh Chouhan,BJP,1
Shri Sukhdeo Bhagat,INC,Smt. Mala Rajya Laxmi Shah,BJP,1
Shri Sukhdeo Bhagat,INC,Smt. Shobhanaben Mahendrasinh Baraiya,BJP,1
Shri Sukhdeo Bhagat,INC,Smt. Smita Uday Wagh,BJP,1
Shri Sukhdeo Bhagat,INC,Thiru Dr. S Jagathratchakan,DMK,1
Shri Vijay Baghel,BJP,Thiru Dr. S Jagathratchakan,DMK,1
Shri Vishweshwar Hegde Kageri,BJP,Thiru Dr. S Jagathratchakan,DMK,1
Shri Yaduveer Wadiyar,BJP,Thiru Dr. S Jagathratchakan,DMK,1
Shri Yogender Chandolia,BJP,Thiru Dr. S Jagathratchakan,DMK,1
Smt. Anita Nagarsingh Chouhan,BJP,Thiru Dr. S Jagathratchakan,DMK,1
Smt. Mala Rajya Laxmi Shah,BJP,Thiru Dr. S Jagathratchakan,DMK,1
Smt. Shobhanaben Mahendrasinh Baraiya,BJP,Thiru Dr. S Jagathratchakan,DMK,1
Smt. Smita Uday Wagh,BJP,Thiru Dr. S Jagathratchakan,DMK,1
Shri Anup Sanjay Dhotre,BJP,Shri Tatkare Sunil Dattatrey,NCP,1
Shri Bibhu Prasad Tarai,BJP,Shri Tatkare Sunil Dattatrey,NCP,1
Shri Tatkare Sunil Dattatrey,NCP,Smt. Mahima Kumari Mewar,BJP,1
Shri Babu Singh Kushwaha,SP,Shri Kaushalendra Kumar,JD(U),1
Shri Dushyant Singh,BJP,Shri Sachithanantham R,CPI(M),1
Dr. Raj Kumar Chabbewal,AAP,Smt. Mala Roy,AITC,1
Shri Balya Mama Suresh Gopinath Mhatre,NCP(SP),Shri Shyamkumar Daulat Barve,INC,1
Shri Nilesh Dnyandev Lanke,NCP(SP),Shri Shyamkumar Daulat Barve,INC,1
Shri Shyamkumar Daulat Barve,INC,Smt. Delkar Kalaben Mohanbhai,BJP,1
Com. Selvaraj V,CPI,Dr. K Sudhakar,BJP,1
Dr. K Sudhakar,BJP,Shri Subbarayan K,CPI,1
Dr. Rajkumar Sangwan,RLD,Smt. Bijuli Kalita Medhi,BJP,1
Shri Sunil Kumar,JD(U),Smt. Bijuli Kalita Medhi,BJP,1
Shri Anil Firojiya,BJP,Shri Putta Mahesh Kumar,TDP,1
Shri Bhartruhari Mahtab,BJP,Shri Putta Mahesh Kumar,TDP,1
Shri Captain Brijesh Chowta,BJP,Shri Putta Mahesh Kumar,TDP,1
Shri Darshan Singh Choudhary,BJP,Shri Putta Mahesh Kumar,TDP,1
Shri Praveen Patel,BJP,Shri Putta Mahesh Kumar,TDP,1
Shri Putta Mahesh Kumar,TDP,Shri Ravindra Shukla Alias Ravi Kishan,BJP,1
Shri Putta Mahesh Kumar,TDP,Shri Vishnu Dayal Ram,BJP,1
Shri Putta Mahesh Kumar,TDP,Shri Yaduveer Wadiyar,BJP,1
Shri Putta Mahesh Kumar,TDP,Smt. Mahima Kumari Mewar,BJP,1
Dr. Anand Kumar,BJP,Smt. Vijaylakshmi Devi,JD(U),1
Shri Amra Ram,CPI(M),Shri Anand Bhadauria,SP,1
Dr. Shivaji Bandappa Kalge,INC,Shri Raja Ram Singh,CPI(ML)(L),1
Shri Bhumare Sandipanrao Asaram,SS,Shri Raja Ram Singh,CPI(ML)(L),1
Shri Gyaneshwar Patil,BJP,Shri Raja Ram Singh,CPI(ML)(L),1
Shri Nilesh Dnyandev Lanke,NCP(SP),Shri Raja Ram Singh,CPI(ML)(L),1
Shri Raja Ram Singh,CPI(ML)(L),Smt. Delkar Kalaben Mohanbhai,BJP,1
Km. Sudha R,INC,Thiru Arun Nehru,DMK,1
Shri Appalanaidu Kalisetti,TDP,Shri Damodar Agrawal,BJP,1
Shri Appalanaidu Kalisetti,TDP,Smt. Anita Nagarsingh Chouhan,BJP,1
Shri Appalanaidu Kalisetti,TDP,Smt. Shobhanaben Mahendrasinh Baraiya,BJP,1
Dr. Nishikant Dubey,BJP,Mr Pathan Yusuf,AITC,1
Dr. Nishikant Dubey,BJP,Shri Gurmeet Singh Meet Hayer,AAP,1
Dr. Nishikant Dubey,BJP,Smt. June Maliah,AITC,1
Mr Pathan Yusuf,AITC,Shri Baijayant Panda,BJP,1
Mr Pathan Yusuf,AITC,Shri Gurmeet Singh Meet Hayer,AAP,1
Mr Pathan Yusuf,AITC,Shri Jaswantsinh Sumanbhai Bhabhor,BJP,1
Mr Pathan Yusuf,AITC,Shri Prabhakar Reddy Vemireddy,TDP,1
Mr Pathan Yusuf,AITC,Shri Rajiv Pratap Rudy,BJP,1
Shri Baijayant Panda,BJP,Shri Gurmeet Singh Meet Hayer,AAP,1
Shri Baijayant Panda,BJP,Shri Prabhakar Reddy Vemireddy,TDP,1
Shri Baijayant Panda,BJP,Smt. June Maliah,AITC,1
Shri Gurmeet Singh Meet Hayer,AAP,Shri Jaswantsinh Sumanbhai Bhabhor,BJP,1
Shri Gurmeet Singh Meet Hayer,AAP,Shri Prabhakar Reddy Vemireddy,TDP,1
Shri Gurmeet Singh Meet Hayer,AAP,Shri Rajiv Pratap Rudy,BJP,1
Shri Jaswantsinh Sumanbhai Bhabhor,BJP,Shri Prabhakar Reddy Vemireddy,TDP,1
Shri Jaswantsinh Sumanbhai Bhabhor,BJP,Smt. June Maliah,AITC,1
Shri Prabhakar Reddy Vemireddy,TDP,Smt. June Maliah,AITC,1
Shri Rajiv Pratap Rudy,BJP,Smt. June Maliah,AITC,1
Shri Kuldeep Indora,INC,Shri Richard Vanlalhmangaiha,ZPM,1
Shri Kuldeep Indora,INC,Shri Tapir Gao,BJP,1
Shri Richard Vanlalhmangaiha,ZPM,Shri Tapir Gao,BJP,1
Shri Dileshwar Kamait,JD(U),Shri Kalipada Saren Kherwal,AITC,1
Shri Kalipada Saren Kherwal,AITC,Shri Rajesh Naranbhai Chudasama,BJP,1
Shri Kalipada Saren Kherwal,AITC,Shri Tapir Gao,BJP,1
Shri Kalipada Saren Kherwal,AITC,Smt. Bijuli Kalita Medhi,BJP,1
Dr. Thirumaavalavan Tholkappiyan,VCK,Shri Bhojraj Nag,BJP,1
Dr. Thirumaavalavan Tholkappiyan,VCK,Shri Suresh Kumar Kashyap,BJP,1
Dr. Thirumaavalavan Tholkappiyan,VCK,Shri Trivendra Singh Rawat,BJP,1
Dr. Thirumaavalavan Tholkappiyan,VCK,Smt. Kamaljeet Sehrawat,BJP,1
Shri Babu Singh Kushwaha,SP,Shri Devusinh Chauhan,BJP,1
Shri Babu Singh Kushwaha,SP,Shri Mukesh Rajput,BJP,1
Shri Babu Singh Kushwaha,SP,Shri Rahul Singh Lodhi,BJP,1
Dr. Amar Singh,INC,Shri Khalilur Rahaman,AITC,1
Dr. Amar Singh,INC,Shri Pushpendra Saroj,SP,1
Dr. Amar Singh,INC,Shri Rajeev Rai,SP,1
Dr. Amar Singh,INC,Shri T R Baalu,DMK,1
Shri Amrinder Singh Raja Warring,INC,Shri Khalilur Rahaman,AITC,1
Shri Amrinder Singh Raja Warring,INC,Shri Pushpendra Saroj,SP,1
Shri Amrinder Singh Raja Warring,INC,Shri Rajeev Rai,SP,1
Shri Amrinder Singh Raja Warring,INC,Shri T R Baalu,DMK,1
Shri Balwant Baswant Wankhade,INC,Shri Khalilur Rahaman,AITC,1
Shri Balwant Baswant Wankhade,INC,Shri Pushpendra Saroj,SP,1
Shri Balwant Baswant Wankhade,INC,Shri Rajeev Rai,SP,1
Shri Balwant Baswant Wankhade,INC,Shri T R Baalu,DMK,1
Shri Charanjit Singh Channi,INC,Shri Khalilur Rahaman,AITC,1
Shri Charanjit Singh Channi,INC,Shri T R Baalu,DMK,1
Shri Khalilur Rahaman,AITC,Shri Pushpendra Saroj,SP,1
Shri Khalilur Rahaman,AITC,Shri Rajeev Rai,SP,1
Shri Khalilur Rahaman,AITC,Shri T R Baalu,DMK,1
Shri Pushpendra Saroj,SP,Shri T R Baalu,DMK,1
Shri Rajeev Rai,SP,Shri T R Baalu,DMK,1
Shri Dhaval Laxmanbhai Patel,BJP,Shri Krishna Prasad Tenneti,TDP,1
Shri Dhaval Laxmanbhai Patel,BJP,Shri Tatkare Sunil Dattatrey,NCP,1
Shri Krishna Prasad Tenneti,TDP,Shri Sukhjinder Singh Randhawa,INC,1
Shri Shivmangal Singh Tomar,BJP,Shri Tatkare Sunil Dattatrey,NCP,1
Shri Sukhjinder Singh Randhawa,INC,Shri Tatkare Sunil Dattatrey,NCP,1
Shri Tatkare Sunil Dattatrey,NCP,Smt. Himadri Singh,BJP,1
Dr. Thirumaavalavan Tholkappiyan,VCK,Shri Bhartruhari Mahtab,BJP,1
Dr. Thirumaavalavan Tholkappiyan,VCK,Shri Bidyut Baran Mahato,BJP,1
Dr. Thirumaavalavan Tholkappiyan,VCK,Shri Captain Brijesh Chowta,BJP,1
Dr. Thirumaavalavan Tholkappiyan,VCK,Shri Dhaval Laxmanbhai Patel,BJP,1
Dr. Thirumaavalavan Tholkappiyan,VCK,Shri Dilip Saikia,BJP,1
Dr. Thirumaavalavan Tholkappiyan,VCK,Shri Dineshbhai Makwana,BJP,1
Dr. Thirumaavalavan Tholkappiyan,VCK,Shri Lumbaram Choudhary,BJP,1
Dr. Thirumaavalavan Tholkappiyan,VCK,Shri Mahesh Kashyap,BJP,1
Dr. Thirumaavalavan Tholkappiyan,VCK,Shri Naba Charan Majhi,BJP,1
Dr. Thirumaavalavan Tholkappiyan,VCK,Shri P P Chaudhary,BJP,1
Dr. Thirumaavalavan Tholkappiyan,VCK,Shri Praveen Patel,BJP,1
Dr. Thirumaavalavan Tholkappiyan,VCK,Shri Shankar Lalwani,BJP,1
Dr. Thirumaavalavan Tholkappiyan,VCK,Shri Sukhjinder Singh Randhawa,INC,1
Dr. Thirumaavalavan Tholkappiyan,VCK,Shri Vijay Baghel,BJP,1
Dr. Thirumaavalavan Tholkappiyan,VCK,Smt. Kamlesh Jangde,BJP,1
Dr. M K Vishnu Prasad,INC,Shri Durai Vaiko,MDMK,1
Dr. Byreddy Shabari,TDP,Dr. Kalanidhi Veeraswamy,DMK,1
Dr. Kalanidhi Veeraswamy,DMK,Shri G Lakshminarayana,TDP,1
Dr. Bhola Singh,BJP,Shri S Venkatesan,CPI(M),1
Dr. Hemang Joshi,BJP,Shri S Venkatesan,CPI(M),1
Dr. Hemant Vishnu Savara,BJP,Shri S Venkatesan,CPI(M),1
Shri Anil Firojiya,BJP,Shri S Venkatesan,CPI(M),1
Shri Anup Sanjay Dhotre,BJP,Shri S Venkatesan,CPI(M),1
Shri Anurag Singh Thakur,BJP,Shri S Venkatesan,CPI(M),1
Shri Bidyut Baran Mahato,BJP,Shri S Venkatesan,CPI(M),1
Shri Damodar Agrawal,BJP,Shri S Venkatesan,CPI(M),1
Shri Dharambir Singh,BJP,Shri S Venkatesan,CPI(M),1
Shri Dharambir Singh,BJP,Smt. Vijaylakshmi Devi,JD(U),1
Shri Dilip Saikia,BJP,Shri S Venkatesan,CPI(M),1
Shri Dineshbhai Makwana,BJP,Shri S Venkatesan,CPI(M),1
Shri Dulu Mahato,BJP,Shri S Venkatesan,CPI(M),1
Shri Khagen Murmu,BJP,Shri S Venkatesan,CPI(M),1
Shri Krishna Prasad Tenneti,TDP,Shri S Venkatesan,CPI(M),1
Shri Krishna Prasad Tenneti,TDP,Smt. Vijaylakshmi Devi,JD(U),1
Shri Lumbaram Choudhary,BJP,Shri S Venkatesan,CPI(M),1
Shri Mahesh Kashyap,BJP,Shri S Venkatesan,CPI(M),1
Shri Manoj Tiwari,BJP,Shri S Venkatesan,CPI(M),1
Shri Mukeshkumar Chandrakaant Dalal,BJP,Shri S Venkatesan,CPI(M),1
Shri P C Mohan,BJP,Shri S Venkatesan,CPI(M),1
Shri P P Chaudhary,BJP,Shri S Venkatesan,CPI(M),1
Shri Pradeep Kumar Singh,BJP,Shri S Venkatesan,CPI(M),1
Shri Praveen Patel,BJP,Shri S Venkatesan,CPI(M),1
Shri Ramesh Awasthi,BJP,Shri S Venkatesan,CPI(M),1
Shri S Venkatesan,CPI(M),Shri Satish Kumar Gautam,BJP,1
Shri S Venkatesan,CPI(M),Shri Shankar Lalwani,BJP,1
Shri S Venkatesan,CPI(M),Shri Vijay Baghel,BJP,1
Shri S Venkatesan,CPI(M),Shri Vijay Kumar Dubey,BJP,1
Shri S Venkatesan,CPI(M),Shri Vishweshwar Hegde Kageri,BJP,1
Shri S Venkatesan,CPI(M),Shri Yogender Chandolia,BJP,1
Shri S Venkatesan,CPI(M),Smt. Anita Nagarsingh Chouhan,BJP,1
Shri S Venkatesan,CPI(M),Smt. Himadri Singh,BJP,1
Shri S Venkatesan,CPI(M),Smt. Kamlesh Jangde,BJP,1
Shri S Venkatesan,CPI(M),Smt. Mahima Kumari Mewar,BJP,1
Shri S Venkatesan,CPI(M),Smt. Shobhanaben Mahendrasinh Baraiya,BJP,1
Shri S Venkatesan,CPI(M),Smt. Vijaylakshmi Devi,JD(U),1
Shri Gaurav Gogoi,INC,Shri Jai Prakash,BJP,1
Shri Amra Ram,CPI(M),Shri Anto Antony,INC,1
Shri Amra Ram,CPI(M),Shri Imran Masood,INC,1
Shri Amra Ram,CPI(M),Shri Utkarsh Verma Madhur,SP,1
Shri Anto Antony,INC,Shri Utkarsh Verma Madhur,SP,1
Shri Imran Masood,INC,Shri Utkarsh Verma Madhur,SP,1
Shri Arun Kumar Sagar,BJP,Shri Sudhakar Singh,RJD,1
Shri Arun Kumar Sagar,BJP,Smt. Lovely Anand,JD(U),1
Shri Rajiv Pratap Rudy,BJP,Shri Sudhakar Singh,RJD,1
Shri Sudhakar Singh,RJD,Smt. Lovely Anand,JD(U),1
Shri B Y Raghavendra,BJP,Shri E Tukaram,INC,1
Shri E T Mohammed Basheer,IUML,Shri Mani A,DMK,1
Shri Vamsi Krishna Gaddam,INC,Smt. Dimple Yadav,SP,1
Shri Khagen Murmu,BJP,Shri Tatkare Sunil Dattatrey,NCP,1
Shri Rao Rajendra Singh,BJP,Shri Tatkare Sunil Dattatrey,NCP,1
Shri Tatkare Sunil Dattatrey,NCP,Shri Vijay Baghel,BJP,1
Dr. Lata Wankhede,BJP,Dr. Shrikant Eknath Shinde,SS,1
Dr. Lata Wankhede,BJP,Shri M K Raghavan,INC,1
Dr. Lata Wankhede,BJP,Shri Naresh Ganpat Mhaske,SS,1
Dr. Lata Wankhede,BJP,Shri Ravindra Dattaram Waikar,SS,1
Dr. Lata Wankhede,BJP,Shri Shrirang Appa Chandu Barne,SS,1
Dr. Shrikant Eknath Shinde,SS,Shri M K Raghavan,INC,1
Shri Atul Garg,BJP,Shri M K Raghavan,INC,1
Shri M K Raghavan,INC,Shri Naresh Ganpat Mhaske,SS,1
Shri M K Raghavan,INC,Shri Rajesh Verma,LJSP(RV),1
Shri M K Raghavan,INC,Shri Ravindra Dattaram Waikar,SS,1
Shri M K Raghavan,INC,Shri Shrirang Appa Chandu Barne,SS,1
Shri M K Raghavan,INC,Smt. Bharti Pardhi,BJP,1
Shri M K Raghavan,INC,Smt. Shambhavi,LJSP(RV),1
Shri Rajesh Verma,LJSP(RV),Shri Shrirang Appa Chandu Barne,SS,1
Shri Shrirang Appa Chandu Barne,SS,Smt. Shambhavi,LJSP(RV),1
Shri Balram Naik Porika,INC,Shri G M Harish Balayogi,TDP,1
Dr. Prashant Yadaorao Padole,INC,Shri Tatkare Sunil Dattatrey,NCP,1
Shri Alok Sharma,BJP,Shri Tatkare Sunil Dattatrey,NCP,1
Shri Bharatsinhji Shankarji Dabhi,BJP,Shri Tatkare Sunil Dattatrey,NCP,1
Shri Rajkumar Chahar,BJP,Shri Tatkare Sunil Dattatrey,NCP,1
Dr. Prashant Yadaorao Padole,INC,Shri Naba Charan Majhi,BJP,1
Dr. Prashant Yadaorao Padole,INC,Shri Vijay Kumar Dubey,BJP,1
Shri Dhaval Laxmanbhai Patel,BJP,Shri K Gopinath,INC,1
Dr. Prashant Yadaorao Padole,INC,Shri Joyanta Basumatary,UPPL,1
Shri Joyanta Basumatary,UPPL,Shri Tanuj Punia,INC,1
Dr. Shrikant Eknath Shinde,SS,Shri Sanatan Pandey,SP,1
Shri Naresh Ganpat Mhaske,SS,Shri Sanatan Pandey,SP,1
Shri Ravindra Dattaram Waikar,SS,Shri Sanatan Pandey,SP,1
Shri Sanatan Pandey,SP,Shri Shrirang Appa Chandu Barne,SS,1
Shri Sanatan Pandey,SP,Smt. Bharti Pardhi,BJP,1
Shri Pradyut Bordoloi,Unknown,Shri Rakesh Rathor,INC,1
Dr. Ganapathy Rajkumar P,DMK,Shri S Venkatesan,CPI(M),1
Shri K E Prakash,DMK,Shri Manickam Tagore B,INC,1
Shri K E Prakash,DMK,Shri S Venkatesan,CPI(M),1
Shri K E Prakash,DMK,Shri Suresh Kumar Shetkar,INC,1
Shri K E Prakash,DMK,Shri Vijayakumar Alias Vijay Vasanth,INC,1
Shri Manickam Tagore B,INC,Shri S Venkatesan,CPI(M),1
Shri Manickam Tagore B,INC,Thiru D M Kathir Anand,DMK,1
Shri Manickam Tagore B,INC,Thiru Dayanidhi Maran,DMK,1
Shri S Venkatesan,CPI(M),Shri Suresh Kumar Shetkar,INC,1
Shri Suresh Kumar Shetkar,INC,Thiru D M Kathir Anand,DMK,1
Shri Suresh Kumar Shetkar,INC,Thiru Dayanidhi Maran,DMK,1
Shri Vijayakumar Alias Vijay Vasanth,INC,Thiru Dayanidhi Maran,DMK,1
Shri Joyanta Basumatary,UPPL,Shri Ramasahayam Raghuram Reddy,INC,1
Shri Janardan Singh Sigriwal,BJP,Shri Tanuj Punia,INC,1
Shri Sribharat Mathukumilli,TDP,Shri Tharaniventhan M S,DMK,1
Shri Ashish Dubey,BJP,Shri Sanatan Pandey,SP,1
Shri Hasmukhbhai Somabhai Patel,BJP,Shri Sanatan Pandey,SP,1
Shri Miteshbhai Rameshbhai Patel,BJP,Shri Sanatan Pandey,SP,1
Shri Mukesh Rajput,BJP,Shri Sanatan Pandey,SP,1
Shri Parbhubhai Nagarbhai Vasava,BJP,Shri Sanatan Pandey,SP,1
Shri Parbhubhai Nagarbhai Vasava,BJP,Shri Sunil Kumar,JD(U),1
Shri Sanatan Pandey,SP,Shri Sunil Kumar,JD(U),1
Prof. Sougata Ray,AITC,Shri Biplab Kumar Deb,BJP,1
Shri Janardan Singh Sigriwal,BJP,Shri Zia Ur Rehman,SP,1
Shri Amar Sharadrao Kale,NCP(SP),Shri Parimal Suklabaidya,BJP,1
Shri Amar Sharadrao Kale,NCP(SP),Smt. Anita Subhadarshini,BJP,1
Shri Parimal Suklabaidya,BJP,Shri Sunil Kumar,JD(U),1
Shri Dileshwar Kamait,JD(U),Shri Mahendra Singh Solanky,BJP,1
Shri Alok Sharma,BJP,Shri Prabhakar Reddy Vemireddy,TDP,1
Shri Jagdambika Pal,BJP,Shri Prabhakar Reddy Vemireddy,TDP,1
Shri P P Chaudhary,BJP,Shri Prabhakar Reddy Vemireddy,TDP,1
Shri Prabhakar Reddy Vemireddy,TDP,Shri Vijay Kumar Dubey,BJP,1
Shri Chandra Prakash Choudhary,AJSU,Shri Ganesh Singh,BJP,1
Shri Chandra Prakash Choudhary,AJSU,Shri Suresh Kumar Kashyap,BJP,1
Dr. Bhola Singh,BJP,Dr. Byreddy Shabari,TDP,1
Dr. Byreddy Shabari,TDP,Ms Kangna Ranaut,BJP,1
Dr. Byreddy Shabari,TDP,Shri Bibhu Prasad Tarai,BJP,1
Dr. Byreddy Shabari,TDP,Shri Bidyut Baran Mahato,BJP,1
Dr. Byreddy Shabari,TDP,Shri Dileshwar Kamait,JD(U),1
Dr. Byreddy Shabari,TDP,Shri Dulu Mahato,BJP,1
Dr. Byreddy Shabari,TDP,Shri Ganesh Singh,BJP,1
Dr. Byreddy Shabari,TDP,Shri Kota Srinivasa Poojary,BJP,1
Dr. Byreddy Shabari,TDP,Shri Lumbaram Choudhary,BJP,1
Dr. Byreddy Shabari,TDP,Shri Mukeshkumar Chandrakaant Dalal,BJP,1
Dr. Byreddy Shabari,TDP,Shri Praveen Patel,BJP,1
Dr. Byreddy Shabari,TDP,Shri Radheshyam Rathiya,BJP,1
Dr. Byreddy Shabari,TDP,Shri Satish Kumar Gautam,BJP,1
Dr. Byreddy Shabari,TDP,Shri Vishweshwar Hegde Kageri,BJP,1
Dr. Byreddy Shabari,TDP,Smt. Kriti Devi Debbarman,BJP,1
Ms. Praniti Sushilkumar Shinde,INC,Shri Sanjay Haribhau Jadhav,SS,1
Shri Nilesh Dnyandev Lanke,NCP(SP),Shri Vijay Baghel,BJP,1
Dr. Sambit Patra,BJP,Ms Sayani Ghosh,AITC,1
Dr. Kalyan Vaijinathrao Kale,INC,Dr. Rajesh Mishra,BJP,1
Dr. Kalyan Vaijinathrao Kale,INC,Shri Radheshyam Rathiya,BJP,1
Dr. Kalyan Vaijinathrao Kale,INC,Smt. Roopkumari Choudhary,BJP,1
Dr. Rajesh Mishra,BJP,Shri Ramasahayam Raghuram Reddy,INC,1
Shri Dulu Mahato,BJP,Shri Ramasahayam Raghuram Reddy,INC,1
Shri Naba Charan Majhi,BJP,Shri Ramasahayam Raghuram Reddy,INC,1
Shri Radheshyam Rathiya,BJP,Shri Ramasahayam Raghuram Reddy,INC,1
Shri Ramasahayam Raghuram Reddy,INC,Shri Vijay Kumar Dubey,BJP,1
Shri Ramasahayam Raghuram Reddy,INC,Smt. Roopkumari Choudhary,BJP,1
Dr. Rajkumar Sangwan,RLD,Shri Rajesh Naranbhai Chudasama,BJP,1
Dr. Rajkumar Sangwan,RLD,Shri Utkarsh Verma Madhur,SP,1
Shri Darshan Singh Choudhary,BJP,Shri Nalin Soren,JMM,1
Shri Darshan Singh Choudhary,BJP,Shri Utkarsh Verma Madhur,SP,1
Shri Jugal Kishore,BJP,Shri Utkarsh Verma Madhur,SP,1
Shri Nalin Soren,JMM,Shri Utkarsh Verma Madhur,SP,1
Shri Praveen Patel,BJP,Shri Utkarsh Verma Madhur,SP,1
Shri Rajesh Naranbhai Chudasama,BJP,Shri Utkarsh Verma Madhur,SP,1
Shri Baijayant Panda,BJP,Thiru Arun Nehru,DMK,1
Shri Pradeep Purohit,BJP,Thiru Arun Nehru,DMK,1
Dr. Rajkumar Sangwan,RLD,Shri Anurag Sharma,BJP,1
Dr. Rajkumar Sangwan,RLD,Shri Shashank Mani,BJP,1
Dr. Rajkumar Sangwan,RLD,Shri Tatkare Sunil Dattatrey,NCP,1
Shri Anurag Sharma,BJP,Shri Tatkare Sunil Dattatrey,NCP,1
Shri Krishna Prasad Tenneti,TDP,Smt. Roopkumari Choudhary,BJP,1
Shri Jagadish Shettar,BJP,Shri Sunil Bose,INC,1
Shri Ashish Dubey,BJP,Shri Brijendra Singh Ola,INC,1
Shri Brijendra Singh Ola,INC,Shri Chandra Prakash Joshi,BJP,1
Shri Brijendra Singh Ola,INC,Shri Yaduveer Wadiyar,BJP,1
Md Abu Taher Khan,AITC,Shri K E Prakash,DMK,1
Md Abu Taher Khan,AITC,Shri Joyanta Basumatary,UPPL,1
Shri Avimanyu Sethi,BJP,Shri Prabhakar Reddy Vemireddy,TDP,1
Shri S Venkatesan,CPI(M),Thiru Thanga Tamilselvan,DMK,1
Shri Ashok Kumar Rawat,BJP,Shri Chamala Kiran Kumar Reddy,INC,1
Shri Pradyut Bordoloi,Unknown,Shri Ujjwal Raman Singh,INC,1
Dr. Thirumaavalavan Tholkappiyan,VCK,Shri Anto Antony,INC,1
Dr. Gumma Thanuja Rani,YSRCP,Shri M K Raghavan,INC,1
Dr. M K Vishnu Prasad,INC,Shri Vijay Kumar Hansdak,JMM,1
Dr. Ganapathy Rajkumar P,DMK,Shri Dharmendra Yadav,SP,1
Shri Dharmendra Yadav,SP,Shri N K Premachandran,RSP,1
Shri Dharmendra Yadav,SP,Thiru Thanga Tamilselvan,DMK,1
Ms. S Jothimani,INC,Shri  Selvaganapathi T.M.,DMK,1
Shri Chamala Kiran Kumar Reddy,INC,Shri K E Prakash,DMK,1
Dr. Kalyan Vaijinathrao Kale,INC,Dr. Raj Kumar Chabbewal,AAP,1
Dr. Kirsan Namdeo,INC,Dr. Raj Kumar Chabbewal,AAP,1
Dr. Raj Kumar Chabbewal,AAP,Shri K C Venugopal,INC,1
Dr. Raj Kumar Chabbewal,AAP,Shri Robert Bruce C,INC,1
Dr. Raj Kumar Chabbewal,AAP,Shri Sunil Bose,INC,1
Shri Haribhai Patel,BJP,Shri Magunta Sreenivasulu Reddy,TDP,1
Shri Magunta Sreenivasulu Reddy,TDP,Smt. D K Aruna,BJP,1
Shri Magunta Sreenivasulu Reddy,TDP,Smt. Poonamben Hematbhai Maadam,BJP,1
Dr. Sambit Patra,BJP,Shri Bastipati Nagaraju,TDP,1
Dr. Sambit Patra,BJP,Shri Kesineni Sivanath,TDP,1
Shri Eatala Rajender,BJP,Shri Vijayakumar Alias Vijay Vasanth,INC,1
Shri Jyotirmay Singh Mahato,BJP,Shri Nalin Soren,JMM,1
Shri P V Midhun Reddy,YSRCP,Shri T R Baalu,DMK,1
Prof. Angomcha Bimol Akoijam,INC,Shri Devesh Shakya,SP,1
Prof. Angomcha Bimol Akoijam,INC,Shri Neeraj Maurya,SP,1
Prof. Angomcha Bimol Akoijam,INC,Shri Rajeev Rai,SP,1
Dr. Hemang Joshi,BJP,Shri C N Annadurai,DMK,1
Dr. Hemang Joshi,BJP,Shri Selvam G,DMK,1
Dr. K Sudhakar,BJP,Shri C N Annadurai,DMK,1
Dr. K Sudhakar,BJP,Shri Selvam G,DMK,1
Shri Bibhu Prasad Tarai,BJP,Shri C N Annadurai,DMK,1
Shri Bibhu Prasad Tarai,BJP,Shri Selvam G,DMK,1
Shri C N Annadurai,DMK,Shri Mahendra Singh Solanky,BJP,1
Shri C N Annadurai,DMK,Shri Mukeshkumar Chandrakaant Dalal,BJP,1
Shri C N Annadurai,DMK,Shri P C Mohan,BJP,1
Shri C N Annadurai,DMK,Shri Shivmangal Singh Tomar,BJP,1
Shri C N Annadurai,DMK,Shri Yaduveer Wadiyar,BJP,1
Shri C N Annadurai,DMK,Smt. Shobhanaben Mahendrasinh Baraiya,BJP,1
Shri Mahendra Singh Solanky,BJP,Shri Selvam G,DMK,1
Shri Mukeshkumar Chandrakaant Dalal,BJP,Shri Selvam G,DMK,1
Shri P C Mohan,BJP,Shri Selvam G,DMK,1
Shri Selvam G,DMK,Shri Shivmangal Singh Tomar,BJP,1
Shri Selvam G,DMK,Shri Yaduveer Wadiyar,BJP,1
Shri Selvam G,DMK,Smt. Shobhanaben Mahendrasinh Baraiya,BJP,1
Dr. Alok Kumar Suman,JD(U),Prof. Sougata Ray,AITC,1
Dr. Alok Kumar Suman,JD(U),Smt. Bag Mitali,AITC,1
Dr. Prabha Mallikarjun,INC,Shri Anil Firojiya,BJP,1
Dr. Prabha Mallikarjun,INC,Shri Balabhadra Majhi,BJP,1
Dr. Prabha Mallikarjun,INC,Shri Bibhu Prasad Tarai,BJP,1
Dr. Prabha Mallikarjun,INC,Shri Bidyut Baran Mahato,BJP,1
Dr. Prabha Mallikarjun,INC,Shri Dharambir Singh,BJP,1
Dr. Prabha Mallikarjun,INC,Shri Dineshbhai Makwana,BJP,1
Dr. Prabha Mallikarjun,INC,Shri Dulu Mahato,BJP,1
Dr. Prabha Mallikarjun,INC,Shri Jaswantsinh Sumanbhai Bhabhor,BJP,1
Dr. Prabha Mallikarjun,INC,Shri Lumbaram Choudhary,BJP,1
Dr. Prabha Mallikarjun,INC,Shri Mukeshkumar Chandrakaant Dalal,BJP,1
Dr. Prabha Mallikarjun,INC,Shri Murasoli S,DMK,1
Dr. Prabha Mallikarjun,INC,Shri Ravindra Shukla Alias Ravi Kishan,BJP,1
Dr. Prabha Mallikarjun,INC,Shri Vijay Kumar Dubey,BJP,1
Dr. Prabha Mallikarjun,INC,Shri Yogender Chandolia,BJP,1
Shri Anil Firojiya,BJP,Shri Murasoli S,DMK,1
Shri Balabhadra Majhi,BJP,Shri Murasoli S,DMK,1
Shri Bibhu Prasad Tarai,BJP,Shri Murasoli S,DMK,1
Shri Dharambir Singh,BJP,Shri Murasoli S,DMK,1
Shri Jaswantsinh Sumanbhai Bhabhor,BJP,Shri Murasoli S,DMK,1
Shri Lumbaram Choudhary,BJP,Shri Murasoli S,DMK,1
Shri Murasoli S,DMK,Shri Ravindra Shukla Alias Ravi Kishan,BJP,1
Shri Murasoli S,DMK,Shri Vijay Kumar Dubey,BJP,1
Dr. Rajkumar Sangwan,RLD,Shri Tejasvi Surya,BJP,1
Dr. Rajkumar Sangwan,RLD,Smt. Mahima Kumari Mewar,BJP,1
Ms Iqra Choudhary,SP,Shri Chandra Prakash Choudhary,AJSU,1
Ms Iqra Choudhary,SP,Shri Godam Nagesh,BJP,1
Ms Iqra Choudhary,SP,Shri Madhavaneni Raghunandan Rao,BJP,1
Ms Iqra Choudhary,SP,Shri Ummeda Ram Beniwal,INC,1
Ms Iqra Choudhary,SP,Smt. Sangeeta Kumari Singh Deo,BJP,1
Shri Chandra Prakash Choudhary,AJSU,Shri Pushpendra Saroj,SP,1
Shri Chandra Prakash Choudhary,AJSU,Smt. Sangeeta Kumari Singh Deo,BJP,1
Shri Godam Nagesh,BJP,Shri Pushpendra Saroj,SP,1
Shri Godam Nagesh,BJP,Shri Ummeda Ram Beniwal,INC,1
Shri Madhavaneni Raghunandan Rao,BJP,Shri Pushpendra Saroj,SP,1
Shri Madhavaneni Raghunandan Rao,BJP,Shri Ummeda Ram Beniwal,INC,1
Shri Pushpendra Saroj,SP,Shri Ummeda Ram Beniwal,INC,1
Shri Pushpendra Saroj,SP,Smt. Sangeeta Kumari Singh Deo,BJP,1
Shri Ummeda Ram Beniwal,INC,Smt. Sangeeta Kumari Singh Deo,BJP,1
Shri Babu Singh Kushwaha,SP,Shri Ummeda Ram Beniwal,INC,1
Km. Sudha R,INC,Shri  Selvaganapathi T.M.,DMK,1
Shri Manickam Tagore B,INC,Shri Raja A,DMK,1
Shri Manickam Tagore B,INC,Thiru Thanga Tamilselvan,DMK,1
Shri Raja A,DMK,Shri Suresh Kumar Shetkar,INC,1
Shri Suresh Kumar Shetkar,INC,Thiru Thanga Tamilselvan,DMK,1
Shri Vijayakumar Alias Vijay Vasanth,INC,Thiru Thanga Tamilselvan,DMK,1
Shri Imran Masood,INC,Shri Vishnu Datt Sharma,BJP,1
Dr. Kalanidhi Veeraswamy,DMK,Ms. Mahua Moitra,AITC,1
Prof. Angomcha Bimol Akoijam,INC,Shri Azad Kirti Jha,AITC,1
Prof. Angomcha Bimol Akoijam,INC,Smt. June Maliah,AITC,1
Dr. K Sudhakar,BJP,Shri Dileshwar Kamait,JD(U),1
Dr. K Sudhakar,BJP,Smt. Vijaylakshmi Devi,JD(U),1
Shri Rajiv Pratap Rudy,BJP,Shri Tariq Anwar,INC,1
Shri  Selvaganapathi T.M.,DMK,Shri Ashok Kumar Rawat,BJP,1
Shri Rajpalsinh Mahendrasinh Jadav,BJP,Smt. Lovely Anand,JD(U),1
Shri Bajrang Manohar Sonwane,NCP(SP),Shri Lavu Sri Krishna Devarayalu,TDP,1
Shri Lavu Sri Krishna Devarayalu,TDP,Shri Omprakash Bhupalsinh Alias Pavan Rajenimbalkar,SS,1
Shri Rajpalsinh Mahendrasinh Jadav,BJP,Shri Sanatan Pandey,SP,1
Dr. Sambit Patra,BJP,Dr. Sharmila Sarkar,AITC,1
Dr. Sambit Patra,BJP,Shri Shatrughan Prasad Sinha,AITC,1
Shri B Y Raghavendra,BJP,Shri Chandan Chauhan,RLD,1
Shri Bharatsinhji Shankarji Dabhi,BJP,Shri Chandan Chauhan,RLD,1
Dr. Bhola Singh,BJP,Shri Balwant Baswant Wankhade,INC,1
Dr. Vinod Kumar Bind,BJP,Shri Balwant Baswant Wankhade,INC,1
Shri Amar Sharadrao Kale,NCP(SP),Shri Balwant Baswant Wankhade,INC,1
Shri Amar Sharadrao Kale,NCP(SP),Shri Basavaraj Bommai,BJP,1
Shri Arun Govil,BJP,Shri Balwant Baswant Wankhade,INC,1
Shri Ashish Dubey,BJP,Shri Balwant Baswant Wankhade,INC,1
Shri Balwant Baswant Wankhade,INC,Shri Khagen Murmu,BJP,1
Shri Balwant Baswant Wankhade,INC,Shri Manoj Tiwari,BJP,1
Shri Balwant Baswant Wankhade,INC,Shri Mukeshkumar Chandrakaant Dalal,BJP,1
Shri Balwant Baswant Wankhade,INC,Shri Pradeep Kumar Singh,BJP,1
Shri Balwant Baswant Wankhade,INC,Shri Pratap Chandra Sarangi,BJP,1
Shri Balwant Baswant Wankhade,INC,Shri Rahul Singh Lodhi,BJP,1
Shri Balwant Baswant Wankhade,INC,Shri Shankar Lalwani,BJP,1
Shri Balwant Baswant Wankhade,INC,Shri Shivmangal Singh Tomar,BJP,1
Shri Balwant Baswant Wankhade,INC,Shri Sunil Kumar,JD(U),1
Shri Balwant Baswant Wankhade,INC,Shri Trivendra Singh Rawat,BJP,1
Shri Basavaraj Bommai,BJP,Shri Sukhjinder Singh Randhawa,INC,1
Shri Basavaraj Bommai,BJP,Shri Sunil Kumar,JD(U),1
Shri Ganesh Singh,BJP,Shri Sukhjinder Singh Randhawa,INC,1
Shri Ganesh Singh,BJP,Shri Sunil Kumar,JD(U),1
Shri Ganesh Singh,BJP,Smt. Vijaylakshmi Devi,JD(U),1
Shri Hasmukhbhai Somabhai Patel,BJP,Shri Sukhjinder Singh Randhawa,INC,1
Shri Miteshbhai Rameshbhai Patel,BJP,Shri Sukhjinder Singh Randhawa,INC,1
Shri Sukhjinder Singh Randhawa,INC,Smt. Hema Malini,BJP,1
Shri Sunil Kumar,JD(U),Smt. Hema Malini,BJP,1
Shri Yaduveer Wadiyar,BJP,Smt. Vijaylakshmi Devi,JD(U),1
Smt. Hema Malini,BJP,Smt. Vijaylakshmi Devi,JD(U),1
Ms Kangna Ranaut,BJP,Shri Amar Sharadrao Kale,NCP(SP),1
Shri Chandan Chauhan,RLD,Shri Pratap Chandra Sarangi,BJP,1
Shri Haribhai Patel,BJP,Shri Nilesh Dnyandev Lanke,NCP(SP),1
Shri Amar Sharadrao Kale,NCP(SP),Shri Ganesh Singh,BJP,1
Shri Chandan Chauhan,RLD,Shri Ganesh Singh,BJP,1
Shri Balwant Baswant Wankhade,INC,Shri Jashubhai Bhilubhai Rathva,BJP,1
Shri Balwant Baswant Wankhade,INC,Shri Radheshyam Rathiya,BJP,1
Shri Balwant Baswant Wankhade,INC,Shri Ravindra Shukla Alias Ravi Kishan,BJP,1
Shri Balwant Baswant Wankhade,INC,Shri Suresh Kumar Kashyap,BJP,1
Dr. Rajkumar Sangwan,RLD,Shri Anil Firojiya,BJP,1
Dr. Rajkumar Sangwan,RLD,Shri Bidyut Baran Mahato,BJP,1
Dr. Rajkumar Sangwan,RLD,Shri Captain Brijesh Chowta,BJP,1
Dr. Rajkumar Sangwan,RLD,Shri Dhaval Laxmanbhai Patel,BJP,1
Dr. Rajkumar Sangwan,RLD,Shri Dineshbhai Makwana,BJP,1
Dr. Rajkumar Sangwan,RLD,Shri Gopal Jee Thakur,BJP,1
Dr. Rajkumar Sangwan,RLD,Shri Haribhai Patel,BJP,1
Dr. Rajkumar Sangwan,RLD,Shri Jagdambika Pal,BJP,1
Dr. Rajkumar Sangwan,RLD,Shri Janardan Mishra,BJP,1
Dr. Rajkumar Sangwan,RLD,Shri Khagen Murmu,BJP,1
Dr. Rajkumar Sangwan,RLD,Shri Miteshbhai Rameshbhai Patel,BJP,1
Dr. Rajkumar Sangwan,RLD,Shri Narayan Tatu Rane,BJP,1
Dr. Rajkumar Sangwan,RLD,Shri Pradeep Kumar Singh,BJP,1
Dr. Rajkumar Sangwan,RLD,Shri Radheshyam Rathiya,BJP,1
Dr. Rajkumar Sangwan,RLD,Shri Rahul Singh Lodhi,BJP,1
Dr. Rajkumar Sangwan,RLD,Shri Shivmangal Singh Tomar,BJP,1
Dr. Rajkumar Sangwan,RLD,Smt. Himadri Singh,BJP,1
Dr. Rajkumar Sangwan,RLD,Smt. Kamlesh Jangde,BJP,1
Dr. Rajkumar Sangwan,RLD,Smt. Poonamben Hematbhai Maadam,BJP,1
Dr. Rajkumar Sangwan,RLD,Smt. Vijaylakshmi Devi,JD(U),1
Shri Amar Sharadrao Kale,NCP(SP),Shri Bunty Vivek Sahu,BJP,1
Shri Amar Sharadrao Kale,NCP(SP),Smt. Vijaylakshmi Devi,JD(U),1
Shri Chandan Chauhan,RLD,Shri Dhaval Laxmanbhai Patel,BJP,1
Shri Chandan Chauhan,RLD,Shri Gopal Jee Thakur,BJP,1
Shri Chandan Chauhan,RLD,Smt. Smita Uday Wagh,BJP,1
Shri Dhaval Laxmanbhai Patel,BJP,Shri Nalin Soren,JMM,1
Shri Dhaval Laxmanbhai Patel,BJP,Smt. Vijaylakshmi Devi,JD(U),1
Shri Nalin Soren,JMM,Shri Narayan Tatu Rane,BJP,1
Dr. Ganapathy Rajkumar P,DMK,Shri Chamala Kiran Kumar Reddy,INC,1
Dr. Ganapathy Rajkumar P,DMK,Shri Chavan Ravindra Vasantrao,INC,1
Dr. Ganapathy Rajkumar P,DMK,Shri Dhairyasheel Sambhajirao Mane,SS,1
Dr. Ganapathy Rajkumar P,DMK,Shri Eatala Rajender,BJP,1
Dr. Ganapathy Rajkumar P,DMK,Shri Sudheer Gupta,BJP,1
Shri Chamala Kiran Kumar Reddy,INC,Shri Dhairyasheel Sambhajirao Mane,SS,1
Shri Chamala Kiran Kumar Reddy,INC,Shri Sudheer Gupta,BJP,1
Shri Chamala Kiran Kumar Reddy,INC,Thiru Thanga Tamilselvan,DMK,1
Shri Chavan Ravindra Vasantrao,INC,Shri Eatala Rajender,BJP,1
Shri Chavan Ravindra Vasantrao,INC,Thiru Thanga Tamilselvan,DMK,1
Shri Dhairyasheel Sambhajirao Mane,SS,Shri Eatala Rajender,BJP,1
Shri Dhairyasheel Sambhajirao Mane,SS,Thiru Thanga Tamilselvan,DMK,1
Shri Eatala Rajender,BJP,Thiru Thanga Tamilselvan,DMK,1
Shri Sudheer Gupta,BJP,Thiru Thanga Tamilselvan,DMK,1
Shri Ajay Kumar Mandal,JD(U),Shri Rajesh Ranjan,IND.,1
Shri Kanwar Singh Tanwar,BJP,Shri Sunil Kumar,JD(U),1
Shri Kanwar Singh Tanwar,BJP,Smt. Vijaylakshmi Devi,JD(U),1
Dr. Sharmila Sarkar,AITC,Shri Anto Antony,INC,1
Dr. Sharmila Sarkar,AITC,Shri Balwant Baswant Wankhade,INC,1
Dr. Sharmila Sarkar,AITC,Shri Benny Behanan,INC,1
Dr. Sharmila Sarkar,AITC,Shri K Sudhakaran,INC,1
Shri Tangella Uday Srinivas,JSP,Shri Yaduveer Wadiyar,BJP,1
Shri Chandan Chauhan,RLD,Shri Konda Vishweshwar Reddy,BJP,1
Shri Kalyan Banerjee,AITC,Shri Sachithanantham R,CPI(M),1
Shri Chintamani Maharaj,BJP,Shri Rajeev Rai,SP,1
Adv. Chandra Shekhar,ASP (KR),Shri Babu Singh Kushwaha,SP,1
Shri Babu Singh Kushwaha,SP,Shri Hanuman Beniwal,RLP,1
Shri Chandan Chauhan,RLD,Smt. Anita Nagarsingh Chouhan,BJP,1
Shri Brijendra Singh Ola,INC,Shri Lalji Verma,SP,1
Dr. C M Ramesh,BJP,Shri Tanuj Punia,INC,1
Dr. T Sumathy Alias Thamizhachi Thangapandian,DMK,Shri Sasikanth Senthil,INC,1
Shri Navaskani K,IUML,Thiru Dr. S Jagathratchakan,DMK,1
Dr. D. Purandeswari,BJP,Shri Lavu Sri Krishna Devarayalu,TDP,1
Shri G Lakshminarayana,TDP,Shri Rahul Kaswan,INC,1
Shri Chandan Chauhan,RLD,Shri Shashank Mani,BJP,1
Shri Biplab Kumar Deb,BJP,Shri Sachithanantham R,CPI(M),1
Dr. Manna Lal Rawat,BJP,Shri E T Mohammed Basheer,IUML,1
Shri Bastipati Nagaraju,TDP,Shri Chandra Prakash Choudhary,AJSU,1
Shri Bastipati Nagaraju,TDP,Shri R K Chaudhary,SP,1
Shri Chandra Prakash Choudhary,AJSU,Shri R K Chaudhary,SP,1
Dr. Amol Ramsing Kolhe,NCP(SP),Shri Murari Lal Meena,INC,1
Shri Mohite Patil Dhairyasheel Rajsinh,NCP(SP),Shri Murari Lal Meena,INC,1
Shri Anil Yeshwant Desai,SHS(UBT),Shri Neeraj Maurya,SP,1
Dr. Ganapathy Rajkumar P,DMK,Shri Bapi Haldar,AITC,1
Shri Bapi Haldar,AITC,Thiru Thanga Tamilselvan,DMK,1
Shri Raja Ram Singh,CPI(ML)(L),Shri Rao Rajendra Singh,BJP,1
Dr. Ganapathy Rajkumar P,DMK,Shri Joyanta Basumatary,UPPL,1
Dr. Ganapathy Rajkumar P,DMK,Shri Navaskani K,IUML,1
Shri C N Annadurai,DMK,Shri Joyanta Basumatary,UPPL,1
Shri Joyanta Basumatary,UPPL,Shri Malaiyarasan D,DMK,1
Shri Joyanta Basumatary,UPPL,Shri Navaskani K,IUML,1
Shri Joyanta Basumatary,UPPL,Shri Selvam G,DMK,1
Shri Joyanta Basumatary,UPPL,Thiru Thanga Tamilselvan,DMK,1
Shri Navaskani K,IUML,Thiru Thanga Tamilselvan,DMK,1
Shri Rajabhau Parag Prakash Waje,SHS(UBT),Shri Rajesh Naranbhai Chudasama,BJP,1
Shri Chandan Chauhan,RLD,Shri Mukesh Rajput,BJP,1
Shri Anil Firojiya,BJP,Shri Lavu Sri Krishna Devarayalu,TDP,1
Shri Basavaraj Bommai,BJP,Shri Nalin Soren,JMM,1
Ms. S Jothimani,INC,Shri E T Mohammed Basheer,IUML,1
Dr. Prashant Yadaorao Padole,INC,Shri Dileshwar Kamait,JD(U),1
Dr. Prashant Yadaorao Padole,INC,Shri Sunil Kumar,JD(U),1
Dr. Rajeev Bharadwaj,BJP,Shri Ve Vaithilingam,INC,1
Shri Asaduddin Owaisi,AIMIM,Smt. Dhanorkar Pratibha Suresh,INC,1
Shri Eatala Rajender,BJP,Shri Harendra Singh Malik,SP,1
Shri Dharmendra Yadav,SP,Shri Sanjay Uttamrao Deshmukh,SS,1
Dr. Mallu Ravi,INC,Thiru D M Kathir Anand,DMK,1
Shri Biplab Kumar Deb,BJP,Shri Sunil Kumar,JD(U),1
Shri  Chhotelal,SP,Smt. Manju Sharma,BJP,1
Shri Sanjay Haribhau Jadhav,SS,Shri V K Sreekandan,INC,1
Shri Shrirang Appa Chandu Barne,SS,Shri V K Sreekandan,INC,1
Shri V K Sreekandan,INC,Smt. Bharti Pardhi,BJP,1
Shri Hanuman Beniwal,RLP,Shri Rahul Kaswan,INC,1
Dr. D. Purandeswari,BJP,Shri Bastipati Nagaraju,TDP,1
Dr. D. Purandeswari,BJP,Shri Kesineni Sivanath,TDP,1
Dr. Shrikant Eknath Shinde,SS,Shri Anto Antony,INC,1
Shri Anto Antony,INC,Shri Naresh Ganpat Mhaske,SS,1
Shri Anto Antony,INC,Shri Rajesh Verma,LJSP(RV),1
Shri Anto Antony,INC,Shri Ravindra Dattaram Waikar,SS,1
Shri Anto Antony,INC,Smt. Shambhavi,LJSP(RV),1
Ms. Mahua Moitra,AITC,Shri Amra Ram,CPI(M),1
Shri Malaiyarasan D,DMK,Smt. Pratima Mondal,AITC,1
Shri Dushyant Singh,BJP,Shri Sukhjinder Singh Randhawa,INC,1
Shri Karan Bhushan Singh,BJP,Shri Tatkare Sunil Dattatrey,NCP,1
Shri Biplab Kumar Deb,BJP,Shri Neeraj Maurya,SP,1
Shri Bunty Vivek Sahu,BJP,Shri Pushpendra Saroj,SP,1
Shri Darshan Singh Choudhary,BJP,Shri Pushpendra Saroj,SP,1
Shri Dhairyasheel Sambhajirao Mane,SS,Shri Suresh Kumar Shetkar,INC,1
Shri Dhairyasheel Sambhajirao Mane,SS,Shri Vijayakumar Alias Vijay Vasanth,INC,1
Shri Manish Jaiswal,BJP,Shri Suresh Kumar Shetkar,INC,1
Shri Manish Jaiswal,BJP,Shri Vijayakumar Alias Vijay Vasanth,INC,1
Shri Sudheer Gupta,BJP,Shri Suresh Kumar Shetkar,INC,1
Shri Sudheer Gupta,BJP,Shri Vijayakumar Alias Vijay Vasanth,INC,1
Shri Darshan Singh Choudhary,BJP,Shri Tatkare Sunil Dattatrey,NCP,1
Ms Iqra Choudhary,SP,Shri Lavu Sri Krishna Devarayalu,TDP,1
Ms Iqra Choudhary,SP,Shri Magunta Sreenivasulu Reddy,TDP,1
Shri Magunta Sreenivasulu Reddy,TDP,Shri Mohibbullah,SP,1
Dr. D Ravi Kumar,VCK,Shri Varun Chaudhry,INC,1
Dr. Prashant Yadaorao Padole,INC,Shri Kamakhya Prasad Tasa,BJP,1
Shri Asaduddin Owaisi,AIMIM,Shri Bastipati Nagaraju,TDP,1
Dr. Byreddy Shabari,TDP,Shri Tejasvi Surya,BJP,1
Shri Sudama Prasad,CPI(ML)(L),Shri Utkarsh Verma Madhur,SP,1
Shri S Venkatesan,CPI(M),Smt. Kanimozhi Karunanidhi,DMK,1
Shri Asaduddin Owaisi,AIMIM,Shri Gaurav Gogoi,INC,1
Dr. Kalyan Vaijinathrao Kale,INC,Shri Biplab Kumar Deb,BJP,1
Shri Devesh Shakya,SP,Shri Shyamkumar Daulat Barve,INC,1
Shri Maddila Gurumoorthy,YSRCP,Shri P C Mohan,BJP,1
Shri Joyanta Basumatary,UPPL,Shri Saptagiri Sankar Ulaka,INC,1
Dr. Kalyan Vaijinathrao Kale,INC,Shri Vijay Kumar Hansdak,JMM,1
Shri Amrinder Singh Raja Warring,INC,Shri Vijay Kumar Hansdak,JMM,1
Shri Ananta Nayak,BJP,Shri Daggumalla Prasada Rao,TDP,1
Shri Ananta Nayak,BJP,Shri Tanuj Punia,INC,1
Shri Brijmohan Agrawal,BJP,Shri Daggumalla Prasada Rao,TDP,1
Shri Brijmohan Agrawal,BJP,Shri Tanuj Punia,INC,1
Shri Daggumalla Prasada Rao,TDP,Shri Devusinh Chauhan,BJP,1
Shri Daggumalla Prasada Rao,TDP,Shri Tanuj Punia,INC,1
Shri Devusinh Chauhan,BJP,Shri Tanuj Punia,INC,1
Shri Bajrang Manohar Sonwane,NCP(SP),Shri Bunty Vivek Sahu,BJP,1
Shri Bhausaheb Rajaram Wakchaure,SS,Shri Bunty Vivek Sahu,BJP,1
Shri Bunty Vivek Sahu,BJP,Shri Omprakash Bhupalsinh Alias Pavan Rajenimbalkar,SS,1
Shri Chamala Kiran Kumar Reddy,INC,Smt. Poonamben Hematbhai Maadam,BJP,1
Dr. Ganapathy Rajkumar P,DMK,Shri Krishna Prasad Tenneti,TDP,1
Shri Krishna Prasad Tenneti,TDP,Thiru Thanga Tamilselvan,DMK,1
Shri Dhairyasheel Sambhajirao Mane,SS,Shri Manish Tewari,INC,1
Shri Manish Jaiswal,BJP,Shri Manish Tewari,INC,1
Shri Manish Tewari,INC,Shri Sudheer Gupta,BJP,1
Shri E T Mohammed Basheer,IUML,Shri Raja Ram Singh,CPI(ML)(L),1
Shri Kodikunnil Suresh,INC,Shri S Venkatesan,CPI(M),1
Dr. Amar Singh,INC,Shri Joyanta Basumatary,UPPL,1
Dr. Prashant Yadaorao Padole,INC,Shri Ananta Nayak,BJP,1
Dr. Prashant Yadaorao Padole,INC,Shri Anup Sanjay Dhotre,BJP,1
Shri E T Mohammed Basheer,IUML,Shri Hibi Eden,INC,1
Shri Lavu Sri Krishna Devarayalu,TDP,Shri Parimal Suklabaidya,BJP,1
Shri Lavu Sri Krishna Devarayalu,TDP,Smt. Vijaylakshmi Devi,JD(U),1
Shri Parimal Suklabaidya,BJP,Smt. Vijaylakshmi Devi,JD(U),1
Shri Maddila Gurumoorthy,YSRCP,Smt. Malvika Devi,BJP,1
Shri Gurjeet Singh Aujla,INC,Shri Prabhakar Reddy Vemireddy,TDP,1
Shri Asaduddin Owaisi,AIMIM,Shri P C Mohan,BJP,1
Dr. Nishikant Dubey,BJP,Shri Rajkumar Roat,BAP,1
Dr. Anand Kumar,BJP,Shri Rakesh Rathor,INC,1
Shri Kota Srinivasa Poojary,BJP,Shri Nilesh Dnyandev Lanke,NCP(SP),1
Shri Govind Makthappa Karjol,BJP,Shri Raja A,DMK,1
Shri Dharmendra Yadav,SP,Shri Dinesh Chandra Yadav,JD(U),1
Shri Dharmendra Yadav,SP,Shri Kaushalendra Kumar,JD(U),1
Adv Gowaal Kagada Padavi,INC,Thiru Dr. S Jagathratchakan,DMK,1
Dr. Manna Lal Rawat,BJP,Shri Bastipati Nagaraju,TDP,1
Dr. T Sumathy Alias Thamizhachi Thangapandian,DMK,Shri Anoop Pradhan Valmiki,BJP,1
Dr. T Sumathy Alias Thamizhachi Thangapandian,DMK,Shri Rakesh Rathor,INC,1
Dr. T Sumathy Alias Thamizhachi Thangapandian,DMK,Shri Rambhual Nishad,SP,1
Shri Anoop Pradhan Valmiki,BJP,Shri Rakesh Rathor,INC,1
Shri Anoop Pradhan Valmiki,BJP,Shri Rambhual Nishad,SP,1
Shri Rakesh Rathor,INC,Shri Rambhual Nishad,SP,1
Shri Rakesh Rathor,INC,Shri Sunil Kumar,JD(U),1
Shri Rambhual Nishad,SP,Shri Sunil Kumar,JD(U),1
Ms. Bansuri Swaraj,BJP,Shri Chandan Chauhan,RLD,1
Shri Bharatbhai Manubhai Sutariya,BJP,Smt. Vijaylakshmi Devi,JD(U),1
Shri Chandan Chauhan,RLD,Shri Satish Kumar Gautam,BJP,1
Dr. Kalyan Vaijinathrao Kale,INC,Shri Joyanta Basumatary,UPPL,1
Shri Magunta Sreenivasulu Reddy,TDP,Shri Y S Avinash Reddy,YSRCP,1
Dr. Kirsan Namdeo,INC,Shri Arun Bharti,LJSP(RV),1
Shri Arun Bharti,LJSP(RV),Shri Benny Behanan,INC,1
Shri Arun Bharti,LJSP(RV),Shri Charanjit Singh Channi,INC,1
Shri Arun Bharti,LJSP(RV),Shri Joyanta Basumatary,UPPL,1
Shri Arun Bharti,LJSP(RV),Smt. Jyotsna Charandas Mahant,INC,1
Shri Charanjit Singh Channi,INC,Shri Joyanta Basumatary,UPPL,1
Shri Joyanta Basumatary,UPPL,Smt. Jyotsna Charandas Mahant,INC,1
Shri Balwant Baswant Wankhade,INC,Shri Pradyut Bordoloi,Unknown,1
Dr. Sanjay Jaiswal,BJP,Shri Tatkare Sunil Dattatrey,NCP,1
Shri Ramvir Singh Bidhuri,BJP,Shri Tatkare Sunil Dattatrey,NCP,1
Dr. Kirsan Namdeo,INC,Shri Vijay Kumar Hansdak,JMM,1
Shri Vijay Kumar Hansdak,JMM,Smt. Jyotsna Charandas Mahant,INC,1
Shri Rajesh Naranbhai Chudasama,BJP,Shri Sukhjinder Singh Randhawa,INC,1
Dr. Pradeep Kumar Panigrahy,BJP,Shri T R Baalu,DMK,1
Shri Appalanaidu Kalisetti,TDP,Shri Govind Makthappa Karjol,BJP,1
Shri Govind Makthappa Karjol,BJP,Shri Tangella Uday Srinivas,JSP,1
Dr. Thirumaavalavan Tholkappiyan,VCK,Shri Dharmendra Yadav,SP,1
Shri Krishna Prasad Tenneti,TDP,Shri Mohibbullah,SP,1
Shri  Selvaganapathi T.M.,DMK,Shri Rahul Gandhi,INC,1
Shri  Selvaganapathi T.M.,DMK,Shri Sachithanantham R,CPI(M),1
Shri Rahul Gandhi,INC,Shri S Venkatesan,CPI(M),1
Shri Rahul Gandhi,INC,Shri Sachithanantham R,CPI(M),1
Shri Anil Yeshwant Desai,SHS(UBT),Shri Babu Singh Kushwaha,SP,1
Shri Maddila Gurumoorthy,YSRCP,Shri Sunil Bose,INC,1
Shri Amra Ram,CPI(M),Smt. Manju Sharma,BJP,1
Shri G M Harish Balayogi,TDP,Shri Santosh Pandey,BJP,1
Shri Sribharat Mathukumilli,TDP,Shri Tangella Uday Srinivas,JSP,1
Shri Azad Kirti Jha,AITC,Shri Dushyant Singh,BJP,1
Dr. Ricky Andrew J Syngkon,Unknown,Shri Krishna Prasad Tenneti,TDP,1
Dr. Ricky Andrew J Syngkon,Unknown,Shri Magunta Sreenivasulu Reddy,TDP,1
Dr. Sanjay Jaiswal,BJP,Shri Joyanta Basumatary,UPPL,1
Shri Joyanta Basumatary,UPPL,Shri Mahesh Kashyap,BJP,1
Shri Joyanta Basumatary,UPPL,Shri Mukesh Rajput,BJP,1
Shri Joyanta Basumatary,UPPL,Shri Pradeep Purohit,BJP,1
Shri Joyanta Basumatary,UPPL,Shri Vivek Thakur,BJP,1
Shri K E Prakash,DMK,Shri Omprakash Bhupalsinh Alias Pavan Rajenimbalkar,SS,1
Shri Omprakash Bhupalsinh Alias Pavan Rajenimbalkar,SS,Thiru D M Kathir Anand,DMK,1
Dr. Alok Kumar Suman,JD(U),Shri Benny Behanan,INC,1
Dr. Alok Kumar Suman,JD(U),Shri K Sudhakaran,INC,1
Dr. Alok Kumar Suman,JD(U),Smt. Jyotsna Charandas Mahant,INC,1
Dr. Amol Ramsing Kolhe,NCP(SP),Shri Dushyant Singh,BJP,1
Prof. Varsha Eknath Gaikwad,INC,Shri Dushyant Singh,BJP,1
Shri Bhaskar Murlidhar Bhagare,NCP(SP),Shri Dushyant Singh,BJP,1
Shri Dushyant Singh,BJP,Shri Sanjay Dina Patil,SS,1
Adv K. Francis George,KEC,Shri Manish Tewari,INC,1
Shri Alok Sharma,BJP,Smt. Mala Roy,AITC,1
Shri Godam Nagesh,BJP,Smt. Mala Roy,AITC,1
Shri Lumbaram Choudhary,BJP,Smt. Mala Roy,AITC,1
Shri Mahendra Singh Solanky,BJP,Smt. Mala Roy,AITC,1
Shri Praveen Patel,BJP,Smt. Mala Roy,AITC,1
Shri Rodmal Nagar,BJP,Smt. Mala Roy,AITC,1
Shri Vishweshwar Hegde Kageri,BJP,Smt. Mala Roy,AITC,1
Smt. Himadri Singh,BJP,Smt. Mala Roy,AITC,1
Smt. Mala Roy,AITC,Smt. Smita Uday Wagh,BJP,1
Shri Ananta Nayak,BJP,Shri Joyanta Basumatary,UPPL,1
Shri Ananta Nayak,BJP,Shri Tatkare Sunil Dattatrey,NCP,1
Shri Joyanta Basumatary,UPPL,Shri Saumitra Khan,BJP,1
Shri Joyanta Basumatary,UPPL,Shri Tatkare Sunil Dattatrey,NCP,1
Shri Saumitra Khan,BJP,Shri Tatkare Sunil Dattatrey,NCP,1
Shri Chandan Chauhan,RLD,Shri Rao Rajendra Singh,BJP,1
Dr. Amol Ramsing Kolhe,NCP(SP),Dr. Kirsan Namdeo,INC,1
Dr. Kirsan Namdeo,INC,Shri Mohite Patil Dhairyasheel Rajsinh,NCP(SP),1
Dr. Kirsan Namdeo,INC,Shri Sanjay Dina Patil,SS,1
Dr. Kirsan Namdeo,INC,Smt. Supriya Sule,NCP(SP),1
Dr. Rajesh Mishra,BJP,Shri Sudhakar Singh,RJD,1
Dr. Kalanidhi Veeraswamy,DMK,Shri Sasikanth Senthil,INC,1
Dr. M P Abdussamad Samadani,IUML,Shri Eatala Rajender,BJP,1
Dr. M P Abdussamad Samadani,IUML,Smt. D K Aruna,BJP,1
Shri Naveen Jindal,BJP,Smt. Pratima Mondal,AITC,1
Dr. Rajesh Mishra,BJP,Shri Nilesh Dnyandev Lanke,NCP(SP),1
Shri Sukhjinder Singh Randhawa,INC,Smt. Roopkumari Choudhary,BJP,1
Shri Sukhjinder Singh Randhawa,INC,Smt. Sandhya Ray,BJP,1
Shri Jugal Kishore,BJP,Shri Sanatan Pandey,SP,1
Shri Hanuman Beniwal,RLP,Shri Utkarsh Verma Madhur,SP,1
Shri Amra Ram,CPI(M),Shri Kodikunnil Suresh,INC,1
Shri Amra Ram,CPI(M),Shri Sudama Prasad,CPI(ML)(L),1
Shri Kodikunnil Suresh,INC,Shri Sudama Prasad,CPI(ML)(L),1
Dr. Kirsan Namdeo,INC,Mrs Ruchi Vira,SP,1
Com. Selvaraj V,CPI,Shri Janardan Singh Sigriwal,BJP,1
Shri Janardan Singh Sigriwal,BJP,Shri Subbarayan K,CPI,1
Shri Narayan Tatu Rane,BJP,Smt. Geniben Nagaji Thakor,INC,1
Dr. Nishikant Dubey,BJP,Ms Sayani Ghosh,AITC,1
Dr. Lata Wankhede,BJP,Shri Lavu Sri Krishna Devarayalu,TDP,1
Md. Rakibul Hussain,INC,Shri Pradyut Bordoloi,Unknown,1
Shri Amarsing Tisso,BJP,Shri Balashowry Vallabhaneni,JSP,1
Dr. Prashant Yadaorao Padole,INC,Shri Devusinh Chauhan,BJP,1
Dr. Prashant Yadaorao Padole,INC,Shri Mahesh Kashyap,BJP,1
Dr. Prashant Yadaorao Padole,INC,Smt. Vijaylakshmi Devi,JD(U),1
Shri Anil Yeshwant Desai,SHS(UBT),Shri Azad Kirti Jha,AITC,1
Shri Bhumare Sandipanrao Asaram,SS,Thiru D M Kathir Anand,DMK,1
Shri Gyaneshwar Patil,BJP,Thiru D M Kathir Anand,DMK,1
Ms Sayani Ghosh,AITC,Smt. Kanimozhi Karunanidhi,DMK,1
Shri Azad Kirti Jha,AITC,Shri Krishna Prasad Tenneti,TDP,1
Shri Krishna Prasad Tenneti,TDP,Shri Sanatan Pandey,SP,1
Shri Putta Mahesh Kumar,TDP,Shri Sanatan Pandey,SP,1
Dr. Amar Singh,INC,Shri Vijay Kumar Hansdak,JMM,1
Ms. Praniti Sushilkumar Shinde,INC,Shri Vijay Kumar Hansdak,JMM,1
Shri Pradyut Bordoloi,Unknown,Shri Ramasahayam Raghuram Reddy,INC,1
Shri Pradyut Bordoloi,Unknown,Shri Vijay Kumar Hansdak,JMM,1
Shri Ramasahayam Raghuram Reddy,INC,Shri Vijay Kumar Hansdak,JMM,1
Shri Chhatrapal Singh Gangwar,BJP,Shri Joyanta Basumatary,UPPL,1
Shri Govind Makthappa Karjol,BJP,Shri Joyanta Basumatary,UPPL,1
Shri Govind Makthappa Karjol,BJP,Shri Sukhjinder Singh Randhawa,INC,1
Shri Janardan Singh Sigriwal,BJP,Shri Joyanta Basumatary,UPPL,1
Shri Joyanta Basumatary,UPPL,Shri Kanwar Singh Tanwar,BJP,1
Shri Joyanta Basumatary,UPPL,Shri Parbhubhai Nagarbhai Vasava,BJP,1
Shri Joyanta Basumatary,UPPL,Shri Sukhjinder Singh Randhawa,INC,1
Shri Joyanta Basumatary,UPPL,Smt. Mala Rajya Laxmi Shah,BJP,1
Shri Jai Prakash,BJP,Thiru Thanga Tamilselvan,DMK,1
Shri Tatkare Sunil Dattatrey,NCP,Smt. Malvika Devi,BJP,1
Dr. Shrikant Eknath Shinde,SS,Shri Asaduddin Owaisi,AIMIM,1
Dr. Shrikant Eknath Shinde,SS,Shri Azad Kirti Jha,AITC,1
Dr. Shrikant Eknath Shinde,SS,Shri Balashowry Vallabhaneni,JSP,1
Dr. Shrikant Eknath Shinde,SS,Shri Benny Behanan,INC,1
Dr. Shrikant Eknath Shinde,SS,Shri K Radhakrishnan,CPI(M),1
Dr. Shrikant Eknath Shinde,SS,Shri Kalyan Banerjee,AITC,1
Dr. Shrikant Eknath Shinde,SS,Shri Putta Mahesh Kumar,TDP,1
Shri Asaduddin Owaisi,AIMIM,Shri Azad Kirti Jha,AITC,1
Shri Asaduddin Owaisi,AIMIM,Shri Balashowry Vallabhaneni,JSP,1
Shri Asaduddin Owaisi,AIMIM,Shri Benny Behanan,INC,1
Shri Asaduddin Owaisi,AIMIM,Shri Kalyan Banerjee,AITC,1
Shri Asaduddin Owaisi,AIMIM,Shri Naresh Ganpat Mhaske,SS,1
Shri Asaduddin Owaisi,AIMIM,Shri Putta Mahesh Kumar,TDP,1
Shri Asaduddin Owaisi,AIMIM,Shri Rajesh Verma,LJSP(RV),1
Shri Asaduddin Owaisi,AIMIM,Shri Ravindra Dattaram Waikar,SS,1
Shri Asaduddin Owaisi,AIMIM,Smt. Shambhavi,LJSP(RV),1
Shri Azad Kirti Jha,AITC,Shri Balashowry Vallabhaneni,JSP,1
Shri Azad Kirti Jha,AITC,Shri Benny Behanan,INC,1
Shri Azad Kirti Jha,AITC,Shri K Radhakrishnan,CPI(M),1
Shri Azad Kirti Jha,AITC,Shri Naresh Ganpat Mhaske,SS,1
Shri Azad Kirti Jha,AITC,Shri Rajesh Verma,LJSP(RV),1
Shri Azad Kirti Jha,AITC,Shri Ravindra Dattaram Waikar,SS,1
Shri Azad Kirti Jha,AITC,Smt. Shambhavi,LJSP(RV),1
Shri Balashowry Vallabhaneni,JSP,Shri Benny Behanan,INC,1
Shri Balashowry Vallabhaneni,JSP,Shri Kalyan Banerjee,AITC,1
Shri Balashowry Vallabhaneni,JSP,Shri Naresh Ganpat Mhaske,SS,1
Shri Balashowry Vallabhaneni,JSP,Shri Putta Mahesh Kumar,TDP,1
Shri Balashowry Vallabhaneni,JSP,Shri Rajesh Verma,LJSP(RV),1
Shri Balashowry Vallabhaneni,JSP,Shri Ravindra Dattaram Waikar,SS,1
Shri Balashowry Vallabhaneni,JSP,Smt. Shambhavi,LJSP(RV),1
Shri Benny Behanan,INC,Shri Kalyan Banerjee,AITC,1
Shri Benny Behanan,INC,Shri Naresh Ganpat Mhaske,SS,1
Shri Benny Behanan,INC,Shri Putta Mahesh Kumar,TDP,1
Shri Benny Behanan,INC,Shri Rajesh Verma,LJSP(RV),1
Shri Benny Behanan,INC,Shri Ravindra Dattaram Waikar,SS,1
Shri Benny Behanan,INC,Smt. Shambhavi,LJSP(RV),1
Shri K Radhakrishnan,CPI(M),Shri Kalyan Banerjee,AITC,1
Shri K Radhakrishnan,CPI(M),Shri Naresh Ganpat Mhaske,SS,1
Shri K Radhakrishnan,CPI(M),Shri Putta Mahesh Kumar,TDP,1
Shri K Radhakrishnan,CPI(M),Shri Rajesh Verma,LJSP(RV),1
Shri K Radhakrishnan,CPI(M),Shri Ravindra Dattaram Waikar,SS,1
Shri K Radhakrishnan,CPI(M),Smt. Shambhavi,LJSP(RV),1
Shri Kalyan Banerjee,AITC,Shri Naresh Ganpat Mhaske,SS,1
Shri Kalyan Banerjee,AITC,Shri Putta Mahesh Kumar,TDP,1
Shri Kalyan Banerjee,AITC,Shri Rajesh Verma,LJSP(RV),1
Shri Kalyan Banerjee,AITC,Shri Ravindra Dattaram Waikar,SS,1
Shri Kalyan Banerjee,AITC,Smt. Shambhavi,LJSP(RV),1
Shri Naresh Ganpat Mhaske,SS,Shri Putta Mahesh Kumar,TDP,1
Shri Putta Mahesh Kumar,TDP,Shri Rajesh Verma,LJSP(RV),1
Shri Putta Mahesh Kumar,TDP,Shri Ravindra Dattaram Waikar,SS,1
Shri Putta Mahesh Kumar,TDP,Smt. Shambhavi,LJSP(RV),1
Dr. Prashant Yadaorao Padole,INC,Shri Bharatbhai Manubhai Sutariya,BJP,1
Dr. Prashant Yadaorao Padole,INC,Shri Chandan Chauhan,RLD,1
Shri Anurag Singh Thakur,BJP,Shri Chandan Chauhan,RLD,1
Dr. Manna Lal Rawat,BJP,Ms. S Jothimani,INC,1
Ms. S Jothimani,INC,Shri Bibhu Prasad Tarai,BJP,1
Ms. S Jothimani,INC,Shri Chintamani Maharaj,BJP,1
Ms. S Jothimani,INC,Smt. Mala Rajya Laxmi Shah,BJP,1
Shri Joyanta Basumatary,UPPL,Shri Rajkumar Chahar,BJP,1
Dr. Indra Hang Subba,SKM,Shri Virendra Singh,SP,1
Dr. M K Vishnu Prasad,INC,Shri Govind Makthappa Karjol,BJP,1
Shri Govind Makthappa Karjol,BJP,Shri Kuldeep Indora,INC,1
Shri Arun Kumar Sagar,BJP,Shri Nalin Soren,JMM,1
Shri Arun Kumar Sagar,BJP,Shri Shyamkumar Daulat Barve,INC,1
Shri Nalin Soren,JMM,Shri Shyamkumar Daulat Barve,INC,1
Shri Shyamkumar Daulat Barve,INC,Shri Tharaniventhan M S,DMK,1
Ms Iqra Choudhary,SP,Shri Charanjit Singh Channi,INC,1
Ms Iqra Choudhary,SP,Shri K Radhakrishnan,CPI(M),1
Shri Charanjit Singh Channi,INC,Shri K Radhakrishnan,CPI(M),1
Shri K Radhakrishnan,CPI(M),Shri Pushpendra Saroj,SP,1
Shri Dileshwar Kamait,JD(U),Shri Govind Makthappa Karjol,BJP,1
Shri Jai Prakash,BJP,Smt. Vijaylakshmi Devi,JD(U),1
Shri Dileshwar Kamait,JD(U),Shri Sukhjinder Singh Randhawa,INC,1
Shri Chamala Kiran Kumar Reddy,INC,Shri Zia Ur Rehman,SP,1
Dr. Nishikant Dubey,BJP,Shri Joyanta Basumatary,UPPL,1
Shri Alok Sharma,BJP,Shri Joyanta Basumatary,UPPL,1
Shri Bhartruhari Mahtab,BJP,Shri Joyanta Basumatary,UPPL,1
Shri Dileshwar Kamait,JD(U),Shri Joyanta Basumatary,UPPL,1
Shri Godam Nagesh,BJP,Shri Joyanta Basumatary,UPPL,1
Shri Jagdambika Pal,BJP,Shri Joyanta Basumatary,UPPL,1
Shri Joyanta Basumatary,UPPL,Shri Kota Srinivasa Poojary,BJP,1
Shri Joyanta Basumatary,UPPL,Shri Naba Charan Majhi,BJP,1
Shri Joyanta Basumatary,UPPL,Shri Praveen Patel,BJP,1
Shri Joyanta Basumatary,UPPL,Shri Ramesh Awasthi,BJP,1
Shri Joyanta Basumatary,UPPL,Shri Suresh Kumar Kashyap,BJP,1
Shri Joyanta Basumatary,UPPL,Shri Vijay Baghel,BJP,1
Shri Joyanta Basumatary,UPPL,Shri Yogender Chandolia,BJP,1
Shri Joyanta Basumatary,UPPL,Smt. Aparajita Sarangi,BJP,1
Shri Joyanta Basumatary,UPPL,Smt. Shobhanaben Mahendrasinh Baraiya,BJP,1
Dr. K Sudhakar,BJP,Prof. Sougata Ray,AITC,1
Dr. Manna Lal Rawat,BJP,Prof. Sougata Ray,AITC,1
Ms. Bansuri Swaraj,BJP,Prof. Sougata Ray,AITC,1
Prof. Sougata Ray,AITC,Shri Alok Sharma,BJP,1
Prof. Sougata Ray,AITC,Shri Anurag Sharma,BJP,1
Prof. Sougata Ray,AITC,Shri Arun Govil,BJP,1
Prof. Sougata Ray,AITC,Shri Basavaraj Bommai,BJP,1
Prof. Sougata Ray,AITC,Shri Bhartruhari Mahtab,BJP,1
Prof. Sougata Ray,AITC,Shri Bhojraj Nag,BJP,1
Prof. Sougata Ray,AITC,Shri Bibhu Prasad Tarai,BJP,1
Prof. Sougata Ray,AITC,Shri Damodar Agrawal,BJP,1
Prof. Sougata Ray,AITC,Shri Mukesh Rajput,BJP,1
Prof. Sougata Ray,AITC,Shri Praveen Patel,BJP,1
Prof. Sougata Ray,AITC,Shri Ravindra Shukla Alias Ravi Kishan,BJP,1
Prof. Sougata Ray,AITC,Shri Rodmal Nagar,BJP,1
Prof. Sougata Ray,AITC,Shri Suresh Kumar Kashyap,BJP,1
Prof. Sougata Ray,AITC,Shri Trivendra Singh Rawat,BJP,1
Prof. Sougata Ray,AITC,Shri Vishnu Dayal Ram,BJP,1
Prof. Sougata Ray,AITC,Smt. Kamaljeet Sehrawat,BJP,1
Prof. Sougata Ray,AITC,Smt. Mala Rajya Laxmi Shah,BJP,1
Prof. Sougata Ray,AITC,Smt. Poonamben Hematbhai Maadam,BJP,1
Prof. Sougata Ray,AITC,Smt. Shobhanaben Mahendrasinh Baraiya,BJP,1
Km. Sudha R,INC,Shri B K Parthasarathi,TDP,1
Dr. Thirumaavalavan Tholkappiyan,VCK,Shri Dharambir Singh,BJP,1
Dr. Byreddy Shabari,TDP,Shri Arvind Dharmapuri,BJP,1
Shri Lavu Sri Krishna Devarayalu,TDP,Shri Sukhjinder Singh Randhawa,INC,1
Shri Ummeda Ram Beniwal,INC,Smt. Manju Sharma,BJP,1
Com. Selvaraj V,CPI,Ms Sayani Ghosh,AITC,1
Ms Sayani Ghosh,AITC,Shri Subbarayan K,CPI,1
Dr. Prashant Yadaorao Padole,INC,Shri Tangella Uday Srinivas,JSP,1
Shri Anto Antony,INC,Shri Tangella Uday Srinivas,JSP,1
Shri Balwant Baswant Wankhade,INC,Shri Tangella Uday Srinivas,JSP,1
Shri Benny Behanan,INC,Shri Tangella Uday Srinivas,JSP,1
Shri K Sudhakaran,INC,Shri Tangella Uday Srinivas,JSP,1
Shri Tangella Uday Srinivas,JSP,Shri Tanuj Punia,INC,1
Shri Tangella Uday Srinivas,JSP,Smt. Geniben Nagaji Thakor,INC,1
Shri Khalilur Rahaman,AITC,Shri Tharaniventhan M S,DMK,1
Shri Anil Firojiya,BJP,Shri Nilesh Dnyandev Lanke,NCP(SP),1
Shri Malvinder Singh Kang,AAP,Shri Rajesh Ranjan,IND.,1
Dr. Ganapathy Rajkumar P,DMK,Shri Kodikunnil Suresh,INC,1
Dr. Ganapathy Rajkumar P,DMK,Shri V K Sreekandan,INC,1
Shri Kodikunnil Suresh,INC,Thiru Thanga Tamilselvan,DMK,1
Shri V K Sreekandan,INC,Thiru Thanga Tamilselvan,DMK,1
Dr. K Sudhakar,BJP,Dr. Prashant Yadaorao Padole,INC,1
Dr. Manna Lal Rawat,BJP,Dr. Prashant Yadaorao Padole,INC,1
Dr. Prashant Yadaorao Padole,INC,Shri Trivendra Singh Rawat,BJP,1
Dr. Prashant Yadaorao Padole,INC,Smt. Kamaljeet Sehrawat,BJP,1
Shri Chavan Ravindra Vasantrao,INC,Smt. Bijuli Kalita Medhi,BJP,1
Shri Dhairyasheel Sambhajirao Mane,SS,Smt. Bijuli Kalita Medhi,BJP,1
Dr. Hemang Joshi,BJP,Dr. Prashant Yadaorao Padole,INC,1
Dr. Prashant Yadaorao Padole,INC,Shri Captain Brijesh Chowta,BJP,1
Dr. Prashant Yadaorao Padole,INC,Shri Parbhubhai Nagarbhai Vasava,BJP,1
Dr. Prashant Yadaorao Padole,INC,Shri Rodmal Nagar,BJP,1
Dr. Prashant Yadaorao Padole,INC,Shri Vijay Baghel,BJP,1
Dr. Prashant Yadaorao Padole,INC,Smt. Himadri Singh,BJP,1
Dr. Prashant Yadaorao Padole,INC,Smt. Mahima Kumari Mewar,BJP,1
Dr. Prashant Yadaorao Padole,INC,Smt. Sandhya Ray,BJP,1
Dr. Indra Hang Subba,SKM,Md Abu Taher Khan,AITC,1
Dr. Indra Hang Subba,SKM,Shri Dinesh Chandra Yadav,JD(U),1
Dr. Indra Hang Subba,SKM,Shri Giridhari Yadav,JD(U),1
Dr. Indra Hang Subba,SKM,Shri Kaushalendra Kumar,JD(U),1
Dr. Indra Hang Subba,SKM,Shri Ramprit Mandal,JD(U),1
Md Abu Taher Khan,AITC,Shri Dinesh Chandra Yadav,JD(U),1
Md Abu Taher Khan,AITC,Shri Giridhari Yadav,JD(U),1
Md Abu Taher Khan,AITC,Shri Kaushalendra Kumar,JD(U),1
Md Abu Taher Khan,AITC,Shri Ramprit Mandal,JD(U),1
Prof. Sougata Ray,AITC,Shri Vishweshwar Hegde Kageri,BJP,1
Dr. Byreddy Shabari,TDP,Shri Eswarasamy K,DMK,1
Dr. Byreddy Shabari,TDP,Shri K E Prakash,DMK,1
Shri Eswarasamy K,DMK,Shri G Lakshminarayana,TDP,1
Shri G Lakshminarayana,TDP,Shri K E Prakash,DMK,1
Dr. Kalyan Vaijinathrao Kale,INC,Shri Bhumare Sandipanrao Asaram,SS,1
Dr. Kalyan Vaijinathrao Kale,INC,Shri Gyaneshwar Patil,BJP,1
Dr. Kalyan Vaijinathrao Kale,INC,Smt. Delkar Kalaben Mohanbhai,BJP,1
Shri C N Annadurai,DMK,Shri Haribhai Patel,BJP,1
Shri Haribhai Patel,BJP,Shri Navaskani K,IUML,1
Shri Haribhai Patel,BJP,Shri Selvam G,DMK,1
Dr. Prashant Yadaorao Padole,INC,Shri Ravindra Shukla Alias Ravi Kishan,BJP,1
Dr. Prashant Yadaorao Padole,INC,Shri Satish Kumar Gautam,BJP,1
Dr. Prashant Yadaorao Padole,INC,Shri Sudheer Gupta,BJP,1
Shri Chavan Ravindra Vasantrao,INC,Shri Chhatrapal Singh Gangwar,BJP,1
Shri Chavan Ravindra Vasantrao,INC,Shri Darshan Singh Choudhary,BJP,1
Shri Chhatrapal Singh Gangwar,BJP,Shri Dhairyasheel Sambhajirao Mane,SS,1
Shri Darshan Singh Choudhary,BJP,Shri Dhairyasheel Sambhajirao Mane,SS,1
Dr. Mohammad Jawed,INC,Shri  Selvaganapathi T.M.,DMK,1
Dr. Mohammad Jawed,INC,Shri Adhikari Deepak Dev,AITC,1
Shri  Selvaganapathi T.M.,DMK,Shri Adhikari Deepak Dev,AITC,1
Shri Adhikari Deepak Dev,AITC,Shri S Venkatesan,CPI(M),1
Dr. Ganapathy Rajkumar P,DMK,Shri Sachithanantham R,CPI(M),1
Km. Sudha R,INC,Shri Balashowry Vallabhaneni,JSP,1
Shri Dinesh Chandra Yadav,JD(U),Shri E Tukaram,INC,1
Shri E Tukaram,INC,Shri Giridhari Yadav,JD(U),1
Shri E Tukaram,INC,Shri Rajesh Ranjan,IND.,1
Shri  Selvaganapathi T.M.,DMK,Smt. Rachna Banerjee,AITC,1
Shri Azad Kirti Jha,AITC,Smt. Vijaylakshmi Devi,JD(U),1
Adv. Adoor Prakash,INC,Shri Raja Ram Singh,CPI(ML)(L),1
Shri Bajrang Manohar Sonwane,NCP(SP),Shri Balwant Baswant Wankhade,INC,1
Shri Balwant Baswant Wankhade,INC,Shri Nilesh Dnyandev Lanke,NCP(SP),1
Shri Amra Ram,CPI(M),Shri K Sudhakaran,INC,1
Shri Navaskani K,IUML,Shri Shyamkumar Daulat Barve,INC,1
Shri Navaskani K,IUML,Shri Varun Chaudhry,INC,1
Dr. Anand Kumar,BJP,Dr. Kirsan Namdeo,INC,1
Dr. Anand Kumar,BJP,Shri Ajay Kumar Mandal,JD(U),1
Dr. Kirsan Namdeo,INC,Shri Ajay Kumar Mandal,JD(U),1
Shri  Selvaganapathi T.M.,DMK,Smt. D K Aruna,BJP,1
Shri Bharatsinhji Shankarji Dabhi,BJP,Shri Dileshwar Kamait,JD(U),1
Mr Pathan Yusuf,AITC,Shri Chavan Ravindra Vasantrao,INC,1
Mr Pathan Yusuf,AITC,Shri Dhairyasheel Sambhajirao Mane,SS,1
Mr Pathan Yusuf,AITC,Shri Manish Jaiswal,BJP,1
Mr Pathan Yusuf,AITC,Shri Sudheer Gupta,BJP,1
Shri Chavan Ravindra Vasantrao,INC,Smt. June Maliah,AITC,1
Shri Dhairyasheel Sambhajirao Mane,SS,Smt. June Maliah,AITC,1
Shri Manish Jaiswal,BJP,Smt. June Maliah,AITC,1
Shri Sudheer Gupta,BJP,Smt. June Maliah,AITC,1
Dr. Lata Wankhede,BJP,Smt. Vijaylakshmi Devi,JD(U),1
Shri Konda Vishweshwar Reddy,BJP,Smt. Vijaylakshmi Devi,JD(U),1
Shri Mukesh Rajput,BJP,Smt. Vijaylakshmi Devi,JD(U),1
Shri Chhatrapal Singh Gangwar,BJP,Smt. Sanjna Jatav,INC,1
Shri Babu Singh Kushwaha,SP,Shri Murari Lal Meena,INC,1
Dr. Anand Kumar,BJP,Shri Ram Shiromani Verma,SP,1
Shri Janardan Singh Sigriwal,BJP,Smt. Dhanorkar Pratibha Suresh,INC,1
Dr. Amol Ramsing Kolhe,NCP(SP),Md Abu Taher Khan,AITC,1
Dr. Amol Ramsing Kolhe,NCP(SP),Shri Omprakash Bhupalsinh Alias Pavan Rajenimbalkar,SS,1
Dr. Amol Ramsing Kolhe,NCP(SP),Shri Rakesh Rathor,INC,1
Dr. Amol Ramsing Kolhe,NCP(SP),Shri Sanjay Haribhau Jadhav,SS,1
Dr. Amol Ramsing Kolhe,NCP(SP),Shri Vijay Baghel,BJP,1
Md Abu Taher Khan,AITC,Shri Omprakash Bhupalsinh Alias Pavan Rajenimbalkar,SS,1
Md Abu Taher Khan,AITC,Shri Rakesh Rathor,INC,1
Md Abu Taher Khan,AITC,Shri Sanjay Haribhau Jadhav,SS,1
Md Abu Taher Khan,AITC,Shri Vijay Baghel,BJP,1
Shri Omprakash Bhupalsinh Alias Pavan Rajenimbalkar,SS,Shri Rakesh Rathor,INC,1
Shri Omprakash Bhupalsinh Alias Pavan Rajenimbalkar,SS,Shri Vijay Baghel,BJP,1
Shri Rakesh Rathor,INC,Shri Sanjay Haribhau Jadhav,SS,1
Shri Rakesh Rathor,INC,Shri Vijay Baghel,BJP,1
Shri Arvind Dharmapuri,BJP,Shri Gaurav Gogoi,INC,1
Com. Selvaraj V,CPI,Shri C N Annadurai,DMK,1
Com. Selvaraj V,CPI,Shri Murasoli S,DMK,1
Com. Selvaraj V,CPI,Shri Navaskani K,IUML,1
Com. Selvaraj V,CPI,Shri Pushpendra Saroj,SP,1
Com. Selvaraj V,CPI,Shri Rakesh Rathor,INC,1
Com. Selvaraj V,CPI,Shri Selvam G,DMK,1
Com. Selvaraj V,CPI,Smt. Rachna Banerjee,AITC,1
Shri C N Annadurai,DMK,Shri Pushpendra Saroj,SP,1
Shri C N Annadurai,DMK,Shri Rakesh Rathor,INC,1
Shri C N Annadurai,DMK,Shri Subbarayan K,CPI,1
Shri C N Annadurai,DMK,Smt. Rachna Banerjee,AITC,1
Shri Murasoli S,DMK,Shri Navaskani K,IUML,1
Shri Murasoli S,DMK,Shri Pushpendra Saroj,SP,1
Shri Murasoli S,DMK,Shri Rakesh Rathor,INC,1
Shri Murasoli S,DMK,Shri Subbarayan K,CPI,1
Shri Murasoli S,DMK,Smt. Rachna Banerjee,AITC,1
Shri Navaskani K,IUML,Shri Pushpendra Saroj,SP,1
Shri Navaskani K,IUML,Shri Rakesh Rathor,INC,1
Shri Navaskani K,IUML,Shri Subbarayan K,CPI,1
Shri Navaskani K,IUML,Smt. Rachna Banerjee,AITC,1
Shri Pushpendra Saroj,SP,Shri Selvam G,DMK,1
Shri Pushpendra Saroj,SP,Shri Subbarayan K,CPI,1
Shri Pushpendra Saroj,SP,Smt. Rachna Banerjee,AITC,1
Shri Rakesh Rathor,INC,Shri Selvam G,DMK,1
Shri Rakesh Rathor,INC,Shri Subbarayan K,CPI,1
Shri Rakesh Rathor,INC,Smt. Rachna Banerjee,AITC,1
Shri Selvam G,DMK,Shri Subbarayan K,CPI,1
Shri Selvam G,DMK,Smt. Rachna Banerjee,AITC,1
Shri Subbarayan K,CPI,Smt. Rachna Banerjee,AITC,1
Dr. Mohammad Jawed,INC,Shri Mohibbullah,SP,1
Shri Mohibbullah,SP,Shri S Venkatesan,CPI(M),1
Dr. Rajkumar Sangwan,RLD,Shri Babu Singh Kushwaha,SP,1
Dr. Rajkumar Sangwan,RLD,Shri Pushpendra Saroj,SP,1
Dr. Rajkumar Sangwan,RLD,Shri Rakesh Rathor,INC,1
Ms Iqra Choudhary,SP,Shri Rakesh Rathor,INC,1
Shri Babu Singh Kushwaha,SP,Shri Rakesh Rathor,INC,1
Dr. Thirumaavalavan Tholkappiyan,VCK,Thiru Dr. S Jagathratchakan,DMK,1
Shri P V Midhun Reddy,YSRCP,Shri Rahul Gandhi,INC,1
Adv Dean Kuriakose,INC,Shri N K Premachandran,RSP,1
Shri Anto Antony,INC,Shri N K Premachandran,RSP,1
Shri N K Premachandran,RSP,Shri Shafi Parambil,INC,1
Shri N K Premachandran,RSP,Shri V K Sreekandan,INC,1
Shri Bhumare Sandipanrao Asaram,SS,Shri Sudheer Gupta,BJP,1
Adv Dean Kuriakose,INC,Shri E T Mohammed Basheer,IUML,1
Shri Adhikari Deepak Dev,AITC,Shri Shyamkumar Daulat Barve,INC,1
Dr. Ganapathy Rajkumar P,DMK,Shri Shafi Parambil,INC,1
Shri Shafi Parambil,INC,Thiru Thanga Tamilselvan,DMK,1
Dr. Amol Ramsing Kolhe,NCP(SP),Shri Hanuman Beniwal,RLP,1
Prof. Varsha Eknath Gaikwad,INC,Shri Hanuman Beniwal,RLP,1
Shri Bhaskar Murlidhar Bhagare,NCP(SP),Shri Hanuman Beniwal,RLP,1
Shri Hanuman Beniwal,RLP,Shri Mohite Patil Dhairyasheel Rajsinh,NCP(SP),1
Shri Hanuman Beniwal,RLP,Shri Nilesh Dnyandev Lanke,NCP(SP),1
Shri Hanuman Beniwal,RLP,Shri Sanjay Dina Patil,SS,1
Shri Hanuman Beniwal,RLP,Smt. Supriya Sule,NCP(SP),1
Shri Amrinder Singh Raja Warring,INC,Shri Chandan Chauhan,RLD,1
Shri Amrinder Singh Raja Warring,INC,Shri Chhatrapal Singh Gangwar,BJP,1
Shri Amrinder Singh Raja Warring,INC,Shri Gajendra  Singh Patel,BJP,1
Shri Amrinder Singh Raja Warring,INC,Shri Khagen Murmu,BJP,1
Shri Amrinder Singh Raja Warring,INC,Shri Kripanath Mallah,BJP,1
Shri Amrinder Singh Raja Warring,INC,Shri Narayan Tatu Rane,BJP,1
Shri Amrinder Singh Raja Warring,INC,Shri P P Chaudhary,BJP,1
Shri Amrinder Singh Raja Warring,INC,Shri Parbhubhai Nagarbhai Vasava,BJP,1
Shri Amrinder Singh Raja Warring,INC,Shri Shankar Lalwani,BJP,1
Shri Amrinder Singh Raja Warring,INC,Shri Trivendra Singh Rawat,BJP,1
Shri Amrinder Singh Raja Warring,INC,Shri Vijay Kumar Dubey,BJP,1
Shri Amrinder Singh Raja Warring,INC,Smt. Mala Rajya Laxmi Shah,BJP,1
Shri Anurag Sharma,BJP,Shri Imran Masood,INC,1
Shri Chandan Chauhan,RLD,Shri Imran Masood,INC,1
Shri Chandan Chauhan,RLD,Shri Sukhjinder Singh Randhawa,INC,1
Shri Chhatrapal Singh Gangwar,BJP,Shri Imran Masood,INC,1
Shri Gajendra  Singh Patel,BJP,Shri Imran Masood,INC,1
Shri Gajendra  Singh Patel,BJP,Shri Sukhjinder Singh Randhawa,INC,1
Shri Imran Masood,INC,Shri Khagen Murmu,BJP,1
Shri Imran Masood,INC,Shri Kripanath Mallah,BJP,1
Shri Imran Masood,INC,Shri Narayan Tatu Rane,BJP,1
Shri Imran Masood,INC,Shri P P Chaudhary,BJP,1
Shri Imran Masood,INC,Shri Parbhubhai Nagarbhai Vasava,BJP,1
Shri Imran Masood,INC,Shri Shankar Lalwani,BJP,1
Shri Imran Masood,INC,Shri Trivendra Singh Rawat,BJP,1
Shri Imran Masood,INC,Shri Vijay Kumar Dubey,BJP,1
Shri Imran Masood,INC,Smt. Mala Rajya Laxmi Shah,BJP,1
Shri Kripanath Mallah,BJP,Shri Sukhjinder Singh Randhawa,INC,1
Shri Azad Kirti Jha,AITC,Shri Jugal Kishore,BJP,1
Shri Azad Kirti Jha,AITC,Shri Satpal Brahamchari,INC,1
Shri Amarsing Tisso,BJP,Shri Shrirang Appa Chandu Barne,SS,1
Shri E Tukaram,INC,Shri Konda Vishweshwar Reddy,BJP,1
Shri Anand Bhadauria,SP,Shri T R Baalu,DMK,1
Shri Anto Antony,INC,Shri Baijayant Panda,BJP,1
Dr. Hemant Vishnu Savara,BJP,Shri Malaiyarasan D,DMK,1
Shri Alok Sharma,BJP,Shri Malaiyarasan D,DMK,1
Shri Alok Sharma,BJP,Shri Navaskani K,IUML,1
Shri Anurag Sharma,BJP,Shri Navaskani K,IUML,1
Shri Anurag Sharma,BJP,Shri Vishaldada Prakashbapu Patil,IND.,1
Shri Balabhadra Majhi,BJP,Shri Malaiyarasan D,DMK,1
Shri Balabhadra Majhi,BJP,Shri Navaskani K,IUML,1
Shri Balabhadra Majhi,BJP,Shri Vishaldada Prakashbapu Patil,IND.,1
Shri Bibhu Prasad Tarai,BJP,Shri Malaiyarasan D,DMK,1
Shri Bibhu Prasad Tarai,BJP,Shri Navaskani K,IUML,1
Shri Bibhu Prasad Tarai,BJP,Shri Vishaldada Prakashbapu Patil,IND.,1
Shri Captain Brijesh Chowta,BJP,Shri Malaiyarasan D,DMK,1
Shri Captain Brijesh Chowta,BJP,Shri Navaskani K,IUML,1
Shri Captain Brijesh Chowta,BJP,Shri Vishaldada Prakashbapu Patil,IND.,1
Shri Chandan Chauhan,RLD,Shri Govind Makthappa Karjol,BJP,1
Shri Chandan Chauhan,RLD,Shri Malaiyarasan D,DMK,1
Shri Chandan Chauhan,RLD,Shri Navaskani K,IUML,1
Shri Chandan Chauhan,RLD,Shri Vishaldada Prakashbapu Patil,IND.,1
Shri Chhatrapal Singh Gangwar,BJP,Shri Malaiyarasan D,DMK,1
Shri Chhatrapal Singh Gangwar,BJP,Shri Navaskani K,IUML,1
Shri Dilip Saikia,BJP,Shri Malaiyarasan D,DMK,1
Shri Dilip Saikia,BJP,Shri Vishaldada Prakashbapu Patil,IND.,1
Shri Dineshbhai Makwana,BJP,Shri Malaiyarasan D,DMK,1
Shri Dineshbhai Makwana,BJP,Shri Vishaldada Prakashbapu Patil,IND.,1
Shri Dulu Mahato,BJP,Shri Malaiyarasan D,DMK,1
Shri Dulu Mahato,BJP,Shri Navaskani K,IUML,1
Shri Dulu Mahato,BJP,Shri Vishaldada Prakashbapu Patil,IND.,1
Shri Gajendra  Singh Patel,BJP,Shri Malaiyarasan D,DMK,1
Shri Gajendra  Singh Patel,BJP,Shri Navaskani K,IUML,1
Shri Gajendra  Singh Patel,BJP,Shri Vishaldada Prakashbapu Patil,IND.,1
Shri Godam Nagesh,BJP,Shri Malaiyarasan D,DMK,1
Shri Godam Nagesh,BJP,Shri Vishaldada Prakashbapu Patil,IND.,1
Shri Govind Makthappa Karjol,BJP,Shri Malaiyarasan D,DMK,1
Shri Govind Makthappa Karjol,BJP,Shri Navaskani K,IUML,1
Shri Govind Makthappa Karjol,BJP,Shri Vishaldada Prakashbapu Patil,IND.,1
Shri Kanwar Singh Tanwar,BJP,Shri Malaiyarasan D,DMK,1
Shri Kanwar Singh Tanwar,BJP,Shri Navaskani K,IUML,1
Shri Kanwar Singh Tanwar,BJP,Shri Vishaldada Prakashbapu Patil,IND.,1
Shri Kripanath Mallah,BJP,Shri Malaiyarasan D,DMK,1
Shri Kripanath Mallah,BJP,Shri Navaskani K,IUML,1
Shri Kripanath Mallah,BJP,Shri Vishaldada Prakashbapu Patil,IND.,1
Shri Lumbaram Choudhary,BJP,Shri Malaiyarasan D,DMK,1
Shri Madhavaneni Raghunandan Rao,BJP,Shri Malaiyarasan D,DMK,1
Shri Madhavaneni Raghunandan Rao,BJP,Shri Navaskani K,IUML,1
Shri Madhavaneni Raghunandan Rao,BJP,Shri Vishaldada Prakashbapu Patil,IND.,1
Shri Malaiyarasan D,DMK,Shri Naba Charan Majhi,BJP,1
Shri Malaiyarasan D,DMK,Shri Narayan Tatu Rane,BJP,1
Shri Malaiyarasan D,DMK,Shri Pradeep Kumar Singh,BJP,1
Shri Malaiyarasan D,DMK,Shri Praveen Patel,BJP,1
Shri Malaiyarasan D,DMK,Shri Ravindra Shukla Alias Ravi Kishan,BJP,1
Shri Malaiyarasan D,DMK,Shri Suresh Kumar Kashyap,BJP,1
Shri Malaiyarasan D,DMK,Shri Vijay Kumar Dubey,BJP,1
Shri Malaiyarasan D,DMK,Shri Vishaldada Prakashbapu Patil,IND.,1
Shri Malaiyarasan D,DMK,Shri Vishnu Dayal Ram,BJP,1
Shri Malaiyarasan D,DMK,Shri Vishweshwar Hegde Kageri,BJP,1
Shri Malaiyarasan D,DMK,Smt. Himadri Singh,BJP,1
Shri Malaiyarasan D,DMK,Smt. Poonamben Hematbhai Maadam,BJP,1
Shri Narayan Tatu Rane,BJP,Shri Navaskani K,IUML,1
Shri Narayan Tatu Rane,BJP,Shri Vishaldada Prakashbapu Patil,IND.,1
Shri Navaskani K,IUML,Shri Pradeep Kumar Singh,BJP,1
Shri Navaskani K,IUML,Shri Ravindra Shukla Alias Ravi Kishan,BJP,1
Shri Navaskani K,IUML,Shri Suresh Kumar Kashyap,BJP,1
Shri Navaskani K,IUML,Smt. Himadri Singh,BJP,1
Shri Navaskani K,IUML,Smt. Poonamben Hematbhai Maadam,BJP,1
Shri Pradeep Kumar Singh,BJP,Shri Vishaldada Prakashbapu Patil,IND.,1
Shri Praveen Patel,BJP,Shri Vishaldada Prakashbapu Patil,IND.,1
Shri Ravindra Shukla Alias Ravi Kishan,BJP,Shri Vishaldada Prakashbapu Patil,IND.,1
Shri Suresh Kumar Kashyap,BJP,Shri Vishaldada Prakashbapu Patil,IND.,1
Shri Vishaldada Prakashbapu Patil,IND.,Shri Vishnu Dayal Ram,BJP,1
Shri Vishaldada Prakashbapu Patil,IND.,Shri Vishweshwar Hegde Kageri,BJP,1
Shri Vishaldada Prakashbapu Patil,IND.,Smt. Himadri Singh,BJP,1
Ms Kangna Ranaut,BJP,Shri Sudama Prasad,CPI(ML)(L),1
Prof. Angomcha Bimol Akoijam,INC,Shri Manoj Tiwari,BJP,1
Shri Appalanaidu Kalisetti,TDP,Shri Tejasvi Surya,BJP,1
Shri Anil Firojiya,BJP,Shri Shrirang Appa Chandu Barne,SS,1
Shri Shrirang Appa Chandu Barne,SS,Smt. Kriti Devi Debbarman,BJP,1
Md. Rakibul Hussain,INC,Shri Bidyut Baran Mahato,BJP,1
Shri Dharmendra Yadav,SP,Shri Rajesh Naranbhai Chudasama,BJP,1
Shri Damodar Agrawal,BJP,Shri Harish Chandra Meena,INC,1
Shri Damodar Agrawal,BJP,Shri Kuldeep Indora,INC,1
Com. Selvaraj V,CPI,Shri P V Midhun Reddy,YSRCP,1
Shri P V Midhun Reddy,YSRCP,Shri Subbarayan K,CPI,1
Shri Prabhakar Reddy Vemireddy,TDP,Shri Rajesh Naranbhai Chudasama,BJP,1
Dr. Ganapathy Rajkumar P,DMK,Shri Arvind Ganpat Sawant,SHS(UBT),1
Dr. Ganapathy Rajkumar P,DMK,Shri Omprakash Bhupalsinh Alias Pavan Rajenimbalkar,SS,1
Dr. Ganapathy Rajkumar P,DMK,Shri Sanjay Haribhau Jadhav,SS,1
Shri Ramasahayam Raghuram Reddy,INC,Shri Y S Avinash Reddy,YSRCP,1
Shri Murari Lal Meena,INC,Thiru Dr. S Jagathratchakan,DMK,1
Dr. Hemant Vishnu Savara,BJP,Shri Malvinder Singh Kang,AAP,1
Dr. K Sudhakar,BJP,Shri Malvinder Singh Kang,AAP,1
Shri Captain Brijesh Chowta,BJP,Shri Malvinder Singh Kang,AAP,1
Shri Malvinder Singh Kang,AAP,Smt. Mala Rajya Laxmi Shah,BJP,1
Shri Kalipada Saren Kherwal,AITC,Shri Magunta Sreenivasulu Reddy,TDP,1
Shri Kalipada Saren Kherwal,AITC,Shri Putta Mahesh Kumar,TDP,1
Dr. T Sumathy Alias Thamizhachi Thangapandian,DMK,Shri Rajesh Naranbhai Chudasama,BJP,1
Dr. Manna Lal Rawat,BJP,Shri Bajrang Manohar Sonwane,NCP(SP),1
Shri Bajrang Manohar Sonwane,NCP(SP),Shri Gajendra  Singh Patel,BJP,1
Dr. Thirumaavalavan Tholkappiyan,VCK,Shri Chhatrapal Singh Gangwar,BJP,1
Dr. Thirumaavalavan Tholkappiyan,VCK,Shri Jaswantsinh Sumanbhai Bhabhor,BJP,1
Dr. Thirumaavalavan Tholkappiyan,VCK,Shri Vishaldada Prakashbapu Patil,IND.,1
Dr. Thirumaavalavan Tholkappiyan,VCK,Smt. Mala Rajya Laxmi Shah,BJP,1
Shri Jaswantsinh Sumanbhai Bhabhor,BJP,Shri Vishaldada Prakashbapu Patil,IND.,1
Shri Vishaldada Prakashbapu Patil,IND.,Smt. Mala Rajya Laxmi Shah,BJP,1
Dr. D. Purandeswari,BJP,Shri Sachithanantham R,CPI(M),1
Shri Sachithanantham R,CPI(M),Smt. Mahima Kumari Mewar,BJP,1
Shri Arun Govil,BJP,Shri Bajrang Manohar Sonwane,NCP(SP),1
Shri Ajay Bhatt,BJP,Shri Robert Bruce C,INC,1
Shri Anup Sanjay Dhotre,BJP,Shri Bhumare Sandipanrao Asaram,SS,1
Shri Baijayant Panda,BJP,Shri Devesh Shakya,SP,1
Shri Appalanaidu Kalisetti,TDP,Shri Benny Behanan,INC,1
Shri Dileshwar Kamait,JD(U),Smt. Anita Subhadarshini,BJP,1
Adv. Chandra Shekhar,ASP (KR),Shri Godam Nagesh,BJP,1
Shri Balya Mama Suresh Gopinath Mhatre,NCP(SP),Shri Damodar Agrawal,BJP,1
Dr. Shivaji Bandappa Kalge,INC,Smt. Mala Roy,AITC,1
Shri Bhumare Sandipanrao Asaram,SS,Smt. Mala Roy,AITC,1
Shri Gyaneshwar Patil,BJP,Smt. Mala Roy,AITC,1
Smt. Delkar Kalaben Mohanbhai,BJP,Smt. Mala Roy,AITC,1
Ms. S Jothimani,INC,Shri Jagannath Sarkar,BJP,1
Ms. S Jothimani,INC,Smt. Roopkumari Choudhary,BJP,1
Dr. Kirsan Namdeo,INC,Shri Rajesh Ranjan,IND.,1
Dr. Sambit Patra,BJP,Shri Gaurav Gogoi,INC,1
Shri Zia Ur Rehman,SP,Smt. Sanjna Jatav,INC,1
Dr. Byreddy Shabari,TDP,Shri Santosh Pandey,BJP,1
Shri Santosh Pandey,BJP,Shri Tangella Uday Srinivas,JSP,1
Dr. Bhola Singh,BJP,Shri B K Parthasarathi,TDP,1
Dr. K Sudhakar,BJP,Shri B K Parthasarathi,TDP,1
Dr. Nishikant Dubey,BJP,Shri B K Parthasarathi,TDP,1
Dr. Rajesh Mishra,BJP,Shri B K Parthasarathi,TDP,1
Shri B K Parthasarathi,TDP,Shri Captain Brijesh Chowta,BJP,1
Shri B K Parthasarathi,TDP,Shri Jagdambika Pal,BJP,1
Shri B K Parthasarathi,TDP,Shri Janardan Mishra,BJP,1
Shri B K Parthasarathi,TDP,Shri Naba Charan Majhi,BJP,1
Shri B K Parthasarathi,TDP,Shri P C Mohan,BJP,1
Shri B K Parthasarathi,TDP,Shri Suresh Kumar Kashyap,BJP,1
Shri B K Parthasarathi,TDP,Smt. Mahima Kumari Mewar,BJP,1
Shri B K Parthasarathi,TDP,Smt. Roopkumari Choudhary,BJP,1
Shri B K Parthasarathi,TDP,Smt. Smita Uday Wagh,BJP,1
Shri Narayan Tatu Rane,BJP,Shri Ramasahayam Raghuram Reddy,INC,1
Shri Hanuman Beniwal,RLP,Shri Rajeev Rai,SP,1
Dr. Nishikant Dubey,BJP,Shri Shrirang Appa Chandu Barne,SS,1
Shri Radheshyam Rathiya,BJP,Shri Shrirang Appa Chandu Barne,SS,1
Shri Shrirang Appa Chandu Barne,SS,Smt. Himadri Singh,BJP,1
Dr. Amol Ramsing Kolhe,NCP(SP),Shri Rudra Narayan Pany,BJP,1
Dr. Amol Ramsing Kolhe,NCP(SP),Smt. Shobhanaben Mahendrasinh Baraiya,BJP,1
Prof. Varsha Eknath Gaikwad,INC,Shri Rudra Narayan Pany,BJP,1
Prof. Varsha Eknath Gaikwad,INC,Smt. Shobhanaben Mahendrasinh Baraiya,BJP,1
Shri Bajrang Manohar Sonwane,NCP(SP),Shri Rudra Narayan Pany,BJP,1
Shri Bhaskar Murlidhar Bhagare,NCP(SP),Shri Rudra Narayan Pany,BJP,1
Shri Bhaskar Murlidhar Bhagare,NCP(SP),Smt. Shobhanaben Mahendrasinh Baraiya,BJP,1
Shri Mohite Patil Dhairyasheel Rajsinh,NCP(SP),Shri Rudra Narayan Pany,BJP,1
Shri Mohite Patil Dhairyasheel Rajsinh,NCP(SP),Smt. Shobhanaben Mahendrasinh Baraiya,BJP,1
Shri Nilesh Dnyandev Lanke,NCP(SP),Shri Rudra Narayan Pany,BJP,1
Shri Nilesh Dnyandev Lanke,NCP(SP),Smt. Shobhanaben Mahendrasinh Baraiya,BJP,1
Shri Rudra Narayan Pany,BJP,Shri Sanjay Dina Patil,SS,1
Shri Rudra Narayan Pany,BJP,Smt. Supriya Sule,NCP(SP),1
Shri Sanjay Dina Patil,SS,Smt. Shobhanaben Mahendrasinh Baraiya,BJP,1
Smt. Shobhanaben Mahendrasinh Baraiya,BJP,Smt. Supriya Sule,NCP(SP),1
Shri Shrirang Appa Chandu Barne,SS,Smt. Mala Rajya Laxmi Shah,BJP,1
Dr. K Sudhakar,BJP,Shri Daggumalla Prasada Rao,TDP,1
Dr. Manna Lal Rawat,BJP,Shri Daggumalla Prasada Rao,TDP,1
Dr. Rajesh Mishra,BJP,Shri Daggumalla Prasada Rao,TDP,1
Ms Kangna Ranaut,BJP,Shri Daggumalla Prasada Rao,TDP,1
Shri Arun Govil,BJP,Shri Daggumalla Prasada Rao,TDP,1
Shri Captain Brijesh Chowta,BJP,Shri Daggumalla Prasada Rao,TDP,1
Shri Daggumalla Prasada Rao,TDP,Shri Damodar Agrawal,BJP,1
Shri Daggumalla Prasada Rao,TDP,Shri Janardan Mishra,BJP,1
Shri Daggumalla Prasada Rao,TDP,Shri Madhavaneni Raghunandan Rao,BJP,1
Shri Daggumalla Prasada Rao,TDP,Shri Praveen Patel,BJP,1
Shri Daggumalla Prasada Rao,TDP,Smt. Mala Rajya Laxmi Shah,BJP,1
Shri Bidyut Baran Mahato,BJP,Shri K C Venugopal,INC,1
Shri Bidyut Baran Mahato,BJP,Shri Y S Avinash Reddy,YSRCP,1
Shri K C Venugopal,INC,Shri Malaiyarasan D,DMK,1
Shri K C Venugopal,INC,Shri Y S Avinash Reddy,YSRCP,1
Shri Ashok Kumar Rawat,BJP,Shri Pradyut Bordoloi,Unknown,1
Shri  Selvaganapathi T.M.,DMK,Shri Ujjwal Raman Singh,INC,1
Dr. Kirsan Namdeo,INC,Shri Bidyut Baran Mahato,BJP,1
Shri Bidyut Baran Mahato,BJP,Shri Brijendra Singh Ola,INC,1
Shri Brijendra Singh Ola,INC,Shri Ramvir Singh Bidhuri,BJP,1
Shri Amra Ram,CPI(M),Shri Gyaneshwar Patil,BJP,1
Dr. Thirumaavalavan Tholkappiyan,VCK,Shri  Chhotelal,SP,1
Dr. Shrikant Eknath Shinde,SS,Shri Anil Yeshwant Desai,SHS(UBT),1
Shri Anil Yeshwant Desai,SHS(UBT),Shri Naresh Ganpat Mhaske,SS,1
Shri Anil Yeshwant Desai,SHS(UBT),Shri Rajesh Verma,LJSP(RV),1
Shri Anil Yeshwant Desai,SHS(UBT),Shri Ravindra Dattaram Waikar,SS,1
Shri Anil Yeshwant Desai,SHS(UBT),Smt. Shambhavi,LJSP(RV),1
Shri Adhikari Deepak Dev,AITC,Shri Ujjwal Raman Singh,INC,1
Shri Ujjwal Raman Singh,INC,Smt. Mala Roy,AITC,1
Dr. Prabha Mallikarjun,INC,Shri Anand Bhadauria,SP,1
Adv Gowaal Kagada Padavi,INC,Shri Shashank Mani,BJP,1
Dr. Gumma Thanuja Rani,YSRCP,Shri C N Annadurai,DMK,1
Dr. Amar Singh,INC,Shri Darshan Singh Choudhary,BJP,1
Shri Gurmeet Singh Meet Hayer,AAP,Shri Kamakhya Prasad Tasa,BJP,1
Shri Gurmeet Singh Meet Hayer,AAP,Shri Putta Mahesh Kumar,TDP,1
Shri Kamakhya Prasad Tasa,BJP,Shri Putta Mahesh Kumar,TDP,1
Shri Dileshwar Kamait,JD(U),Shri Mukesh Rajput,BJP,1
Shri Ajay Bhatt,BJP,Shri Rajmohan Unnithan,INC,1
Dr. M P Abdussamad Samadani,IUML,Dr. Vinod Kumar Bind,BJP,1
Dr. M P Abdussamad Samadani,IUML,Shri Jashubhai Bhilubhai Rathva,BJP,1
Dr. M P Abdussamad Samadani,IUML,Shri Pratap Chandra Sarangi,BJP,1
Dr. M P Abdussamad Samadani,IUML,Shri Rajesh Naranbhai Chudasama,BJP,1
Shri Kalipada Saren Kherwal,AITC,Shri Utkarsh Verma Madhur,SP,1
Shri Bajrang Manohar Sonwane,NCP(SP),Shri P V Midhun Reddy,YSRCP,1
Shri Basavaraj Bommai,BJP,Shri Kuldeep Indora,INC,1
Ms Sayani Ghosh,AITC,Shri Manickam Tagore B,INC,1
Ms Sayani Ghosh,AITC,Shri Vijayakumar Alias Vijay Vasanth,INC,1
Dr. Bhola Singh,BJP,Shri Bajrang Manohar Sonwane,NCP(SP),1
Ms Kangna Ranaut,BJP,Shri Bajrang Manohar Sonwane,NCP(SP),1
Shri Bajrang Manohar Sonwane,NCP(SP),Shri Bhojraj Nag,BJP,1
Shri Bajrang Manohar Sonwane,NCP(SP),Shri Chandan Chauhan,RLD,1
Shri Bajrang Manohar Sonwane,NCP(SP),Shri Chavda Vinod Lakhamshi,BJP,1
Shri Bajrang Manohar Sonwane,NCP(SP),Shri Chintamani Maharaj,BJP,1
Shri Bajrang Manohar Sonwane,NCP(SP),Shri Dineshbhai Makwana,BJP,1
Shri Bajrang Manohar Sonwane,NCP(SP),Shri Jaswantsinh Sumanbhai Bhabhor,BJP,1
Shri Bajrang Manohar Sonwane,NCP(SP),Shri Madhavaneni Raghunandan Rao,BJP,1
Shri Bajrang Manohar Sonwane,NCP(SP),Shri Manoj Tiwari,BJP,1
Shri Bajrang Manohar Sonwane,NCP(SP),Shri Naba Charan Majhi,BJP,1
Shri Bajrang Manohar Sonwane,NCP(SP),Shri Praveen Patel,BJP,1
Shri Bajrang Manohar Sonwane,NCP(SP),Shri Ravindra Shukla Alias Ravi Kishan,BJP,1
Shri Bajrang Manohar Sonwane,NCP(SP),Shri Yogender Chandolia,BJP,1
Shri Bajrang Manohar Sonwane,NCP(SP),Smt. Mahima Kumari Mewar,BJP,1
Shri Bajrang Manohar Sonwane,NCP(SP),Smt. Roopkumari Choudhary,BJP,1
Shri Bajrang Manohar Sonwane,NCP(SP),Smt. Sandhya Ray,BJP,1
Shri Chandan Chauhan,RLD,Shri Shrirang Appa Chandu Barne,SS,1
Shri Chandan Chauhan,RLD,Smt. Bharti Pardhi,BJP,1
Shri Chandan Chauhan,RLD,Smt. Sandhya Ray,BJP,1
Shri Shrirang Appa Chandu Barne,SS,Smt. Sandhya Ray,BJP,1
Shri Chamala Kiran Kumar Reddy,INC,Shri Putta Mahesh Kumar,TDP,1
Shri Putta Mahesh Kumar,TDP,Smt. D K Aruna,BJP,1
Dr. Dharamvira Gandhi,INC,Shri Gurmeet Singh Meet Hayer,AAP,1
Dr. Dharamvira Gandhi,INC,Shri Naveen Jindal,BJP,1
Dr. Kirsan Namdeo,INC,Shri Naveen Jindal,BJP,1
Shri Anto Antony,INC,Shri Gurmeet Singh Meet Hayer,AAP,1
Shri Anto Antony,INC,Shri Naveen Jindal,BJP,1
Shri Benny Behanan,INC,Shri Gurmeet Singh Meet Hayer,AAP,1
Shri Benny Behanan,INC,Shri Naveen Jindal,BJP,1
Shri Gurmeet Singh Meet Hayer,AAP,Shri Naveen Jindal,BJP,1
Dr. Nishikant Dubey,BJP,Shri Ujjwal Raman Singh,INC,1
Shri  Selvaganapathi T.M.,DMK,Smt. Harsimrat Kaur Badal,SAD,1
Shri Captain Brijesh Chowta,BJP,Shri Shrirang Appa Chandu Barne,SS,1
Shri Rajkumar Chahar,BJP,Shri Shrirang Appa Chandu Barne,SS,1
Shri Shankar Lalwani,BJP,Shri Shrirang Appa Chandu Barne,SS,1
Shri Kodikunnil Suresh,INC,Shri Yaduveer Wadiyar,BJP,1
Dr. Anand Kumar,BJP,Shri Devesh Shakya,SP,1
Dr. Anand Kumar,BJP,Shri Putta Mahesh Kumar,TDP,1
Shri Devesh Shakya,SP,Shri Putta Mahesh Kumar,TDP,1
Shri Devesh Shakya,SP,Shri Santosh Pandey,BJP,1
Shri Nalin Soren,JMM,Smt. Manju Sharma,BJP,1
Adv Dean Kuriakose,INC,Shri Asaduddin Owaisi,AIMIM,1
Adv. Adoor Prakash,INC,Shri Asaduddin Owaisi,AIMIM,1
Shri Asaduddin Owaisi,AIMIM,Shri K C Venugopal,INC,1
Shri Asaduddin Owaisi,AIMIM,Shri Manickam Tagore B,INC,1
Shri Asaduddin Owaisi,AIMIM,Shri Vijayakumar Alias Vijay Vasanth,INC,1
Dr. Nishikant Dubey,BJP,Ms. Mahua Moitra,AITC,1
Dr. Nishikant Dubey,BJP,Shri Mani A,DMK,1
Ms. Mahua Moitra,AITC,Shri Mani A,DMK,1
Ms. Mahua Moitra,AITC,Smt. Vijaylakshmi Devi,JD(U),1
Shri Mani A,DMK,Smt. Vijaylakshmi Devi,JD(U),1
Shri Anurag Singh Thakur,BJP,Shri Suresh Kumar Shetkar,INC,1
Shri Basavaraj Bommai,BJP,Shri Suresh Kumar Shetkar,INC,1
Shri Chhatrapal Singh Gangwar,BJP,Shri Suresh Kumar Shetkar,INC,1
Shri Khagen Murmu,BJP,Shri Suresh Kumar Shetkar,INC,1
Shri Kota Srinivasa Poojary,BJP,Shri Suresh Kumar Shetkar,INC,1
Shri P C Mohan,BJP,Shri Suresh Kumar Shetkar,INC,1
Shri Suresh Kumar Shetkar,INC,Shri Trivendra Singh Rawat,BJP,1
Shri Suresh Kumar Shetkar,INC,Shri Vishweshwar Hegde Kageri,BJP,1
Shri Suresh Kumar Shetkar,INC,Smt. Smita Uday Wagh,BJP,1
Shri Dulu Mahato,BJP,Shri Shrirang Appa Chandu Barne,SS,1
Dr. Rajeev Bharadwaj,BJP,Ms Sayani Ghosh,AITC,1
Dr. Rajeev Bharadwaj,BJP,Shri Shafi Parambil,INC,1
Ms Sayani Ghosh,AITC,Shri Shafi Parambil,INC,1
Shri Rahul Gandhi,INC,Shri Raja Ram Singh,CPI(ML)(L),1
Shri Rahul Gandhi,INC,Smt. Kanimozhi Karunanidhi,DMK,1
Shri Raja Ram Singh,CPI(ML)(L),Smt. Kanimozhi Karunanidhi,DMK,1
Shri Dhaval Laxmanbhai Patel,BJP,Smt. Geniben Nagaji Thakor,INC,1
Adv. Adoor Prakash,INC,Shri Parshottambhai Rupala,BJP,1
Shri Parshottambhai Rupala,BJP,Smt. Jyotsna Charandas Mahant,INC,1
Dr. Shivaji Bandappa Kalge,INC,Shri Amar Sharadrao Kale,NCP(SP),1
Dr. Shivaji Bandappa Kalge,INC,Shri Bajrang Manohar Sonwane,NCP(SP),1
Shri Bajrang Manohar Sonwane,NCP(SP),Shri Bhumare Sandipanrao Asaram,SS,1
Shri Bajrang Manohar Sonwane,NCP(SP),Shri Gyaneshwar Patil,BJP,1
Shri Jashubhai Bhilubhai Rathva,BJP,Shri Shrirang Appa Chandu Barne,SS,1
Shri Shrirang Appa Chandu Barne,SS,Shri Vijay Kumar Dubey,BJP,1
Dr. Byreddy Shabari,TDP,Smt. D K Aruna,BJP,1
Shri G Lakshminarayana,TDP,Smt. D K Aruna,BJP,1
Dr. Rajeev Bharadwaj,BJP,Shri K Sudhakaran,INC,1
Shri Adhikari Deepak Dev,AITC,Shri Rajmohan Unnithan,INC,1
Adv. Adoor Prakash,INC,Shri Rajesh Naranbhai Chudasama,BJP,1
Shri Benny Behanan,INC,Shri Rajesh Naranbhai Chudasama,BJP,1
Shri Rajesh Naranbhai Chudasama,BJP,Shri Saptagiri Sankar Ulaka,INC,1
Dr. D. Purandeswari,BJP,Shri Daggumalla Prasada Rao,TDP,1
Dr. Kirsan Namdeo,INC,Shri B Y Raghavendra,BJP,1
Dr. Ganapathy Rajkumar P,DMK,Prof. Sougata Ray,AITC,1
Dr. Kalanidhi Veeraswamy,DMK,Smt. Bijuli Kalita Medhi,BJP,1
Dr. Gumma Thanuja Rani,YSRCP,Shri Abhishek Banerjee,AITC,1
Shri Balya Mama Suresh Gopinath Mhatre,NCP(SP),Shri R K Chaudhary,SP,1
Dr. Anand Kumar,BJP,Shri Kaushalendra Kumar,JD(U),1
Shri Asaduddin Owaisi,AIMIM,Shri Giridhari Yadav,JD(U),1
Dr. Kalanidhi Veeraswamy,DMK,Shri Eatala Rajender,BJP,1
Shri Bhumare Sandipanrao Asaram,SS,Shri Rajiv Pratap Rudy,BJP,1
Shri Bhumare Sandipanrao Asaram,SS,Shri Saumitra Khan,BJP,1
Shri Kalipada Saren Kherwal,AITC,Shri Muhammed Hamdullah Sayeed,INC,1
Shri Arun Govil,BJP,Shri Balram Naik Porika,INC,1
Shri Balram Naik Porika,INC,Shri Damodar Agrawal,BJP,1
Shri Balram Naik Porika,INC,Shri Godam Nagesh,BJP,1
Shri Balram Naik Porika,INC,Shri Pradeep Purohit,BJP,1
Shri Balram Naik Porika,INC,Shri Radheshyam Rathiya,BJP,1
Dr. Jayanta Kumar Roy,BJP,Shri E T Mohammed Basheer,IUML,1
Shri Eswarasamy K,DMK,Shri Sher Singh Ghubaya,INC,1
Shri Arvind Ganpat Sawant,SHS(UBT),Shri Narayan Tatu Rane,BJP,1
Shri Balwant Baswant Wankhade,INC,Shri Narayan Tatu Rane,BJP,1
Dr. Kalanidhi Veeraswamy,DMK,Shri Y S Avinash Reddy,YSRCP,1
Shri Abhishek Banerjee,AITC,Shri Rao Rajendra Singh,BJP,1
Dr. Kalanidhi Veeraswamy,DMK,Shri Balya Mama Suresh Gopinath Mhatre,NCP(SP),1
Dr. Kalanidhi Veeraswamy,DMK,Shri Dinesh Chandra Yadav,JD(U),1
Dr. Kirsan Namdeo,INC,Shri Balya Mama Suresh Gopinath Mhatre,NCP(SP),1
Dr. Kirsan Namdeo,INC,Shri Dinesh Chandra Yadav,JD(U),1
Shri Balya Mama Suresh Gopinath Mhatre,NCP(SP),Shri Dinesh Chandra Yadav,JD(U),1
Adv K. Francis George,KEC,Shri Dinesh Chandra Yadav,JD(U),1
Adv K. Francis George,KEC,Shri G Kumar Naik,INC,1
Adv K. Francis George,KEC,Shri Kaushalendra Kumar,JD(U),1
Adv K. Francis George,KEC,Shri Ramprit Mandal,JD(U),1
Shri Dinesh Chandra Yadav,JD(U),Shri G Kumar Naik,INC,1
Shri G Kumar Naik,INC,Shri Kaushalendra Kumar,JD(U),1
Shri G Kumar Naik,INC,Shri Ramprit Mandal,JD(U),1
Shri Deepender Singh Hooda,INC,Shri Omprakash Bhupalsinh Alias Pavan Rajenimbalkar,SS,1
Shri Deepender Singh Hooda,INC,Shri Sanjay Uttamrao Deshmukh,SS,1
Shri Kuldeep Indora,INC,Shri Sudama Prasad,CPI(ML)(L),1
Shri Saptagiri Sankar Ulaka,INC,Shri Sudama Prasad,CPI(ML)(L),1
Shri Kalipada Saren Kherwal,AITC,Shri Sanjay Haribhau Jadhav,SS,1
Shri Eswarasamy K,DMK,Shri Vishnu Dayal Ram,BJP,1
Shri Jagannath Sarkar,BJP,Shri Kalipada Saren Kherwal,AITC,1
Shri Jagannath Sarkar,BJP,Shri Sanjay Uttamrao Deshmukh,SS,1
Shri Kalipada Saren Kherwal,AITC,Shri Sanjay Uttamrao Deshmukh,SS,1
Shri Brijendra Singh Ola,INC,Smt. Mahima Kumari Mewar,BJP,1
Shri Brijendra Singh Ola,INC,Smt. Manju Sharma,BJP,1
Dr. Jayanta Kumar Roy,BJP,Shri Malaiyarasan D,DMK,1
Shri Eatala Rajender,BJP,Shri Raja Ram Singh,CPI(ML)(L),1
Dr. D Ravi Kumar,VCK,Shri Anup Sanjay Dhotre,BJP,1
Dr. D Ravi Kumar,VCK,Shri Rajeev Rai,SP,1
Shri Balya Mama Suresh Gopinath Mhatre,NCP(SP),Smt. Lovely Anand,JD(U),1
Shri Arun Bharti,LJSP(RV),Shri C N Annadurai,DMK,1
Shri Arun Bharti,LJSP(RV),Shri Navaskani K,IUML,1
Shri C N Annadurai,DMK,Shri Vishaldada Prakashbapu Patil,IND.,1
Shri Amra Ram,CPI(M),Shri Hanuman Beniwal,RLP,1
Shri Amra Ram,CPI(M),Shri Neeraj Maurya,SP,1
Shri Amra Ram,CPI(M),Smt. Dhanorkar Pratibha Suresh,INC,1
Shri Hanuman Beniwal,RLP,Shri Neeraj Maurya,SP,1
Shri Hanuman Beniwal,RLP,Smt. Dhanorkar Pratibha Suresh,INC,1
Shri Neeraj Maurya,SP,Smt. Dhanorkar Pratibha Suresh,INC,1
Smt. Geniben Nagaji Thakor,INC,Smt. Lovely Anand,JD(U),1
Smt. Lovely Anand,JD(U),Smt. Mala Roy,AITC,1
Shri Tangella Uday Srinivas,JSP,Smt. D K Aruna,BJP,1
Shri Malaiyarasan D,DMK,Shri Mukeshkumar Chandrakaant Dalal,BJP,1
Dr. Prabha Mallikarjun,INC,Shri Abhay Kumar Sinha,RJD,1
Dr. Prabha Mallikarjun,INC,Thiru Dr. S Jagathratchakan,DMK,1
Shri Abhay Kumar Sinha,RJD,Shri Tangella Uday Srinivas,JSP,1
Shri Abhay Kumar Sinha,RJD,Thiru Dr. S Jagathratchakan,DMK,1
Shri Tangella Uday Srinivas,JSP,Thiru Dr. S Jagathratchakan,DMK,1
Shri Deepender Singh Hooda,INC,Shri Rajkumar Roat,BAP,1
Shri Rajkumar Roat,BAP,Smt. Dhanorkar Pratibha Suresh,INC,1
Shri Patel Umeshbhai Babubhai,IND.,Shri V K Sreekandan,INC,1
Shri Patel Umeshbhai Babubhai,IND.,Smt. Geniben Nagaji Thakor,INC,1
Shri Anurag Sharma,BJP,Shri Saptagiri Sankar Ulaka,INC,1
Shri Jagdambika Pal,BJP,Shri Saptagiri Sankar Ulaka,INC,1
Shri Jugal Kishore,BJP,Shri Saptagiri Sankar Ulaka,INC,1
Shri Madhavaneni Raghunandan Rao,BJP,Shri Saptagiri Sankar Ulaka,INC,1
Shri G Kumar Naik,INC,Shri Shashank Mani,BJP,1
Shri Arvind Ganpat Sawant,SHS(UBT),Shri Kuldeep Indora,INC,1
Adv Dean Kuriakose,INC,Shri  Selvaganapathi T.M.,DMK,1
Adv Dean Kuriakose,INC,Shri Arvind Ganpat Sawant,SHS(UBT),1
Adv Dean Kuriakose,INC,Shri Bajrang Manohar Sonwane,NCP(SP),1
Adv Dean Kuriakose,INC,Shri Gurmeet Singh Meet Hayer,AAP,1
Adv. Adoor Prakash,INC,Shri Arvind Ganpat Sawant,SHS(UBT),1
Adv. Adoor Prakash,INC,Shri Bajrang Manohar Sonwane,NCP(SP),1
Adv. Adoor Prakash,INC,Shri Gurmeet Singh Meet Hayer,AAP,1
Dr. Kirsan Namdeo,INC,Shri Arvind Ganpat Sawant,SHS(UBT),1
Dr. Kirsan Namdeo,INC,Shri Bajrang Manohar Sonwane,NCP(SP),1
Prof. Sougata Ray,AITC,Shri Arvind Ganpat Sawant,SHS(UBT),1
Prof. Sougata Ray,AITC,Shri Bajrang Manohar Sonwane,NCP(SP),1
Prof. Sougata Ray,AITC,Shri Gurmeet Singh Meet Hayer,AAP,1
Shri  Selvaganapathi T.M.,DMK,Shri Anand Bhadauria,SP,1
Shri  Selvaganapathi T.M.,DMK,Shri Arvind Ganpat Sawant,SHS(UBT),1
Shri  Selvaganapathi T.M.,DMK,Shri Bajrang Manohar Sonwane,NCP(SP),1
Shri  Selvaganapathi T.M.,DMK,Shri Gurmeet Singh Meet Hayer,AAP,1
Shri  Selvaganapathi T.M.,DMK,Shri Hanuman Beniwal,RLP,1
Shri  Selvaganapathi T.M.,DMK,Shri K C Venugopal,INC,1
Shri  Selvaganapathi T.M.,DMK,Shri K Radhakrishnan,CPI(M),1
Shri  Selvaganapathi T.M.,DMK,Shri Saptagiri Sankar Ulaka,INC,1
Shri Arvind Ganpat Sawant,SHS(UBT),Shri Gurmeet Singh Meet Hayer,AAP,1
Shri Arvind Ganpat Sawant,SHS(UBT),Shri Hanuman Beniwal,RLP,1
Shri Arvind Ganpat Sawant,SHS(UBT),Shri Hibi Eden,INC,1
Shri Arvind Ganpat Sawant,SHS(UBT),Shri K C Venugopal,INC,1
Shri Arvind Ganpat Sawant,SHS(UBT),Shri Raja A,DMK,1
Shri Arvind Ganpat Sawant,SHS(UBT),Shri Saptagiri Sankar Ulaka,INC,1
Shri Arvind Ganpat Sawant,SHS(UBT),Shri Subbarayan K,CPI,1
Shri Arvind Ganpat Sawant,SHS(UBT),Smt. Sajda Ahmed,AITC,1
Shri Bajrang Manohar Sonwane,NCP(SP),Shri Gurmeet Singh Meet Hayer,AAP,1
Shri Bajrang Manohar Sonwane,NCP(SP),Shri Hibi Eden,INC,1
Shri Bajrang Manohar Sonwane,NCP(SP),Shri Raja A,DMK,1
Shri Bajrang Manohar Sonwane,NCP(SP),Shri Saptagiri Sankar Ulaka,INC,1
Shri Bajrang Manohar Sonwane,NCP(SP),Shri Subbarayan K,CPI,1
Shri Gurmeet Singh Meet Hayer,AAP,Shri Hanuman Beniwal,RLP,1
Shri Gurmeet Singh Meet Hayer,AAP,Shri Hibi Eden,INC,1
Shri Gurmeet Singh Meet Hayer,AAP,Shri K C Venugopal,INC,1
Shri Gurmeet Singh Meet Hayer,AAP,Shri K Radhakrishnan,CPI(M),1
Shri Gurmeet Singh Meet Hayer,AAP,Shri Raja A,DMK,1
Shri Gurmeet Singh Meet Hayer,AAP,Shri Saptagiri Sankar Ulaka,INC,1
Shri Gurmeet Singh Meet Hayer,AAP,Shri Subbarayan K,CPI,1
Shri Gurmeet Singh Meet Hayer,AAP,Smt. Sajda Ahmed,AITC,1
Shri Dharambir Singh,BJP,Shri Dileshwar Kamait,JD(U),1
Shri Benny Behanan,INC,Shri Dinesh Chandra Yadav,JD(U),1
Shri Benny Behanan,INC,Shri Ramprit Mandal,JD(U),1
Shri Benny Behanan,INC,Smt. Lovely Anand,JD(U),1
Adv K. Francis George,KEC,Dr. Gumma Thanuja Rani,YSRCP,1
Shri Dileshwar Kamait,JD(U),Shri Ramvir Singh Bidhuri,BJP,1
Dr. Shivaji Bandappa Kalge,INC,Smt. Anita Subhadarshini,BJP,1
Shri Chandra Prakash Choudhary,AJSU,Shri Harish Chandra Meena,INC,1
Shri Chandra Prakash Choudhary,AJSU,Shri Kuldeep Indora,INC,1
Shri Harish Chandra Meena,INC,Smt. Vijaylakshmi Devi,JD(U),1
Shri Kuldeep Indora,INC,Smt. Vijaylakshmi Devi,JD(U),1
Ms Sayani Ghosh,AITC,Shri K Sudhakaran,INC,1
Dr. Anand Kumar,BJP,Shri Arvind Ganpat Sawant,SHS(UBT),1
Dr. Anand Kumar,BJP,Shri Omprakash Bhupalsinh Alias Pavan Rajenimbalkar,SS,1
Shri Arun Kumar Sagar,BJP,Shri Rajesh Ranjan,IND.,1
Shri Chhatrapal Singh Gangwar,BJP,Shri Rajesh Ranjan,IND.,1
Dr. C M Ramesh,BJP,Shri P V Midhun Reddy,YSRCP,1
Dr. K Sudhakar,BJP,Shri Suresh Kumar Shetkar,INC,1
Shri G M Harish Balayogi,TDP,Smt. Sajda Ahmed,AITC,1
Shri Dharmendra Yadav,SP,Shri T R Baalu,DMK,1
Shri Dhaval Laxmanbhai Patel,BJP,Shri Sanatan Pandey,SP,1
Shri Dinesh Chandra Yadav,JD(U),Shri G M Harish Balayogi,TDP,1
Shri Dinesh Chandra Yadav,JD(U),Shri Lavu Sri Krishna Devarayalu,TDP,1
Dr. D. Purandeswari,BJP,Shri Adhikari Deepak Dev,AITC,1
Shri Manickam Tagore B,INC,Smt. Mala Roy,AITC,1
Dr. Rajeev Bharadwaj,BJP,Dr. Shivaji Bandappa Kalge,INC,1
Dr. Rajeev Bharadwaj,BJP,Shri Bhumare Sandipanrao Asaram,SS,1
Shri Gaurav Gogoi,INC,Shri Magunta Sreenivasulu Reddy,TDP,1
Dr. T Sumathy Alias Thamizhachi Thangapandian,DMK,Shri Y S Avinash Reddy,YSRCP,1
Shri G Kumar Naik,INC,Shri Rajesh Naranbhai Chudasama,BJP,1
Shri Arvind Dharmapuri,BJP,Shri Y S Avinash Reddy,YSRCP,1
Ms. Bansuri Swaraj,BJP,Shri Brijendra Singh Ola,INC,1
Shri Biplab Kumar Deb,BJP,Shri Brijendra Singh Ola,INC,1
Shri Brijendra Singh Ola,INC,Shri Jagdambika Pal,BJP,1
Shri Brijendra Singh Ola,INC,Shri Mukesh Rajput,BJP,1
Shri Brijendra Singh Ola,INC,Shri Vijay Baghel,BJP,1
Shri Brijendra Singh Ola,INC,Smt. Bijuli Kalita Medhi,BJP,1
Shri Ajay Kumar Mandal,JD(U),Shri Arun Kumar Sagar,BJP,1
Shri Kamakhya Prasad Tasa,BJP,Shri Sunil Bose,INC,1
Adv Priya Saroj,SP,Adv. Adoor Prakash,INC,1
Adv Priya Saroj,SP,Dr. M K Vishnu Prasad,INC,1
Adv Priya Saroj,SP,Mr Pathan Yusuf,AITC,1
Adv Priya Saroj,SP,Ms Sayani Ghosh,AITC,1
Adv Priya Saroj,SP,Shri Charanjit Singh Channi,INC,1
Adv Priya Saroj,SP,Shri Janardan Singh Sigriwal,BJP,1
Adv Priya Saroj,SP,Shri N K Premachandran,RSP,1
Adv Priya Saroj,SP,Shri Navaskani K,IUML,1
Adv Priya Saroj,SP,Shri Patel Umeshbhai Babubhai,IND.,1
Adv Priya Saroj,SP,Shri Y S Avinash Reddy,YSRCP,1
Adv Priya Saroj,SP,Thiru Dayanidhi Maran,DMK,1
Adv. Adoor Prakash,INC,Mr Pathan Yusuf,AITC,1
Adv. Adoor Prakash,INC,Ms Sayani Ghosh,AITC,1
Adv. Adoor Prakash,INC,Shri Navaskani K,IUML,1
Adv. Adoor Prakash,INC,Shri Patel Umeshbhai Babubhai,IND.,1
Adv. Adoor Prakash,INC,Shri Rajeev Rai,SP,1
Adv. Adoor Prakash,INC,Shri Y S Avinash Reddy,YSRCP,1
Adv. Adoor Prakash,INC,Thiru Dayanidhi Maran,DMK,1
Dr. M K Vishnu Prasad,INC,Mr Pathan Yusuf,AITC,1
Dr. M K Vishnu Prasad,INC,Ms Sayani Ghosh,AITC,1
Dr. M K Vishnu Prasad,INC,Shri N K Premachandran,RSP,1
Dr. M K Vishnu Prasad,INC,Shri Navaskani K,IUML,1
Dr. M K Vishnu Prasad,INC,Shri Patel Umeshbhai Babubhai,IND.,1
Dr. M K Vishnu Prasad,INC,Shri Rajeev Rai,SP,1
Dr. M K Vishnu Prasad,INC,Shri Y S Avinash Reddy,YSRCP,1
Dr. M K Vishnu Prasad,INC,Thiru Dayanidhi Maran,DMK,1
Mr Pathan Yusuf,AITC,Shri Charanjit Singh Channi,INC,1
Mr Pathan Yusuf,AITC,Shri Janardan Singh Sigriwal,BJP,1
Mr Pathan Yusuf,AITC,Shri N K Premachandran,RSP,1
Mr Pathan Yusuf,AITC,Shri Navaskani K,IUML,1
Mr Pathan Yusuf,AITC,Shri Patel Umeshbhai Babubhai,IND.,1
Mr Pathan Yusuf,AITC,Shri Rajeev Rai,SP,1
Mr Pathan Yusuf,AITC,Shri Y S Avinash Reddy,YSRCP,1
Mr Pathan Yusuf,AITC,Thiru Dayanidhi Maran,DMK,1
Ms Sayani Ghosh,AITC,Shri Charanjit Singh Channi,INC,1
Ms Sayani Ghosh,AITC,Shri Janardan Singh Sigriwal,BJP,1
Ms Sayani Ghosh,AITC,Shri N K Premachandran,RSP,1
Ms Sayani Ghosh,AITC,Shri Navaskani K,IUML,1
Ms Sayani Ghosh,AITC,Shri Patel Umeshbhai Babubhai,IND.,1
Ms Sayani Ghosh,AITC,Shri Rajeev Rai,SP,1
Ms Sayani Ghosh,AITC,Shri Y S Avinash Reddy,YSRCP,1
Ms Sayani Ghosh,AITC,Thiru Dayanidhi Maran,DMK,1
Shri Charanjit Singh Channi,INC,Shri Janardan Singh Sigriwal,BJP,1
Shri Charanjit Singh Channi,INC,Shri N K Premachandran,RSP,1
Shri Charanjit Singh Channi,INC,Shri Navaskani K,IUML,1
Shri Charanjit Singh Channi,INC,Shri Patel Umeshbhai Babubhai,IND.,1
Shri Charanjit Singh Channi,INC,Shri Y S Avinash Reddy,YSRCP,1
Shri Charanjit Singh Channi,INC,Thiru Dayanidhi Maran,DMK,1
Shri Janardan Singh Sigriwal,BJP,Shri N K Premachandran,RSP,1
Shri Janardan Singh Sigriwal,BJP,Shri Navaskani K,IUML,1
Shri Janardan Singh Sigriwal,BJP,Shri Patel Umeshbhai Babubhai,IND.,1
Shri Janardan Singh Sigriwal,BJP,Shri Rajeev Rai,SP,1
Shri Janardan Singh Sigriwal,BJP,Shri Y S Avinash Reddy,YSRCP,1
Shri Janardan Singh Sigriwal,BJP,Thiru Dayanidhi Maran,DMK,1
Shri N K Premachandran,RSP,Shri Navaskani K,IUML,1
Shri N K Premachandran,RSP,Shri Patel Umeshbhai Babubhai,IND.,1
Shri N K Premachandran,RSP,Shri Rajeev Rai,SP,1
Shri N K Premachandran,RSP,Shri Y S Avinash Reddy,YSRCP,1
Shri N K Premachandran,RSP,Thiru Dayanidhi Maran,DMK,1
Shri Navaskani K,IUML,Shri Patel Umeshbhai Babubhai,IND.,1
Shri Patel Umeshbhai Babubhai,IND.,Shri Rajeev Rai,SP,1
Shri Patel Umeshbhai Babubhai,IND.,Shri Y S Avinash Reddy,YSRCP,1
Shri Patel Umeshbhai Babubhai,IND.,Thiru Dayanidhi Maran,DMK,1
Shri Rajeev Rai,SP,Thiru Dayanidhi Maran,DMK,1
Dr. D. Purandeswari,BJP,Shri Chamala Kiran Kumar Reddy,INC,1
Dr. Kirsan Namdeo,INC,Shri P V Midhun Reddy,YSRCP,1
Shri Balram Naik Porika,INC,Smt. Mahima Kumari Mewar,BJP,1
Dr. Mallu Ravi,INC,Shri Maddila Gurumoorthy,YSRCP,1
Adv Gowaal Kagada Padavi,INC,Prof. Sougata Ray,AITC,1
Prof. Sougata Ray,AITC,Shri Harish Chandra Meena,INC,1
Shri Murari Lal Meena,INC,Shri Vishnu Datt Sharma,BJP,1
Shri Ummeda Ram Beniwal,INC,Shri Vishnu Datt Sharma,BJP,1
Shri Anand Bhadauria,SP,Shri Tatkare Sunil Dattatrey,NCP,1
Shri Baijayant Panda,BJP,Smt. Vijaylakshmi Devi,JD(U),1
Shri P C Mohan,BJP,Shri Zia Ur Rehman,SP,1
Dr. Shivaji Bandappa Kalge,INC,Shri Madhavaneni Raghunandan Rao,BJP,1
Dr. Ganapathy Rajkumar P,DMK,Shri Anil Yeshwant Desai,SHS(UBT),1
Dr. Dharamvira Gandhi,INC,Ms Sayani Ghosh,AITC,1
Dr. Dharamvira Gandhi,INC,Shri Ramashankar  Vidharthi Rajbhar,SP,1
Ms Sayani Ghosh,AITC,Shri Anto Antony,INC,1
Ms Sayani Ghosh,AITC,Shri Harish Chandra Meena,INC,1
Ms Sayani Ghosh,AITC,Shri Ramashankar  Vidharthi Rajbhar,SP,1
Ms Sayani Ghosh,AITC,Shri Saptagiri Sankar Ulaka,INC,1
Ms Sayani Ghosh,AITC,Shri Tanuj Punia,INC,1
Shri Anto Antony,INC,Shri Ramashankar  Vidharthi Rajbhar,SP,1
Shri Harish Chandra Meena,INC,Shri Ramashankar  Vidharthi Rajbhar,SP,1
Shri Murari Lal Meena,INC,Shri Ramashankar  Vidharthi Rajbhar,SP,1
Shri Ramashankar  Vidharthi Rajbhar,SP,Shri Saptagiri Sankar Ulaka,INC,1
Shri Ramashankar  Vidharthi Rajbhar,SP,Shri Tanuj Punia,INC,1
Shri Kuldeep Indora,INC,Shri Raju Bista,BJP,1
Shri Kuldeep Indora,INC,Smt. Poonamben Hematbhai Maadam,BJP,1
Com. Selvaraj V,CPI,Shri Chandra Prakash Joshi,BJP,1
Shri Chandra Prakash Joshi,BJP,Shri Subbarayan K,CPI,1
Dr. Byreddy Shabari,TDP,Shri C N Annadurai,DMK,1
Dr. Byreddy Shabari,TDP,Shri Navaskani K,IUML,1
Dr. Byreddy Shabari,TDP,Shri Selvam G,DMK,1
Shri Appalanaidu Kalisetti,TDP,Shri C N Annadurai,DMK,1
Shri Appalanaidu Kalisetti,TDP,Shri Navaskani K,IUML,1
Shri Appalanaidu Kalisetti,TDP,Shri Selvam G,DMK,1
Shri C N Annadurai,DMK,Shri G Lakshminarayana,TDP,1
Shri G Lakshminarayana,TDP,Shri Navaskani K,IUML,1
Shri G Lakshminarayana,TDP,Shri Selvam G,DMK,1
Shri Anurag Singh Thakur,BJP,Shri Rajeev Rai,SP,1
Dr. Shivaji Bandappa Kalge,INC,Shri Anurag Sharma,BJP,1
Dr. Shivaji Bandappa Kalge,INC,Shri Yogender Chandolia,BJP,1
Shri Vishnu Dayal Ram,BJP,Thiru Arun Nehru,DMK,1
Shri Anand Bhadauria,SP,Smt. Kanimozhi Karunanidhi,DMK,1
Dr. Rajkumar Sangwan,RLD,Shri Zia Ur Rehman,SP,1
Dr. Rajkumar Sangwan,RLD,Smt. Geniben Nagaji Thakor,INC,1
Shri Zia Ur Rehman,SP,Smt. Geniben Nagaji Thakor,INC,1
Prof. Sougata Ray,AITC,Shri Amrinder Singh Raja Warring,INC,1
Dr. M K Vishnu Prasad,INC,Shri Devesh Shakya,SP,1
Shri Dinesh Chandra Yadav,JD(U),Shri Manish Tewari,INC,1
Shri Adhikari Deepak Dev,AITC,Smt. Roopkumari Choudhary,BJP,1
Dr. Kirsan Namdeo,INC,Dr. Nishikant Dubey,BJP,1
Dr. Nishikant Dubey,BJP,Shri Shyamkumar Daulat Barve,INC,1
Shri Dharambir Singh,BJP,Shri Shyamkumar Daulat Barve,INC,1
Shri Tharaniventhan M S,DMK,Smt. Kriti Devi Debbarman,BJP,1
Shri Charanjit Singh Channi,INC,Shri Naveen Jindal,BJP,1
Shri Amrinder Singh Raja Warring,INC,Shri Rajiv Pratap Rudy,BJP,1
Shri Amrinder Singh Raja Warring,INC,Shri Vishnu Dayal Ram,BJP,1
Shri Arvind Dharmapuri,BJP,Smt. Mala Roy,AITC,1
Shri Govind Makthappa Karjol,BJP,Smt. Mala Roy,AITC,1
Dr. Kirsan Namdeo,INC,Dr. Lata Wankhede,BJP,1
Dr. Kirsan Namdeo,INC,Shri Jaswantsinh Sumanbhai Bhabhor,BJP,1
Dr. Kirsan Namdeo,INC,Smt. Rachna Banerjee,AITC,1
Dr. Lata Wankhede,BJP,Smt. Rachna Banerjee,AITC,1
Shri Jaswantsinh Sumanbhai Bhabhor,BJP,Smt. Rachna Banerjee,AITC,1
Shri Bhumare Sandipanrao Asaram,SS,Shri Godam Nagesh,BJP,1
Dr. Bhola Singh,BJP,Dr. M P Abdussamad Samadani,IUML,1
Dr. M P Abdussamad Samadani,IUML,Dr. Rajesh Mishra,BJP,1
Dr. M P Abdussamad Samadani,IUML,Shri Alok Sharma,BJP,1
Dr. M P Abdussamad Samadani,IUML,Shri Bidyut Baran Mahato,BJP,1
Dr. M P Abdussamad Samadani,IUML,Shri Dineshbhai Makwana,BJP,1
Dr. M P Abdussamad Samadani,IUML,Shri Shivmangal Singh Tomar,BJP,1
Dr. M P Abdussamad Samadani,IUML,Smt. Mala Rajya Laxmi Shah,BJP,1
Dr. M P Abdussamad Samadani,IUML,Smt. Smita Uday Wagh,BJP,1
Prof. Sougata Ray,AITC,Shri Asaduddin Owaisi,AIMIM,1
Prof. Sougata Ray,AITC,Shri Dinesh Chandra Yadav,JD(U),1
Prof. Sougata Ray,AITC,Shri Kaushalendra Kumar,JD(U),1
Prof. Sougata Ray,AITC,Shri Ramprit Mandal,JD(U),1
Shri  Selvaganapathi T.M.,DMK,Shri Asaduddin Owaisi,AIMIM,1
Shri  Selvaganapathi T.M.,DMK,Shri Kaushalendra Kumar,JD(U),1
Shri  Selvaganapathi T.M.,DMK,Shri Ramprit Mandal,JD(U),1
Shri Asaduddin Owaisi,AIMIM,Shri Kaushalendra Kumar,JD(U),1
Shri Jashubhai Bhilubhai Rathva,BJP,Shri Tanuj Punia,INC,1
Shri Jaswantsinh Sumanbhai Bhabhor,BJP,Shri Tanuj Punia,INC,1
Dr. Nishikant Dubey,BJP,Shri Zia Ur Rehman,SP,1
Shri Kuldeep Indora,INC,Smt. Manju Sharma,BJP,1
Shri Kuldeep Indora,INC,Thiru D M Kathir Anand,DMK,1
Smt. Manju Sharma,BJP,Thiru D M Kathir Anand,DMK,1
Shri Alok Sharma,BJP,Shri Sanjay Haribhau Jadhav,SS,1
Shri Alok Sharma,BJP,Shri Sher Singh Ghubaya,INC,1
Shri Darshan Singh Choudhary,BJP,Shri Sher Singh Ghubaya,INC,1
Shri Darshan Singh Choudhary,BJP,Shri Sukhjinder Singh Randhawa,INC,1
Shri Jaswantsinh Sumanbhai Bhabhor,BJP,Shri Sher Singh Ghubaya,INC,1
Shri Naba Charan Majhi,BJP,Shri Sher Singh Ghubaya,INC,1
Shri Sanjay Haribhau Jadhav,SS,Shri Sher Singh Ghubaya,INC,1
Shri Shankar Lalwani,BJP,Shri Sher Singh Ghubaya,INC,1
Dr. Nishikant Dubey,BJP,Dr. Shrikant Eknath Shinde,SS,1
Dr. Nishikant Dubey,BJP,Shri Naresh Ganpat Mhaske,SS,1
Dr. Nishikant Dubey,BJP,Shri Rajesh Verma,LJSP(RV),1
Dr. Nishikant Dubey,BJP,Smt. Shambhavi,LJSP(RV),1
Dr. Bachhav Shobha Dinesh,INC,Shri S Venkatesan,CPI(M),1
Dr. Bachhav Shobha Dinesh,INC,Shri Vishnu Dayal Ram,BJP,1
Shri Anto Antony,INC,Shri Vishnu Dayal Ram,BJP,1
Shri Saptagiri Sankar Ulaka,INC,Shri Vishnu Dayal Ram,BJP,1
Dr. Hemant Vishnu Savara,BJP,Shri Sanjay Uttamrao Deshmukh,SS,1
Shri Balabhadra Majhi,BJP,Shri Sanjay Uttamrao Deshmukh,SS,1
Shri Bhartruhari Mahtab,BJP,Shri Sanjay Uttamrao Deshmukh,SS,1
Shri Chandra Prakash Joshi,BJP,Shri Sanjay Uttamrao Deshmukh,SS,1
Shri Mahesh Kashyap,BJP,Shri Sanjay Haribhau Jadhav,SS,1
Shri Mahesh Kashyap,BJP,Shri Sanjay Uttamrao Deshmukh,SS,1
Shri Pradeep Kumar Singh,BJP,Shri Sanjay Uttamrao Deshmukh,SS,1
Shri Ravindra Shukla Alias Ravi Kishan,BJP,Shri Sanjay Uttamrao Deshmukh,SS,1
Shri Sanjay Haribhau Jadhav,SS,Shri Tapir Gao,BJP,1
Shri Sanjay Haribhau Jadhav,SS,Smt. Kriti Devi Debbarman,BJP,1
Shri Sanjay Uttamrao Deshmukh,SS,Shri Tapir Gao,BJP,1
Shri Sanjay Uttamrao Deshmukh,SS,Shri Vishweshwar Hegde Kageri,BJP,1
Shri Sanjay Uttamrao Deshmukh,SS,Smt. Kriti Devi Debbarman,BJP,1
Shri Parshottambhai Rupala,BJP,Shri Sunil Kumar,JD(U),1
Shri Sunil Kumar,JD(U),Smt. Kriti Devi Debbarman,BJP,1
Dr. C M Ramesh,BJP,Shri Balashowry Vallabhaneni,JSP,1
Shri Harish Chandra Meena,INC,Shri Vishaldada Prakashbapu Patil,IND.,1
Shri Malaiyarasan D,DMK,Smt. Geniben Nagaji Thakor,INC,1
Shri Dileshwar Kamait,JD(U),Shri Parshottambhai Rupala,BJP,1
Dr. Thirumaavalavan Tholkappiyan,VCK,Shri Adhikari Deepak Dev,AITC,1
Shri Sukhjinder Singh Randhawa,INC,Smt. Kriti Devi Debbarman,BJP,1
Shri Eswarasamy K,DMK,Shri Manickam Tagore B,INC,1
Shri Eswarasamy K,DMK,Shri Vijayakumar Alias Vijay Vasanth,INC,1
Prof. Sougata Ray,AITC,Shri Ramasahayam Raghuram Reddy,INC,1
Adv Dean Kuriakose,INC,Shri Jugal Kishore,BJP,1
Adv Dean Kuriakose,INC,Shri Nalin Soren,JMM,1
Dr. Rani Srikumar,DMK,Prof. Sougata Ray,AITC,1
Shri Deepender Singh Hooda,INC,Shri E T Mohammed Basheer,IUML,1
Shri Bhumare Sandipanrao Asaram,SS,Shri Jugal Kishore,BJP,1
Shri Bhumare Sandipanrao Asaram,SS,Shri Nalin Soren,JMM,1
Shri Gyaneshwar Patil,BJP,Shri Nalin Soren,JMM,1
Shri Nalin Soren,JMM,Smt. Delkar Kalaben Mohanbhai,BJP,1
Shri Pradyut Bordoloi,Unknown,Shri Sasikanth Senthil,INC,1
Shri Harish Chandra Meena,INC,Shri Jugal Kishore,BJP,1
Shri Harish Chandra Meena,INC,Shri Ramvir Singh Bidhuri,BJP,1
Adv Dean Kuriakose,INC,Shri Balashowry Vallabhaneni,JSP,1
Dr. Shivaji Bandappa Kalge,INC,Shri Vishaldada Prakashbapu Patil,IND.,1
Shri Anurag Sharma,BJP,Shri Prabhakar Reddy Vemireddy,TDP,1
Ms. Mahua Moitra,AITC,Shri Balashowry Vallabhaneni,JSP,1
Ms. Mahua Moitra,AITC,Shri Bastipati Nagaraju,TDP,1
Ms. Mahua Moitra,AITC,Shri Tariq Anwar,INC,1
Shri Abhishek Banerjee,AITC,Shri Balashowry Vallabhaneni,JSP,1
Shri Abhishek Banerjee,AITC,Shri Bastipati Nagaraju,TDP,1
Shri Abhishek Banerjee,AITC,Shri Tariq Anwar,INC,1
Shri Balashowry Vallabhaneni,JSP,Shri Bastipati Nagaraju,TDP,1
Shri Balashowry Vallabhaneni,JSP,Shri Tariq Anwar,INC,1
Shri Bastipati Nagaraju,TDP,Shri Tariq Anwar,INC,1
Shri Gaddigoudar Parvatagouda Chandanagouda,BJP,Shri Kaushalendra Kumar,JD(U),1
Shri S Venkatesan,CPI(M),Shri Utkarsh Verma Madhur,SP,1
Dr. Hemant Vishnu Savara,BJP,Shri K Radhakrishnan,CPI(M),1
Shri Tejasvi Surya,BJP,Shri Vishaldada Prakashbapu Patil,IND.,1
Shri Omprakash Bhupalsinh Alias Pavan Rajenimbalkar,SS,Shri Rajesh Naranbhai Chudasama,BJP,1
Shri Omprakash Bhupalsinh Alias Pavan Rajenimbalkar,SS,Smt. Delkar Kalaben Mohanbhai,BJP,1
Shri Kamakhya Prasad Tasa,BJP,Shri Phani Bhusan Choudhury,AGP,1
Shri Kamakhya Prasad Tasa,BJP,Shri Pradyut Bordoloi,Unknown,1
Shri Phani Bhusan Choudhury,AGP,Shri Pradyut Bordoloi,Unknown,1
Shri Arun Bharti,LJSP(RV),Shri Kamakhya Prasad Tasa,BJP,1
Dr. Rajkumar Sangwan,RLD,Shri Ravindra Shukla Alias Ravi Kishan,BJP,1
Dr. Jayanta Kumar Roy,BJP,Dr. Prashant Yadaorao Padole,INC,1
Dr. Jayanta Kumar Roy,BJP,Shri Rajeev Rai,SP,1
Dr. Jayanta Kumar Roy,BJP,Shri Y S Avinash Reddy,YSRCP,1
Dr. Prashant Yadaorao Padole,INC,Shri Rajeev Rai,SP,1
Shri Bhartruhari Mahtab,BJP,Shri Rajeev Rai,SP,1
Shri  Chhotelal,SP,Shri Kalyan Banerjee,AITC,1
Mr Pathan Yusuf,AITC,Shri Amrinder Singh Raja Warring,INC,1
Dr. Jayanta Kumar Roy,BJP,Dr. T Sumathy Alias Thamizhachi Thangapandian,DMK,1
Shri Dineshbhai Makwana,BJP,Shri Omprakash Bhupalsinh Alias Pavan Rajenimbalkar,SS,1
Shri Mukeshkumar Chandrakaant Dalal,BJP,Shri Omprakash Bhupalsinh Alias Pavan Rajenimbalkar,SS,1
Dr. Alok Kumar Suman,JD(U),Shri Jai Prakash,BJP,1
Dr. Alok Kumar Suman,JD(U),Shri Jashubhai Bhilubhai Rathva,BJP,1
Dr. Alok Kumar Suman,JD(U),Shri Kanwar Singh Tanwar,BJP,1
Dr. Rajkumar Sangwan,RLD,Shri Amarsing Tisso,BJP,1
Dr. Rajkumar Sangwan,RLD,Shri Gajendra  Singh Patel,BJP,1
Dr. Rajkumar Sangwan,RLD,Shri Kanwar Singh Tanwar,BJP,1
Dr. Rajkumar Sangwan,RLD,Smt. Shobhanaben Mahendrasinh Baraiya,BJP,1
Shri Abhishek Banerjee,AITC,Shri Karti P Chidambaram,INC,1
Shri Balwant Baswant Wankhade,INC,Shri Raja A,DMK,1
Shri Raja A,DMK,Shri Rajesh Naranbhai Chudasama,BJP,1
Shri Raja A,DMK,Shri Sanjay Uttamrao Deshmukh,SS,1
Shri Rajesh Naranbhai Chudasama,BJP,Shri Sanjay Uttamrao Deshmukh,SS,1
Dr. M P Abdussamad Samadani,IUML,Shri Anto Antony,INC,1
Shri Benny Behanan,INC,Shri Zia Ur Rehman,SP,1
Dr. Rani Srikumar,DMK,Shri Vishnu Datt Sharma,BJP,1
Smt. Sanjna Jatav,INC,Thiru Dr. S Jagathratchakan,DMK,1
Dr. M P Abdussamad Samadani,IUML,Shri Saptagiri Sankar Ulaka,INC,1
Dr. M P Abdussamad Samadani,IUML,Shri Sukhdeo Bhagat,INC,1
Shri B K Parthasarathi,TDP,Shri Ramashankar  Vidharthi Rajbhar,SP,1
Shri Balashowry Vallabhaneni,JSP,Shri Dhairyasheel Sambhajirao Mane,SS,1
Shri Balashowry Vallabhaneni,JSP,Shri Robert Bruce C,INC,1
Shri Balashowry Vallabhaneni,JSP,Shri Sudheer Gupta,BJP,1
Shri Dhairyasheel Sambhajirao Mane,SS,Shri K Radhakrishnan,CPI(M),1
Shri Dhairyasheel Sambhajirao Mane,SS,Shri Robert Bruce C,INC,1
Shri K Radhakrishnan,CPI(M),Shri Robert Bruce C,INC,1
Shri K Radhakrishnan,CPI(M),Shri Sudheer Gupta,BJP,1
Shri Robert Bruce C,INC,Shri Sudheer Gupta,BJP,1
Shri Dhairyasheel Sambhajirao Mane,SS,Shri Vivek Thakur,BJP,1
Dr. D. Purandeswari,BJP,Shri P V Midhun Reddy,YSRCP,1
Shri Ummeda Ram Beniwal,INC,Smt. Malvika Devi,BJP,1
Dr. Kalyan Vaijinathrao Kale,INC,Shri Daroga Prasad Saroj,SP,1
Dr. Kalyan Vaijinathrao Kale,INC,Shri Omprakash Bhupalsinh Alias Pavan Rajenimbalkar,SS,1
Dr. Kalyan Vaijinathrao Kale,INC,Shri Sanjay Haribhau Jadhav,SS,1
Shri Balwant Baswant Wankhade,INC,Shri Daroga Prasad Saroj,SP,1
Shri Kripanath Mallah,BJP,Shri Magunta Sreenivasulu Reddy,TDP,1
Shri Charanjit Singh Channi,INC,Shri Dharmendra Yadav,SP,1
Shri Rakesh Rathor,INC,Shri Ravindra Shukla Alias Ravi Kishan,BJP,1
Shri Rajesh Naranbhai Chudasama,BJP,Shri Vamsi Krishna Gaddam,INC,1
Dr. Byreddy Shabari,TDP,Shri Anurag Singh Thakur,BJP,1
Shri Azad Kirti Jha,AITC,Shri Karti P Chidambaram,INC,1
Dr. Gumma Thanuja Rani,YSRCP,Shri Vivek Thakur,BJP,1
Shri Janardan Singh Sigriwal,BJP,Shri Manoj Kumar,INC,1
Shri Bastipati Nagaraju,TDP,Shri Parbhubhai Nagarbhai Vasava,BJP,1
Shri Bastipati Nagaraju,TDP,Shri Ravindra Shukla Alias Ravi Kishan,BJP,1
Shri Daggumalla Prasada Rao,TDP,Shri Parbhubhai Nagarbhai Vasava,BJP,1
Shri Daggumalla Prasada Rao,TDP,Shri Ravindra Shukla Alias Ravi Kishan,BJP,1
Dr. Shrikant Eknath Shinde,SS,Shri Dushyant Singh,BJP,1
Shri Dushyant Singh,BJP,Shri Naresh Ganpat Mhaske,SS,1
Shri Dushyant Singh,BJP,Shri Rajesh Verma,LJSP(RV),1
Shri Aga Syed Ruhullah Mehdi,J&KNC,Shri Raja A,DMK,1
Dr. D. Purandeswari,BJP,Shri Kaushalendra Kumar,JD(U),1
Shri Anto Antony,INC,Shri Shashank Mani,BJP,1
Dr. M P Abdussamad Samadani,IUML,Dr. Nishikant Dubey,BJP,1
Dr. M P Abdussamad Samadani,IUML,Shri Vishnu Dayal Ram,BJP,1
Dr. Nishikant Dubey,BJP,Shri K Sudhakaran,INC,1
Shri K Sudhakaran,INC,Shri Vishnu Dayal Ram,BJP,1
Dr. Manna Lal Rawat,BJP,Shri Daroga Prasad Saroj,SP,1
Shri Raja Ram Singh,CPI(ML)(L),Shri S Supongmeren Jamir,INC,1
Shri Bidyut Baran Mahato,BJP,Shri Harendra Singh Malik,SP,1
Shri Dilip Saikia,BJP,Shri Harendra Singh Malik,SP,1
Shri Harendra Singh Malik,SP,Shri Kanwar Singh Tanwar,BJP,1
Shri Harendra Singh Malik,SP,Shri Lumbaram Choudhary,BJP,1
Shri Harendra Singh Malik,SP,Shri Vijay Kumar Dubey,BJP,1
Shri Harendra Singh Malik,SP,Smt. Shobhanaben Mahendrasinh Baraiya,BJP,1
Shri Balya Mama Suresh Gopinath Mhatre,NCP(SP),Shri Dushyant Singh,BJP,1
Shri Dhaval Laxmanbhai Patel,BJP,Shri Harish Chandra Meena,INC,1
Dr. Rajeev Bharadwaj,BJP,Shri Harendra Singh Malik,SP,1
Shri B Y Raghavendra,BJP,Shri Harendra Singh Malik,SP,1
Dr. Kirsan Namdeo,INC,Shri Haribhai Patel,BJP,1
Shri C N Annadurai,DMK,Shri Vishnu Dayal Ram,BJP,1
Shri Selvam G,DMK,Shri Vishnu Dayal Ram,BJP,1
Shri Saumitra Khan,BJP,Shri Ummeda Ram Beniwal,INC,1
Shri Saumitra Khan,BJP,Smt. Vijaylakshmi Devi,JD(U),1
Shri Anup Sanjay Dhotre,BJP,Shri Hanuman Beniwal,RLP,1
Shri Hanuman Beniwal,RLP,Shri Janardan Singh Sigriwal,BJP,1
Shri Hanuman Beniwal,RLP,Shri Ramvir Singh Bidhuri,BJP,1
Shri K Gopinath,INC,Shri Saumitra Khan,BJP,1
Shri Magunta Sreenivasulu Reddy,TDP,Shri S Venkatesan,CPI(M),1
Shri Azad Kirti Jha,AITC,Shri Jagadish Shettar,BJP,1
Shri Azad Kirti Jha,AITC,Shri Rajabhau Parag Prakash Waje,SHS(UBT),1
Shri Jagadish Shettar,BJP,Shri Rajabhau Parag Prakash Waje,SHS(UBT),1
Shri Karti P Chidambaram,INC,Shri Parshottambhai Rupala,BJP,1
Shri Darshan Singh Choudhary,BJP,Shri Kuldeep Indora,INC,1
Shri Jagadish Shettar,BJP,Shri Kuldeep Indora,INC,1
Dr. Anand Kumar,BJP,Shri Daroga Prasad Saroj,SP,1
Dr. Anand Kumar,BJP,Shri K Radhakrishnan,CPI(M),1
Dr. Anand Kumar,BJP,Shri Ujjwal Raman Singh,INC,1
Dr. Sanjay Jaiswal,BJP,Shri Daroga Prasad Saroj,SP,1
Dr. Sanjay Jaiswal,BJP,Shri K Radhakrishnan,CPI(M),1
Dr. Sanjay Jaiswal,BJP,Shri Ujjwal Raman Singh,INC,1
Shri Daroga Prasad Saroj,SP,Shri K Radhakrishnan,CPI(M),1
Shri Daroga Prasad Saroj,SP,Shri Mansukhbhai Dhanjibhai Vasava,BJP,1
Shri Daroga Prasad Saroj,SP,Shri Mukesh Rajput,BJP,1
Shri Daroga Prasad Saroj,SP,Shri Ujjwal Raman Singh,INC,1
Shri K Radhakrishnan,CPI(M),Shri Mansukhbhai Dhanjibhai Vasava,BJP,1
Shri K Radhakrishnan,CPI(M),Shri Mukesh Rajput,BJP,1
Shri K Radhakrishnan,CPI(M),Shri Ujjwal Raman Singh,INC,1
Shri Mansukhbhai Dhanjibhai Vasava,BJP,Shri Ujjwal Raman Singh,INC,1
Shri Mukesh Rajput,BJP,Shri Ujjwal Raman Singh,INC,1
Shri Gajendra  Singh Patel,BJP,Shri Patel Umeshbhai Babubhai,IND.,1
Shri Dineshbhai Makwana,BJP,Shri Harendra Singh Malik,SP,1
Shri Harendra Singh Malik,SP,Smt. Aparajita Sarangi,BJP,1
Dr. Kirsan Namdeo,INC,Shri Y S Avinash Reddy,YSRCP,1
Shri Manickam Tagore B,INC,Shri Rambhual Nishad,SP,1
Shri Durai Vaiko,MDMK,Shri Hanuman Beniwal,RLP,1
Shri Dileshwar Kamait,JD(U),Shri Kamakhya Prasad Tasa,BJP,1
Shri K C Venugopal,INC,Shri Kota Srinivasa Poojary,BJP,1
Shri K C Venugopal,INC,Shri Miteshbhai Rameshbhai Patel,BJP,1
Shri K C Venugopal,INC,Shri Pradeep Kumar Singh,BJP,1
Shri K C Venugopal,INC,Shri Ramvir Singh Bidhuri,BJP,1
Dr. Kadiyam Kavya,INC,Shri Magunta Sreenivasulu Reddy,TDP,1
Dr. Kadiyam Kavya,INC,Shri Putta Mahesh Kumar,TDP,1
Shri Dhairyasheel Sambhajirao Mane,SS,Shri G Kumar Naik,INC,1
Shri G Kumar Naik,INC,Shri Sudheer Gupta,BJP,1
Dr. Amol Ramsing Kolhe,NCP(SP),Shri Shafi Parambil,INC,1
Dr. Amol Ramsing Kolhe,NCP(SP),Smt. Poonamben Hematbhai Maadam,BJP,1
Prof. Varsha Eknath Gaikwad,INC,Smt. Poonamben Hematbhai Maadam,BJP,1
Shri Amar Sharadrao Kale,NCP(SP),Shri Shafi Parambil,INC,1
Shri Bajrang Manohar Sonwane,NCP(SP),Shri Shafi Parambil,INC,1
Shri Bajrang Manohar Sonwane,NCP(SP),Smt. Poonamben Hematbhai Maadam,BJP,1
Shri Bhaskar Murlidhar Bhagare,NCP(SP),Shri Shafi Parambil,INC,1
Shri Bhaskar Murlidhar Bhagare,NCP(SP),Smt. Poonamben Hematbhai Maadam,BJP,1
Shri Manish Jaiswal,BJP,Shri Shafi Parambil,INC,1
Shri Mohite Patil Dhairyasheel Rajsinh,NCP(SP),Shri Shafi Parambil,INC,1
Shri Mohite Patil Dhairyasheel Rajsinh,NCP(SP),Smt. Poonamben Hematbhai Maadam,BJP,1
Shri Nilesh Dnyandev Lanke,NCP(SP),Shri Shafi Parambil,INC,1
Shri Nilesh Dnyandev Lanke,NCP(SP),Smt. Poonamben Hematbhai Maadam,BJP,1
Shri Sanjay Dina Patil,SS,Shri Shafi Parambil,INC,1
Shri Sanjay Dina Patil,SS,Smt. Poonamben Hematbhai Maadam,BJP,1
Shri Shafi Parambil,INC,Smt. Poonamben Hematbhai Maadam,BJP,1
Shri Shafi Parambil,INC,Smt. Supriya Sule,NCP(SP),1
Smt. Poonamben Hematbhai Maadam,BJP,Smt. Supriya Sule,NCP(SP),1
Dr. M P Abdussamad Samadani,IUML,Shri Murari Lal Meena,INC,1
Dr. Kirsan Namdeo,INC,Shri Anil Baluni,BJP,1
Shri Dineshbhai Makwana,BJP,Shri V K Sreekandan,INC,1
Shri Mukeshkumar Chandrakaant Dalal,BJP,Shri V K Sreekandan,INC,1
Shri V K Sreekandan,INC,Shri Vishweshwar Hegde Kageri,BJP,1
Shri V K Sreekandan,INC,Shri Yogender Chandolia,BJP,1
Shri Imran Masood,INC,Shri Shrirang Appa Chandu Barne,SS,1
Shri Imran Masood,INC,Smt. Bharti Pardhi,BJP,1
Shri Rajkumar Roat,BAP,Shri Yaduveer Wadiyar,BJP,1
Shri Rajkumar Roat,BAP,Smt. Manju Sharma,BJP,1
Shri Harendra Singh Malik,SP,Shri K C Venugopal,INC,1
Dr. Kirsan Namdeo,INC,Shri Arun Kumar Sagar,BJP,1
Shri Lumbaram Choudhary,BJP,Shri Muhammed Hamdullah Sayeed,INC,1
Dr. Hemant Vishnu Savara,BJP,Mrs Ruchi Vira,SP,1
Dr. Hemant Vishnu Savara,BJP,Shri Abhishek Banerjee,AITC,1
Dr. Hemant Vishnu Savara,BJP,Shri Daroga Prasad Saroj,SP,1
Dr. Hemant Vishnu Savara,BJP,Smt. Geniben Nagaji Thakor,INC,1
Dr. K Sudhakar,BJP,Mrs Ruchi Vira,SP,1
Dr. K Sudhakar,BJP,Shri Abhishek Banerjee,AITC,1
Dr. K Sudhakar,BJP,Shri Daroga Prasad Saroj,SP,1
Dr. K Sudhakar,BJP,Shri Sanjay Haribhau Jadhav,SS,1
Dr. K Sudhakar,BJP,Shri Sribharat Mathukumilli,TDP,1
Dr. K Sudhakar,BJP,Smt. Geniben Nagaji Thakor,INC,1
Dr. Nishikant Dubey,BJP,Mrs Ruchi Vira,SP,1
Dr. Nishikant Dubey,BJP,Shri Abhishek Banerjee,AITC,1
Dr. Nishikant Dubey,BJP,Shri Daroga Prasad Saroj,SP,1
Dr. Nishikant Dubey,BJP,Shri Sribharat Mathukumilli,TDP,1
Dr. Nishikant Dubey,BJP,Smt. Geniben Nagaji Thakor,INC,1
Dr. Rajesh Mishra,BJP,Mrs Ruchi Vira,SP,1
Dr. Rajesh Mishra,BJP,Shri Abhishek Banerjee,AITC,1
Dr. Rajesh Mishra,BJP,Shri Daroga Prasad Saroj,SP,1
Dr. Rajesh Mishra,BJP,Shri Sribharat Mathukumilli,TDP,1
Dr. Rajesh Mishra,BJP,Smt. Geniben Nagaji Thakor,INC,1
Mrs Ruchi Vira,SP,Shri Abhishek Banerjee,AITC,1
Mrs Ruchi Vira,SP,Shri Bidyut Baran Mahato,BJP,1
Mrs Ruchi Vira,SP,Shri Chandra Prakash Joshi,BJP,1
Mrs Ruchi Vira,SP,Shri Dilip Saikia,BJP,1
Mrs Ruchi Vira,SP,Shri Dineshbhai Makwana,BJP,1
Mrs Ruchi Vira,SP,Shri Lumbaram Choudhary,BJP,1
Mrs Ruchi Vira,SP,Shri Mukeshkumar Chandrakaant Dalal,BJP,1
Mrs Ruchi Vira,SP,Shri Praveen Patel,BJP,1
Mrs Ruchi Vira,SP,Shri Radheshyam Rathiya,BJP,1
Mrs Ruchi Vira,SP,Shri Sanjay Haribhau Jadhav,SS,1
Mrs Ruchi Vira,SP,Shri Sribharat Mathukumilli,TDP,1
Mrs Ruchi Vira,SP,Shri Suresh Kumar Kashyap,BJP,1
Mrs Ruchi Vira,SP,Shri Tejasvi Surya,BJP,1
Mrs Ruchi Vira,SP,Shri Vijay Kumar Dubey,BJP,1
Mrs Ruchi Vira,SP,Shri Vishweshwar Hegde Kageri,BJP,1
Mrs Ruchi Vira,SP,Smt. Geniben Nagaji Thakor,INC,1
Mrs Ruchi Vira,SP,Smt. Roopkumari Choudhary,BJP,1
Shri Abhishek Banerjee,AITC,Shri Bidyut Baran Mahato,BJP,1
Shri Abhishek Banerjee,AITC,Shri Chandra Prakash Joshi,BJP,1
Shri Abhishek Banerjee,AITC,Shri Daroga Prasad Saroj,SP,1
Shri Abhishek Banerjee,AITC,Shri Dilip Saikia,BJP,1
Shri Abhishek Banerjee,AITC,Shri Dineshbhai Makwana,BJP,1
Shri Abhishek Banerjee,AITC,Shri Kanwar Singh Tanwar,BJP,1
Shri Abhishek Banerjee,AITC,Shri Lumbaram Choudhary,BJP,1
Shri Abhishek Banerjee,AITC,Shri Mukeshkumar Chandrakaant Dalal,BJP,1
Shri Abhishek Banerjee,AITC,Shri Praveen Patel,BJP,1
Shri Abhishek Banerjee,AITC,Shri Radheshyam Rathiya,BJP,1
Shri Abhishek Banerjee,AITC,Shri Sanjay Haribhau Jadhav,SS,1
Shri Abhishek Banerjee,AITC,Shri Sribharat Mathukumilli,TDP,1
Shri Abhishek Banerjee,AITC,Shri Suresh Kumar Kashyap,BJP,1
Shri Abhishek Banerjee,AITC,Shri Tejasvi Surya,BJP,1
Shri Abhishek Banerjee,AITC,Shri Vijay Kumar Dubey,BJP,1
Shri Abhishek Banerjee,AITC,Shri Vishweshwar Hegde Kageri,BJP,1
Shri Abhishek Banerjee,AITC,Smt. Geniben Nagaji Thakor,INC,1
Shri Abhishek Banerjee,AITC,Smt. Roopkumari Choudhary,BJP,1
Shri Bidyut Baran Mahato,BJP,Shri Daroga Prasad Saroj,SP,1
Shri Bidyut Baran Mahato,BJP,Shri Sanjay Haribhau Jadhav,SS,1
Shri Bidyut Baran Mahato,BJP,Smt. Geniben Nagaji Thakor,INC,1
Shri Chandra Prakash Joshi,BJP,Shri Daroga Prasad Saroj,SP,1
Shri Chandra Prakash Joshi,BJP,Shri Sribharat Mathukumilli,TDP,1
Shri Chandra Prakash Joshi,BJP,Smt. Geniben Nagaji Thakor,INC,1
Shri Daroga Prasad Saroj,SP,Shri Dilip Saikia,BJP,1
Shri Daroga Prasad Saroj,SP,Shri Dineshbhai Makwana,BJP,1
Shri Daroga Prasad Saroj,SP,Shri Kanwar Singh Tanwar,BJP,1
Shri Daroga Prasad Saroj,SP,Shri Lumbaram Choudhary,BJP,1
Shri Daroga Prasad Saroj,SP,Shri Mukeshkumar Chandrakaant Dalal,BJP,1
Shri Daroga Prasad Saroj,SP,Shri Praveen Patel,BJP,1
Shri Daroga Prasad Saroj,SP,Shri Radheshyam Rathiya,BJP,1
Shri Daroga Prasad Saroj,SP,Shri Sribharat Mathukumilli,TDP,1
Shri Daroga Prasad Saroj,SP,Shri Suresh Kumar Kashyap,BJP,1
Shri Daroga Prasad Saroj,SP,Shri Tejasvi Surya,BJP,1
Shri Daroga Prasad Saroj,SP,Shri Vijay Kumar Dubey,BJP,1
Shri Daroga Prasad Saroj,SP,Shri Vishweshwar Hegde Kageri,BJP,1
Shri Daroga Prasad Saroj,SP,Smt. Geniben Nagaji Thakor,INC,1
Shri Daroga Prasad Saroj,SP,Smt. Roopkumari Choudhary,BJP,1
Shri Dilip Saikia,BJP,Shri Sanjay Haribhau Jadhav,SS,1
Shri Dilip Saikia,BJP,Smt. Geniben Nagaji Thakor,INC,1
Shri Dineshbhai Makwana,BJP,Smt. Geniben Nagaji Thakor,INC,1
Shri Kanwar Singh Tanwar,BJP,Shri Sanjay Haribhau Jadhav,SS,1
Shri Kanwar Singh Tanwar,BJP,Shri Sribharat Mathukumilli,TDP,1
Shri Kanwar Singh Tanwar,BJP,Smt. Geniben Nagaji Thakor,INC,1
Shri Lumbaram Choudhary,BJP,Smt. Geniben Nagaji Thakor,INC,1
Shri Mukeshkumar Chandrakaant Dalal,BJP,Shri Sribharat Mathukumilli,TDP,1
Shri Mukeshkumar Chandrakaant Dalal,BJP,Smt. Geniben Nagaji Thakor,INC,1
Shri Praveen Patel,BJP,Smt. Geniben Nagaji Thakor,INC,1
Shri Radheshyam Rathiya,BJP,Shri Sribharat Mathukumilli,TDP,1
Shri Sanjay Haribhau Jadhav,SS,Shri Sribharat Mathukumilli,TDP,1
Shri Sanjay Haribhau Jadhav,SS,Shri Suresh Kumar Kashyap,BJP,1
Shri Sanjay Haribhau Jadhav,SS,Shri Tejasvi Surya,BJP,1
Shri Sanjay Haribhau Jadhav,SS,Shri Vijay Kumar Dubey,BJP,1
Shri Sanjay Haribhau Jadhav,SS,Smt. Geniben Nagaji Thakor,INC,1
Shri Sanjay Haribhau Jadhav,SS,Smt. Roopkumari Choudhary,BJP,1
Shri Sribharat Mathukumilli,TDP,Shri Suresh Kumar Kashyap,BJP,1
Shri Sribharat Mathukumilli,TDP,Shri Tejasvi Surya,BJP,1
Shri Sribharat Mathukumilli,TDP,Shri Vijay Kumar Dubey,BJP,1
Shri Sribharat Mathukumilli,TDP,Smt. Geniben Nagaji Thakor,INC,1
Shri Sribharat Mathukumilli,TDP,Smt. Roopkumari Choudhary,BJP,1
Shri Suresh Kumar Kashyap,BJP,Smt. Geniben Nagaji Thakor,INC,1
Shri Tejasvi Surya,BJP,Smt. Geniben Nagaji Thakor,INC,1
Shri Vijay Kumar Dubey,BJP,Smt. Geniben Nagaji Thakor,INC,1
Shri Vishweshwar Hegde Kageri,BJP,Smt. Geniben Nagaji Thakor,INC,1
Smt. Geniben Nagaji Thakor,INC,Smt. Roopkumari Choudhary,BJP,1
Shri Dushyant Singh,BJP,Shri T R Baalu,DMK,1
Ms Sayani Ghosh,AITC,Smt. Jyotsna Charandas Mahant,INC,1
Shri Gopal Jee Thakur,BJP,Thiru D M Kathir Anand,DMK,1
Shri Anand Bhadauria,SP,Shri Jai Prakash,BJP,1
Shri Anand Bhadauria,SP,Shri Ve Vaithilingam,INC,1
Shri Jai Prakash,BJP,Shri Ve Vaithilingam,INC,1
Dr. Jayanta Kumar Roy,BJP,Dr. Rajkumar Sangwan,RLD,1
Dr. Gumma Thanuja Rani,YSRCP,Dr. K Sudhakar,BJP,1
Ms Sayani Ghosh,AITC,Shri Ananta Nayak,BJP,1
Shri Balya Mama Suresh Gopinath Mhatre,NCP(SP),Shri Bharatsinhji Shankarji Dabhi,BJP,1
Shri Brijendra Singh Ola,INC,Shri Damodar Agrawal,BJP,1
Shri Eswarasamy K,DMK,Shri P V Midhun Reddy,YSRCP,1
Dr. M P Abdussamad Samadani,IUML,Shri C N Annadurai,DMK,1
Dr. M P Abdussamad Samadani,IUML,Shri Dhairyasheel Sambhajirao Mane,SS,1
Dr. M P Abdussamad Samadani,IUML,Shri Harish Chandra Meena,INC,1
Dr. M P Abdussamad Samadani,IUML,Shri Naveen Jindal,BJP,1
Dr. M P Abdussamad Samadani,IUML,Shri Selvam G,DMK,1
Dr. M P Abdussamad Samadani,IUML,Shri Sudheer Gupta,BJP,1
Dr. Mohammad Jawed,INC,Shri C N Annadurai,DMK,1
Dr. Mohammad Jawed,INC,Shri Naveen Jindal,BJP,1
Dr. Mohammad Jawed,INC,Shri Selvam G,DMK,1
Shri C N Annadurai,DMK,Shri Harish Chandra Meena,INC,1
Shri C N Annadurai,DMK,Shri Naveen Jindal,BJP,1
Shri C N Annadurai,DMK,Smt. Jyotsna Charandas Mahant,INC,1
Shri Dhairyasheel Sambhajirao Mane,SS,Shri Harish Chandra Meena,INC,1
Shri Dhairyasheel Sambhajirao Mane,SS,Shri Naveen Jindal,BJP,1
Shri Dhairyasheel Sambhajirao Mane,SS,Smt. Jyotsna Charandas Mahant,INC,1
Shri Harish Chandra Meena,INC,Shri Naveen Jindal,BJP,1
Shri Harish Chandra Meena,INC,Shri Selvam G,DMK,1
Shri Harish Chandra Meena,INC,Shri Sudheer Gupta,BJP,1
Shri Naveen Jindal,BJP,Shri Selvam G,DMK,1
Shri Naveen Jindal,BJP,Smt. Jyotsna Charandas Mahant,INC,1
Shri Selvam G,DMK,Smt. Jyotsna Charandas Mahant,INC,1
Shri Sudheer Gupta,BJP,Smt. Jyotsna Charandas Mahant,INC,1
Dr. Jayanta Kumar Roy,BJP,Dr. Shrikant Eknath Shinde,SS,1
Dr. Jayanta Kumar Roy,BJP,Shri Naresh Ganpat Mhaske,SS,1
Dr. Jayanta Kumar Roy,BJP,Shri Rajesh Verma,LJSP(RV),1
Dr. Jayanta Kumar Roy,BJP,Smt. Shambhavi,LJSP(RV),1
Dr. Rajesh Mishra,BJP,Dr. Shrikant Eknath Shinde,SS,1
Dr. Rajesh Mishra,BJP,Shri Naresh Ganpat Mhaske,SS,1
Dr. Rajesh Mishra,BJP,Shri Rajesh Verma,LJSP(RV),1
Dr. Rajesh Mishra,BJP,Smt. Shambhavi,LJSP(RV),1
Dr. Shrikant Eknath Shinde,SS,Shri Anurag Singh Thakur,BJP,1
Dr. Shrikant Eknath Shinde,SS,Shri Jashubhai Bhilubhai Rathva,BJP,1
Dr. Shrikant Eknath Shinde,SS,Shri Radheshyam Rathiya,BJP,1
Shri Anurag Singh Thakur,BJP,Shri Naresh Ganpat Mhaske,SS,1
Shri Anurag Singh Thakur,BJP,Shri Rajesh Verma,LJSP(RV),1
Shri Anurag Singh Thakur,BJP,Smt. Shambhavi,LJSP(RV),1
Shri Jashubhai Bhilubhai Rathva,BJP,Shri Naresh Ganpat Mhaske,SS,1
Shri Jashubhai Bhilubhai Rathva,BJP,Shri Rajesh Verma,LJSP(RV),1
Shri Jashubhai Bhilubhai Rathva,BJP,Smt. Shambhavi,LJSP(RV),1
Shri Naresh Ganpat Mhaske,SS,Shri Radheshyam Rathiya,BJP,1
Shri Radheshyam Rathiya,BJP,Shri Rajesh Verma,LJSP(RV),1
Shri Radheshyam Rathiya,BJP,Smt. Shambhavi,LJSP(RV),1
Shri Adhikari Deepak Dev,AITC,Shri Arun Bharti,LJSP(RV),1
Shri Tejasvi Surya,BJP,Shri V K Sreekandan,INC,1
Dr. Alok Kumar Suman,JD(U),Shri Gajendra  Singh Patel,BJP,1
Dr. Alok Kumar Suman,JD(U),Smt. Roopkumari Choudhary,BJP,1
Dr. M K Vishnu Prasad,INC,Shri Babu Singh Kushwaha,SP,1
Dr. Nishikant Dubey,BJP,Shri Babu Singh Kushwaha,SP,1
Shri Babu Singh Kushwaha,SP,Shri K Gopinath,INC,1
Dr. Kirsan Namdeo,INC,Ms Kangna Ranaut,BJP,1
Dr. Kirsan Namdeo,INC,Shri Jagdambika Pal,BJP,1
Ms Kangna Ranaut,BJP,Shri Muhammed Hamdullah Sayeed,INC,1
Shri Muhammed Hamdullah Sayeed,INC,Smt. Kamaljeet Sehrawat,BJP,1
Shri Dhairyasheel Sambhajirao Mane,SS,Shri S Venkatesan,CPI(M),1
Shri S Venkatesan,CPI(M),Shri Sudheer Gupta,BJP,1
Shri Biplab Kumar Deb,BJP,Smt. Geniben Nagaji Thakor,INC,1
Shri Amarsing Tisso,BJP,Shri E T Mohammed Basheer,IUML,1
Ms. S Jothimani,INC,Shri Sribharat Mathukumilli,TDP,1
Shri Bhumare Sandipanrao Asaram,SS,Shri Satpal Brahamchari,INC,1
Shri Gyaneshwar Patil,BJP,Shri Satpal Brahamchari,INC,1
Shri Satpal Brahamchari,INC,Smt. Delkar Kalaben Mohanbhai,BJP,1
Shri Rahul Kaswan,INC,Shri Raju Bista,BJP,1
Dr. Hemant Vishnu Savara,BJP,Shri Azad Kirti Jha,AITC,1
Shri Azad Kirti Jha,AITC,Shri Biplab Kumar Deb,BJP,1
Shri Azad Kirti Jha,AITC,Shri Kanwar Singh Tanwar,BJP,1
Shri Azad Kirti Jha,AITC,Shri Mukeshkumar Chandrakaant Dalal,BJP,1
Shri Azad Kirti Jha,AITC,Shri Parbhubhai Nagarbhai Vasava,BJP,1
Shri Azad Kirti Jha,AITC,Smt. Kamaljeet Sehrawat,BJP,1
Dr. Amol Ramsing Kolhe,NCP(SP),Shri K Radhakrishnan,CPI(M),1
Prof. Varsha Eknath Gaikwad,INC,Shri K Radhakrishnan,CPI(M),1
Shri Bhaskar Murlidhar Bhagare,NCP(SP),Shri K Radhakrishnan,CPI(M),1
Shri K Radhakrishnan,CPI(M),Shri Mohite Patil Dhairyasheel Rajsinh,NCP(SP),1
Shri K Radhakrishnan,CPI(M),Shri Nilesh Dnyandev Lanke,NCP(SP),1
Shri K Radhakrishnan,CPI(M),Shri Sanjay Dina Patil,SS,1
Shri K Radhakrishnan,CPI(M),Smt. Supriya Sule,NCP(SP),1
Prof. Sougata Ray,AITC,Shri Balashowry Vallabhaneni,JSP,1
Shri Madhavaneni Raghunandan Rao,BJP,Shri Ramasahayam Raghuram Reddy,INC,1
Shri Anurag Singh Thakur,BJP,Shri Navaskani K,IUML,1
Shri Arvind Ganpat Sawant,SHS(UBT),Shri Khagen Murmu,BJP,1
Shri Dharmendra Yadav,SP,Shri Khagen Murmu,BJP,1
Shri Dinesh Chandra Yadav,JD(U),Shri Jai Prakash,BJP,1
Shri Jai Prakash,BJP,Shri Kaushalendra Kumar,JD(U),1
Dr. Jayanta Kumar Roy,BJP,Shri Arvind Ganpat Sawant,SHS(UBT),1
Dr. Jayanta Kumar Roy,BJP,Shri Dharmendra Yadav,SP,1
Dr. Jayanta Kumar Roy,BJP,Shri Shrirang Appa Chandu Barne,SS,1
Shri Arvind Ganpat Sawant,SHS(UBT),Shri Bibhu Prasad Tarai,BJP,1
Shri Arvind Ganpat Sawant,SHS(UBT),Shri Darshan Singh Choudhary,BJP,1
Shri Arvind Ganpat Sawant,SHS(UBT),Shri Tejasvi Surya,BJP,1
Shri Bibhu Prasad Tarai,BJP,Shri Dharmendra Yadav,SP,1
Shri Bibhu Prasad Tarai,BJP,Shri Shrirang Appa Chandu Barne,SS,1
Shri Darshan Singh Choudhary,BJP,Shri Dharmendra Yadav,SP,1
Shri Darshan Singh Choudhary,BJP,Shri Shrirang Appa Chandu Barne,SS,1
Shri Dharmendra Yadav,SP,Shri Tejasvi Surya,BJP,1
Shri Harendra Singh Malik,SP,Shri Jashubhai Bhilubhai Rathva,BJP,1
Shri Harendra Singh Malik,SP,Shri Kali Charan Singh,BJP,1
Shri Harendra Singh Malik,SP,Shri Tapir Gao,BJP,1
Shri Harendra Singh Malik,SP,Smt. Anita Nagarsingh Chouhan,BJP,1
Shri Arun Govil,BJP,Shri Charanjit Singh Channi,INC,1
Dr. Jayanta Kumar Roy,BJP,Dr. Shivaji Bandappa Kalge,INC,1
Dr. Shivaji Bandappa Kalge,INC,Shri Alok Sharma,BJP,1
Dr. Shivaji Bandappa Kalge,INC,Shri Anup Sanjay Dhotre,BJP,1
Dr. Shivaji Bandappa Kalge,INC,Shri Hasmukhbhai Somabhai Patel,BJP,1
Dr. Shivaji Bandappa Kalge,INC,Shri Jai Prakash,BJP,1
Dr. Shivaji Bandappa Kalge,INC,Shri Janardan Singh Sigriwal,BJP,1
Dr. Shivaji Bandappa Kalge,INC,Shri Lumbaram Choudhary,BJP,1
Dr. Shivaji Bandappa Kalge,INC,Shri Miteshbhai Rameshbhai Patel,BJP,1
Dr. Shivaji Bandappa Kalge,INC,Shri P C Mohan,BJP,1
Dr. Shivaji Bandappa Kalge,INC,Shri P P Chaudhary,BJP,1
Dr. Shivaji Bandappa Kalge,INC,Shri Parshottambhai Rupala,BJP,1
Dr. Shivaji Bandappa Kalge,INC,Shri Pradeep Kumar Singh,BJP,1
Dr. Shivaji Bandappa Kalge,INC,Shri Yaduveer Wadiyar,BJP,1
Dr. Shivaji Bandappa Kalge,INC,Smt. Bijuli Kalita Medhi,BJP,1
Dr. Shivaji Bandappa Kalge,INC,Smt. Hema Malini,BJP,1
Dr. Shivaji Bandappa Kalge,INC,Smt. Smita Uday Wagh,BJP,1
Shri Balya Mama Suresh Gopinath Mhatre,NCP(SP),Shri Jai Prakash,BJP,1
Shri Balya Mama Suresh Gopinath Mhatre,NCP(SP),Shri Kanwar Singh Tanwar,BJP,1
Shri Balya Mama Suresh Gopinath Mhatre,NCP(SP),Shri Yaduveer Wadiyar,BJP,1
Shri Balya Mama Suresh Gopinath Mhatre,NCP(SP),Smt. Bijuli Kalita Medhi,BJP,1
Shri Balya Mama Suresh Gopinath Mhatre,NCP(SP),Smt. Hema Malini,BJP,1
Shri Balya Mama Suresh Gopinath Mhatre,NCP(SP),Shri Tapir Gao,BJP,1
Shri Arvind Ganpat Sawant,SHS(UBT),Shri Jai Prakash,BJP,1
Shri  Selvaganapathi T.M.,DMK,Shri Ramasahayam Raghuram Reddy,INC,1
Dr. Alok Kumar Suman,JD(U),Dr. K Sudhakar,BJP,1
Dr. Alok Kumar Suman,JD(U),Dr. Rajesh Mishra,BJP,1
Dr. Alok Kumar Suman,JD(U),Dr. Shivaji Bandappa Kalge,INC,1
Dr. Alok Kumar Suman,JD(U),Shri Dineshbhai Makwana,BJP,1
Dr. K Sudhakar,BJP,Dr. Shivaji Bandappa Kalge,INC,1
Shri Bhumare Sandipanrao Asaram,SS,Shri Rajmohan Unnithan,INC,1
Shri Gyaneshwar Patil,BJP,Shri Rajmohan Unnithan,INC,1
Shri Rajmohan Unnithan,INC,Shri Ravindra Dattaram Waikar,SS,1
Shri C N Annadurai,DMK,Shri Dushyant Singh,BJP,1
Shri Dushyant Singh,BJP,Shri Navaskani K,IUML,1
Shri Dushyant Singh,BJP,Shri Selvam G,DMK,1
Dr. M P Abdussamad Samadani,IUML,Shri Ummeda Ram Beniwal,INC,1
Shri Imran Masood,INC,Shri Ramashankar  Vidharthi Rajbhar,SP,1
Dr. Alok Kumar Suman,JD(U),Shri Alok Sharma,BJP,1
Dr. Alok Kumar Suman,JD(U),Shri Damodar Agrawal,BJP,1
Dr. Alok Kumar Suman,JD(U),Shri Radheshyam Rathiya,BJP,1
Shri Chamala Kiran Kumar Reddy,INC,Shri Kota Srinivasa Poojary,BJP,1
Shri Anto Antony,INC,Shri Vijay Kumar Hansdak,JMM,1
Shri K C Venugopal,INC,Shri Vijay Kumar Hansdak,JMM,1
Dr. Vinod Kumar Bind,BJP,Shri Hanuman Beniwal,RLP,1
Shri Hanuman Beniwal,RLP,Shri Pratap Chandra Sarangi,BJP,1
Shri Hanuman Beniwal,RLP,Shri Vishnu Dayal Ram,BJP,1
Shri Hanuman Beniwal,RLP,Smt. Bijuli Kalita Medhi,BJP,1
Dr. Indra Hang Subba,SKM,Shri Devesh Chandra Thakur,JD(U),1
Shri Gurjeet Singh Aujla,INC,Shri Shrirang Appa Chandu Barne,SS,1
Shri Gurjeet Singh Aujla,INC,Smt. Bharti Pardhi,BJP,1
Shri P V Midhun Reddy,YSRCP,Shri Vishnu Datt Sharma,BJP,1
Shri Gopal Jee Thakur,BJP,Shri Satpal Brahamchari,INC,1
Shri Arun Bharti,LJSP(RV),Shri Shankar Lalwani,BJP,1
Shri Arun Bharti,LJSP(RV),Smt. Smita Uday Wagh,BJP,1
Adv. Adoor Prakash,INC,Shri Jai Prakash,BJP,1
Shri Jai Prakash,BJP,Shri Kuldeep Indora,INC,1
Shri Rambhual Nishad,SP,Shri V K Sreekandan,INC,1
Ms Iqra Choudhary,SP,Shri Praveen Patel,BJP,1
Dr. Amar Singh,INC,Dr. M P Abdussamad Samadani,IUML,1
Dr. Bachhav Shobha Dinesh,INC,Shri Damodar Agrawal,BJP,1
Shri Kota Srinivasa Poojary,BJP,Shri Shafi Parambil,INC,1
Shri Ashok Kumar Rawat,BJP,Shri Rakesh Rathor,INC,1
Shri Anup Sanjay Dhotre,BJP,Smt. Geniben Nagaji Thakor,INC,1
Shri Manish Jaiswal,BJP,Smt. Geniben Nagaji Thakor,INC,1
Shri Imran Masood,INC,Shri K Radhakrishnan,CPI(M),1
Shri Naveen Jindal,BJP,Shri P V Midhun Reddy,YSRCP,1
Dr. Rajkumar Sangwan,RLD,Shri Ramvir Singh Bidhuri,BJP,1
Dr. Gumma Thanuja Rani,YSRCP,Shri Durai Vaiko,MDMK,1
Shri Durai Vaiko,MDMK,Shri Maddila Gurumoorthy,YSRCP,1
Shri Benny Behanan,INC,Shri Rajesh Ranjan,IND.,1
Shri Azad Kirti Jha,AITC,Shri K C Venugopal,INC,1
Dr. Manna Lal Rawat,BJP,Shri Bhumare Sandipanrao Asaram,SS,1
Dr. Manna Lal Rawat,BJP,Shri Ravindra Dattaram Waikar,SS,1
Shri Lavu Sri Krishna Devarayalu,TDP,Shri S Venkatesan,CPI(M),1
Adv. Adoor Prakash,INC,Shri Rajesh Ranjan,IND.,1
Shri Amrinder Singh Raja Warring,INC,Shri Maddila Gurumoorthy,YSRCP,1
Shri Ananta Nayak,BJP,Shri Ramashankar  Vidharthi Rajbhar,SP,1
Shri Dhairyasheel Sambhajirao Mane,SS,Shri Ramashankar  Vidharthi Rajbhar,SP,1
Shri Ramashankar  Vidharthi Rajbhar,SP,Shri Sudheer Gupta,BJP,1
Dr. M K Vishnu Prasad,INC,Shri Sudhakar Singh,RJD,1
Shri Imran Masood,INC,Shri Sudhakar Singh,RJD,1
Shri K Gopinath,INC,Shri Sudhakar Singh,RJD,1
Shri Kodikunnil Suresh,INC,Shri Sudhakar Singh,RJD,1
Dr. Kadiyam Kavya,INC,Shri Daggumalla Prasada Rao,TDP,1
Com. Selvaraj V,CPI,Shri Dileshwar Kamait,JD(U),1
Shri Dileshwar Kamait,JD(U),Shri S Venkatesan,CPI(M),1
Shri Dileshwar Kamait,JD(U),Shri Subbarayan K,CPI,1
Shri Kesineni Sivanath,TDP,Smt. Rachna Banerjee,AITC,1
Shri Bunty Vivek Sahu,BJP,Shri Dharmendra Yadav,SP,1
Shri Bunty Vivek Sahu,BJP,Shri Hanuman Beniwal,RLP,1
Shri Chavda Vinod Lakhamshi,BJP,Shri Dharmendra Yadav,SP,1
Shri Chavda Vinod Lakhamshi,BJP,Shri Hanuman Beniwal,RLP,1
Shri Dharmendra Yadav,SP,Shri Ganesh Singh,BJP,1
Shri Dharmendra Yadav,SP,Shri Hanuman Beniwal,RLP,1
Shri Dharmendra Yadav,SP,Shri Janardan Mishra,BJP,1
Shri Dharmendra Yadav,SP,Shri Jugal Kishore,BJP,1
Shri Dharmendra Yadav,SP,Shri Mahesh Kashyap,BJP,1
Shri Dharmendra Yadav,SP,Shri Manish Jaiswal,BJP,1
Shri Dharmendra Yadav,SP,Shri Mukesh Rajput,BJP,1
Shri Dharmendra Yadav,SP,Shri Mukeshkumar Chandrakaant Dalal,BJP,1
Shri Dharmendra Yadav,SP,Shri Pradeep Kumar Singh,BJP,1
Shri Dharmendra Yadav,SP,Shri Ravindra Shukla Alias Ravi Kishan,BJP,1
Shri Ganesh Singh,BJP,Shri Hanuman Beniwal,RLP,1
Shri Hanuman Beniwal,RLP,Shri Janardan Mishra,BJP,1
Shri Hanuman Beniwal,RLP,Shri Jugal Kishore,BJP,1
Shri Hanuman Beniwal,RLP,Shri Mahesh Kashyap,BJP,1
Shri Hanuman Beniwal,RLP,Shri Mukesh Rajput,BJP,1
Shri Hanuman Beniwal,RLP,Shri Mukeshkumar Chandrakaant Dalal,BJP,1
Shri Hanuman Beniwal,RLP,Shri Ravindra Shukla Alias Ravi Kishan,BJP,1
Shri Hanuman Beniwal,RLP,Shri Shrirang Appa Chandu Barne,SS,1
Shri Hanuman Beniwal,RLP,Smt. Bharti Pardhi,BJP,1
Shri Jugal Kishore,BJP,Shri Shrirang Appa Chandu Barne,SS,1
Shri Mahesh Kashyap,BJP,Shri Shrirang Appa Chandu Barne,SS,1
Shri Mukesh Rajput,BJP,Shri Shrirang Appa Chandu Barne,SS,1
Shri Benny Behanan,INC,Shri Vijay Kumar Hansdak,JMM,1
Shri Hibi Eden,INC,Shri Vijay Kumar Hansdak,JMM,1
Shri Benny Behanan,INC,Shri Vishnu Dayal Ram,BJP,1
Shri Varun Chaudhry,INC,Shri Vishnu Dayal Ram,BJP,1
Dr. Lata Wankhede,BJP,Shri E T Mohammed Basheer,IUML,1
Shri Narayan Tatu Rane,BJP,Shri Ram Shiromani Verma,SP,1
Shri Amra Ram,CPI(M),Shri Shafi Parambil,INC,1
Dr. Shivaji Bandappa Kalge,INC,Shri B K Parthasarathi,TDP,1
Dr. Shivaji Bandappa Kalge,INC,Smt. Kanimozhi Karunanidhi,DMK,1
Shri B K Parthasarathi,TDP,Smt. Kanimozhi Karunanidhi,DMK,1
Shri Adhikari Deepak Dev,AITC,Shri Anand Bhadauria,SP,1
Shri Adhikari Deepak Dev,AITC,Shri Dharambir Singh,BJP,1
Shri Anand Bhadauria,SP,Shri Dharambir Singh,BJP,1
Adv Gowaal Kagada Padavi,INC,Shri K Radhakrishnan,CPI(M),1
Dr. M P Abdussamad Samadani,IUML,Shri K Radhakrishnan,CPI(M),1
Shri Devesh Shakya,SP,Shri Radheshyam Rathiya,BJP,1
Shri Anto Antony,INC,Shri Eatala Rajender,BJP,1
Shri Anto Antony,INC,Smt. D K Aruna,BJP,1
Shri Eatala Rajender,BJP,Shri Kuldeep Indora,INC,1
Shri Kuldeep Indora,INC,Smt. D K Aruna,BJP,1
Dr. Shivaji Bandappa Kalge,INC,Shri Balabhadra Majhi,BJP,1
Dr. Shivaji Bandappa Kalge,INC,Shri Jugal Kishore,BJP,1
Dr. Shivaji Bandappa Kalge,INC,Shri Anand Bhadauria,SP,1
Adv. Chandra Shekhar,ASP (KR),Prof. Sougata Ray,AITC,1
Adv. Chandra Shekhar,ASP (KR),Shri  Selvaganapathi T.M.,DMK,1
Adv. Chandra Shekhar,ASP (KR),Shri Gaddigoudar Parvatagouda Chandanagouda,BJP,1
Adv. Chandra Shekhar,ASP (KR),Shri Hibi Eden,INC,1
Adv. Chandra Shekhar,ASP (KR),Shri Kuldeep Indora,INC,1
Adv. Chandra Shekhar,ASP (KR),Shri Manish Tewari,INC,1
Adv. Chandra Shekhar,ASP (KR),Shri Tejasvi Surya,BJP,1
Adv. Chandra Shekhar,ASP (KR),Smt. Sajda Ahmed,AITC,1
Dr. Kirsan Namdeo,INC,Shri Tejasvi Surya,BJP,1
Prof. Sougata Ray,AITC,Shri Gaddigoudar Parvatagouda Chandanagouda,BJP,1
Prof. Sougata Ray,AITC,Shri Kuldeep Indora,INC,1
Shri  Selvaganapathi T.M.,DMK,Shri Gaddigoudar Parvatagouda Chandanagouda,BJP,1
Shri  Selvaganapathi T.M.,DMK,Shri Kuldeep Indora,INC,1
Shri  Selvaganapathi T.M.,DMK,Shri Manish Tewari,INC,1
Shri  Selvaganapathi T.M.,DMK,Shri Tejasvi Surya,BJP,1
Shri Gaddigoudar Parvatagouda Chandanagouda,BJP,Shri Hibi Eden,INC,1
Shri Gaddigoudar Parvatagouda Chandanagouda,BJP,Shri Kuldeep Indora,INC,1
Shri Gaddigoudar Parvatagouda Chandanagouda,BJP,Shri Manish Tewari,INC,1
Shri Gaddigoudar Parvatagouda Chandanagouda,BJP,Smt. Sajda Ahmed,AITC,1
Shri Hibi Eden,INC,Shri Tejasvi Surya,BJP,1
Shri Kuldeep Indora,INC,Smt. Sajda Ahmed,AITC,1
Shri Manish Tewari,INC,Shri Tejasvi Surya,BJP,1
Shri Tejasvi Surya,BJP,Smt. Sajda Ahmed,AITC,1
Adv K. Francis George,KEC,Shri Anto Antony,INC,1
Shri K Radhakrishnan,CPI(M),Shri Rajmohan Unnithan,INC,1
Shri Ajay Kumar Mandal,JD(U),Shri Chandra Prakash Choudhary,AJSU,1
Shri Mani A,DMK,Smt. Mala Roy,AITC,1
Dr. Rajkumar Sangwan,RLD,Mrs Ruchi Vira,SP,1
Dr. Shivaji Bandappa Kalge,INC,Shri Parbhubhai Nagarbhai Vasava,BJP,1
Shri Anil Yeshwant Desai,SHS(UBT),Shri Shrirang Appa Chandu Barne,SS,1
Shri Anil Yeshwant Desai,SHS(UBT),Smt. Bharti Pardhi,BJP,1
Shri Ashish Dubey,BJP,Shri Balya Mama Suresh Gopinath Mhatre,NCP(SP),1
Shri Balya Mama Suresh Gopinath Mhatre,NCP(SP),Shri Darshan Singh Choudhary,BJP,1
Dr. Hemant Vishnu Savara,BJP,Smt. Mala Roy,AITC,1
Shri Chintamani Maharaj,BJP,Smt. Mala Roy,AITC,1
Shri Kali Charan Singh,BJP,Smt. Mala Roy,AITC,1
Shri Manish Jaiswal,BJP,Smt. Mala Roy,AITC,1
Shri Naba Charan Majhi,BJP,Smt. Mala Roy,AITC,1
Shri Pradeep Kumar Singh,BJP,Smt. Mala Roy,AITC,1
Shri Yogender Chandolia,BJP,Smt. Mala Roy,AITC,1
Shri Kota Srinivasa Poojary,BJP,Shri Ravindra Dattaram Waikar,SS,1
Shri Deepender Singh Hooda,INC,Thiru D M Kathir Anand,DMK,1
Com. Selvaraj V,CPI,Shri Balwant Baswant Wankhade,INC,1
Com. Selvaraj V,CPI,Shri Gaddigoudar Parvatagouda Chandanagouda,BJP,1
Shri Balwant Baswant Wankhade,INC,Shri Gaddigoudar Parvatagouda Chandanagouda,BJP,1
Shri Balwant Baswant Wankhade,INC,Shri S Venkatesan,CPI(M),1
Shri Balwant Baswant Wankhade,INC,Shri Subbarayan K,CPI,1
Shri Gaddigoudar Parvatagouda Chandanagouda,BJP,Shri S Venkatesan,CPI(M),1
Shri Gaddigoudar Parvatagouda Chandanagouda,BJP,Shri Subbarayan K,CPI,1
Dr. Alok Kumar Suman,JD(U),Shri Mukesh Rajput,BJP,1
Shri Amrinder Singh Raja Warring,INC,Shri Janardan Singh Sigriwal,BJP,1
Dr. Nishikant Dubey,BJP,Shri Amrinder Singh Raja Warring,INC,1
Shri Balya Mama Suresh Gopinath Mhatre,NCP(SP),Shri Govind Makthappa Karjol,BJP,1
Shri Adhikari Deepak Dev,AITC,Shri Varun Chaudhry,INC,1
Shri K Radhakrishnan,CPI(M),Smt. Rachna Banerjee,AITC,1
Shri Asaduddin Owaisi,AIMIM,Shri Tharaniventhan M S,DMK,1
Shri Anil Yeshwant Desai,SHS(UBT),Smt. Rachna Banerjee,AITC,1
Dr. Kalyan Vaijinathrao Kale,INC,Smt. Mala Roy,AITC,1
Shri B K Parthasarathi,TDP,Shri Shafi Parambil,INC,1
Shri Kesineni Sivanath,TDP,Shri Vijay Kumar Dubey,BJP,1
Shri Asaduddin Owaisi,AIMIM,Shri Manish Tewari,INC,1
Md. Rakibul Hussain,INC,Shri Radheshyam Rathiya,BJP,1
Dr. Kalanidhi Veeraswamy,DMK,Shri Shafi Parambil,INC,1
Shri  Selvaganapathi T.M.,DMK,Shri Shafi Parambil,INC,1
Shri Amra Ram,CPI(M),Shri Sukhjinder Singh Randhawa,INC,1
Dr. M P Abdussamad Samadani,IUML,Smt. Mala Roy,AITC,1
Shri M K Raghavan,INC,Shri Nalin Soren,JMM,1
Dr. Nishikant Dubey,BJP,Shri Appalanaidu Kalisetti,TDP,1
Shri Bhartruhari Mahtab,BJP,Smt. Geniben Nagaji Thakor,INC,1
Shri Rajeev Rai,SP,Smt. Jyotsna Charandas Mahant,INC,1
Dr. Bhola Singh,BJP,Shri Prabhakar Reddy Vemireddy,TDP,1
Shri B K Parthasarathi,TDP,Shri Rajiv Pratap Rudy,BJP,1
Shri Kesineni Sivanath,TDP,Shri Rajiv Pratap Rudy,BJP,1
Shri Jyotirmay Singh Mahato,BJP,Shri Saptagiri Sankar Ulaka,INC,1
Smt. Pratima Mondal,AITC,Smt. Sangeeta Kumari Singh Deo,BJP,1
Shri Chavan Vasantrao Balwantrao,Unknown,Shri G M Harish Balayogi,TDP,1
Shri Chavan Vasantrao Balwantrao,Unknown,Shri Magunta Sreenivasulu Reddy,TDP,1
Shri Dhairyasheel Sambhajirao Mane,SS,Shri G M Harish Balayogi,TDP,1
Shri Dhairyasheel Sambhajirao Mane,SS,Shri Magunta Sreenivasulu Reddy,TDP,1
Shri G M Harish Balayogi,TDP,Shri Sudheer Gupta,BJP,1
Shri Magunta Sreenivasulu Reddy,TDP,Shri Sudheer Gupta,BJP,1
Dr. Byreddy Shabari,TDP,Shri Anto Antony,INC,1
Dr. Byreddy Shabari,TDP,Shri Rahul Kaswan,INC,1
Shri Anto Antony,INC,Shri G M Harish Balayogi,TDP,1
Shri G M Harish Balayogi,TDP,Shri Rahul Kaswan,INC,1
Shri Deepender Singh Hooda,INC,Shri Dharambir Singh,BJP,1
Dr. Gumma Thanuja Rani,YSRCP,Shri Putta Mahesh Kumar,TDP,1
Dr. Jayanta Kumar Roy,BJP,Shri C N Annadurai,DMK,1
Dr. Jayanta Kumar Roy,BJP,Shri Navaskani K,IUML,1
Dr. Jayanta Kumar Roy,BJP,Shri Selvam G,DMK,1
Shri Asaduddin Owaisi,AIMIM,Shri Harish Chandra Meena,INC,1
Shri Asaduddin Owaisi,AIMIM,Shri Shafi Parambil,INC,1
Shri Asaduddin Owaisi,AIMIM,Smt. Jyotsna Charandas Mahant,INC,1
Shri Dushyant Singh,BJP,Shri Y S Avinash Reddy,YSRCP,1
Shri Jagdambika Pal,BJP,Smt. Shambhavi,LJSP(RV),1
Shri Kripanath Mallah,BJP,Shri Y S Avinash Reddy,YSRCP,1
Shri Kripanath Mallah,BJP,Smt. Shambhavi,LJSP(RV),1
Shri Y S Avinash Reddy,YSRCP,Smt. Shambhavi,LJSP(RV),1
Shri Arvind Ganpat Sawant,SHS(UBT),Shri Lavu Sri Krishna Devarayalu,TDP,1
Shri Lavu Sri Krishna Devarayalu,TDP,Shri Sanjay Haribhau Jadhav,SS,1
Shri Lavu Sri Krishna Devarayalu,TDP,Shri Shrirang Appa Chandu Barne,SS,1
Md. Rakibul Hussain,INC,Shri Phani Bhusan Choudhury,AGP,1
Prof. Sougata Ray,AITC,Shri Manickam Tagore B,INC,1
Prof. Sougata Ray,AITC,Shri Sachithanantham R,CPI(M),1
Shri Anto Antony,INC,Shri Sachithanantham R,CPI(M),1
Shri Manickam Tagore B,INC,Shri Sachithanantham R,CPI(M),1
Shri Sachithanantham R,CPI(M),Shri Vijayakumar Alias Vijay Vasanth,INC,1
Shri Ajay Bhatt,BJP,Shri Nalin Soren,JMM,1
Shri Maddila Gurumoorthy,YSRCP,Shri Ramasahayam Raghuram Reddy,INC,1
Dr. Alok Kumar Suman,JD(U),Shri Baijayant Panda,BJP,1
Shri Amarsing Tisso,BJP,Shri Kaushalendra Kumar,JD(U),1
Dr. Rajesh Mishra,BJP,Shri Raja A,DMK,1
Dr. Indra Hang Subba,SKM,Shri Shafi Parambil,INC,1
Dr. Indra Hang Subba,SKM,Shri Sukhdeo Bhagat,INC,1
Shri Kamakhya Prasad Tasa,BJP,Shri Krishna Prasad Tenneti,TDP,1
Dr. Mohammad Jawed,INC,Dr. Rani Srikumar,DMK,1
Dr. Rani Srikumar,DMK,Shri K Sudhakaran,INC,1
Dr. C M Ramesh,BJP,Shri K Sudhakaran,INC,1
Dr. C M Ramesh,BJP,Shri Sukhdeo Bhagat,INC,1
Dr. Prabha Mallikarjun,INC,Shri Govind Makthappa Karjol,BJP,1
Dr. Bhola Singh,BJP,Shri C N Annadurai,DMK,1
Dr. Bhola Singh,BJP,Shri M K Raghavan,INC,1
Dr. Bhola Singh,BJP,Shri Navaskani K,IUML,1
Dr. Bhola Singh,BJP,Shri Selvam G,DMK,1
Dr. Bhola Singh,BJP,Shri Y S Avinash Reddy,YSRCP,1
Dr. Bhola Singh,BJP,Thiru Dayanidhi Maran,DMK,1
Shri C N Annadurai,DMK,Shri M K Raghavan,INC,1
Shri C N Annadurai,DMK,Shri Vishnu Datt Sharma,BJP,1
Shri C N Annadurai,DMK,Shri Y S Avinash Reddy,YSRCP,1
Shri M K Raghavan,INC,Shri Navaskani K,IUML,1
Shri M K Raghavan,INC,Shri Selvam G,DMK,1
Shri M K Raghavan,INC,Shri Vishnu Datt Sharma,BJP,1
Shri M K Raghavan,INC,Shri Y S Avinash Reddy,YSRCP,1
Shri M K Raghavan,INC,Thiru Dayanidhi Maran,DMK,1
Shri Navaskani K,IUML,Shri Vishnu Datt Sharma,BJP,1
Shri Selvam G,DMK,Shri Vishnu Datt Sharma,BJP,1
Shri Selvam G,DMK,Shri Y S Avinash Reddy,YSRCP,1
Shri Vishnu Datt Sharma,BJP,Shri Y S Avinash Reddy,YSRCP,1
Shri Vishnu Datt Sharma,BJP,Thiru Dayanidhi Maran,DMK,1
Shri Deepender Singh Hooda,INC,Shri Matheswaran V S,DMK,1
Shri Gaurav Gogoi,INC,Shri Rajkumar Roat,BAP,1
Prof. Sougata Ray,AITC,Shri Chavan Vasantrao Balwantrao,Unknown,1
Prof. Sougata Ray,AITC,Shri Dhairyasheel Sambhajirao Mane,SS,1
Prof. Sougata Ray,AITC,Shri Prabhakar Reddy Vemireddy,TDP,1
Prof. Sougata Ray,AITC,Shri Rajiv Pratap Rudy,BJP,1
Prof. Sougata Ray,AITC,Shri Sudheer Gupta,BJP,1
Shri Chavan Vasantrao Balwantrao,Unknown,Shri Prabhakar Reddy Vemireddy,TDP,1
Shri Chavan Vasantrao Balwantrao,Unknown,Shri Rajiv Pratap Rudy,BJP,1
Shri Dhairyasheel Sambhajirao Mane,SS,Shri Prabhakar Reddy Vemireddy,TDP,1
Shri Prabhakar Reddy Vemireddy,TDP,Shri Sudheer Gupta,BJP,1
Shri Abhay Kumar Sinha,RJD,Shri Kaushalendra Kumar,JD(U),1
Dr. D. Purandeswari,BJP,Shri Vijay Kumar Hansdak,JMM,1
Dr. Shrikant Eknath Shinde,SS,Shri Vijay Kumar Hansdak,JMM,1
Shri Naresh Ganpat Mhaske,SS,Shri Vijay Kumar Hansdak,JMM,1
Shri Praveen Patel,BJP,Shri Vijay Kumar Hansdak,JMM,1
Dr. Alok Kumar Suman,JD(U),Shri Ajay Bhatt,BJP,1
Shri Bhartruhari Mahtab,BJP,Shri Khalilur Rahaman,AITC,1
Dr. C M Ramesh,BJP,Shri Ramasahayam Raghuram Reddy,INC,1
Com. Selvaraj V,CPI,Shri V K Sreekandan,INC,1
Shri Subbarayan K,CPI,Shri V K Sreekandan,INC,1
Dr. Bachhav Shobha Dinesh,INC,Dr. Pradeep Kumar Panigrahy,BJP,1
Dr. Bachhav Shobha Dinesh,INC,Shri Dileshwar Kamait,JD(U),1
Dr. Pradeep Kumar Panigrahy,BJP,Shri Dileshwar Kamait,JD(U),1
Shri Dileshwar Kamait,JD(U),Shri Virendra Singh,SP,1
Shri Gopal Jee Thakur,BJP,Shri Murari Lal Meena,INC,1
Shri Murari Lal Meena,INC,Smt. Aparajita Sarangi,BJP,1
Shri Ajay Kumar Mandal,JD(U),Shri K Gopinath,INC,1
Shri Asaduddin Owaisi,AIMIM,Shri Rajmohan Unnithan,INC,1
Shri Arvind Ganpat Sawant,SHS(UBT),Shri Chavan Vasantrao Balwantrao,Unknown,1
Shri Arvind Ganpat Sawant,SHS(UBT),Shri Dhairyasheel Sambhajirao Mane,SS,1
Shri Arvind Ganpat Sawant,SHS(UBT),Shri Sudheer Gupta,BJP,1
Shri Chavan Vasantrao Balwantrao,Unknown,Shri Shrirang Appa Chandu Barne,SS,1
Shri Chavan Vasantrao Balwantrao,Unknown,Shri Shyamkumar Daulat Barve,INC,1
Shri Dhairyasheel Sambhajirao Mane,SS,Shri Shyamkumar Daulat Barve,INC,1
Shri Shrirang Appa Chandu Barne,SS,Shri Sudheer Gupta,BJP,1
Shri Shyamkumar Daulat Barve,INC,Shri Sudheer Gupta,BJP,1
Adv K. Francis George,KEC,Shri K C Venugopal,INC,1
Shri Eswarasamy K,DMK,Shri Sanjay Uttamrao Deshmukh,SS,1
Adv. Chandra Shekhar,ASP (KR),Dr. Shashi Tharoor,INC,1
Shri Gurmeet Singh Meet Hayer,AAP,Shri Vijay Kumar Dubey,BJP,1
Shri Khagen Murmu,BJP,Shri Y S Avinash Reddy,YSRCP,1
Shri Rajkumar Chahar,BJP,Shri Y S Avinash Reddy,YSRCP,1
Shri Vijay Baghel,BJP,Shri Y S Avinash Reddy,YSRCP,1
Shri Aashtikar Patil Nagesh Bapurao,SS,Smt. Delkar Kalaben Mohanbhai,BJP,1
Dr. Rajeev Bharadwaj,BJP,Shri K C Venugopal,INC,1
Dr. Rajeev Bharadwaj,BJP,Shri Manickam Tagore B,INC,1
Dr. Rajeev Bharadwaj,BJP,Shri Saptagiri Sankar Ulaka,INC,1
Dr. Rajeev Bharadwaj,BJP,Shri Vijayakumar Alias Vijay Vasanth,INC,1
Dr. Rajeev Bharadwaj,BJP,Smt. Jyotsna Charandas Mahant,INC,1
Dr. Shashi Tharoor,INC,Shri Adhikari Deepak Dev,AITC,1
Shri Bidyut Baran Mahato,BJP,Shri E T Mohammed Basheer,IUML,1
Shri Biplab Kumar Deb,BJP,Shri E T Mohammed Basheer,IUML,1
Shri Dharambir Singh,BJP,Shri E T Mohammed Basheer,IUML,1
Shri E T Mohammed Basheer,IUML,Shri Manoj Tiwari,BJP,1
Shri Appalanaidu Kalisetti,TDP,Shri Maddila Gurumoorthy,YSRCP,1
Shri G Lakshminarayana,TDP,Shri Maddila Gurumoorthy,YSRCP,1
Dr. Amar Singh,INC,Shri Arun Bharti,LJSP(RV),1
Km. Sudha R,INC,Shri Pradyut Bordoloi,Unknown,1
Km. Sudha R,INC,Shri Vishaldada Prakashbapu Patil,IND.,1
Shri Vishaldada Prakashbapu Patil,IND.,Smt. Jyotsna Charandas Mahant,INC,1
Dr. D Ravi Kumar,VCK,Dr. Nishikant Dubey,BJP,1
Dr. Nishikant Dubey,BJP,Dr. Thirumaavalavan Tholkappiyan,VCK,1
Dr. Nishikant Dubey,BJP,Shri C N Annadurai,DMK,1
Dr. Nishikant Dubey,BJP,Shri Selvam G,DMK,1
Shri Dushyant Singh,BJP,Shri Omprakash Bhupalsinh Alias Pavan Rajenimbalkar,SS,1
Shri Dushyant Singh,BJP,Shri Sanjay Haribhau Jadhav,SS,1
Shri Jyotirmay Singh Mahato,BJP,Shri Omprakash Bhupalsinh Alias Pavan Rajenimbalkar,SS,1
Shri Jyotirmay Singh Mahato,BJP,Shri Sanjay Haribhau Jadhav,SS,1
Adv Dean Kuriakose,INC,Shri Rajkumar Roat,BAP,1
Shri Chamala Kiran Kumar Reddy,INC,Shri Rajkumar Roat,BAP,1
Shri Hibi Eden,INC,Shri Rajkumar Roat,BAP,1
Shri Murari Lal Meena,INC,Shri Rajkumar Roat,BAP,1
Shri Rajkumar Roat,BAP,Shri Shafi Parambil,INC,1
Shri Rajkumar Roat,BAP,Shri Sukhdeo Bhagat,INC,1
Shri Rajkumar Roat,BAP,Smt. Jyotsna Charandas Mahant,INC,1
Shri Dharmendra Yadav,SP,Shri Shyamkumar Daulat Barve,INC,1
Shri Kota Srinivasa Poojary,BJP,Shri Y S Avinash Reddy,YSRCP,1
Dr. D Ravi Kumar,VCK,Shri Giridhari Yadav,JD(U),1
Dr. D Ravi Kumar,VCK,Shri Sudhakar Singh,RJD,1
Shri Giridhari Yadav,JD(U),Shri Sudhakar Singh,RJD,1
Dr. Jayanta Kumar Roy,BJP,Shri Patel Umeshbhai Babubhai,IND.,1
Dr. Jayanta Kumar Roy,BJP,Shri Ravindra Dattaram Waikar,SS,1
Dr. Nishikant Dubey,BJP,Shri Patel Umeshbhai Babubhai,IND.,1
Shri Patel Umeshbhai Babubhai,IND.,Shri Ravindra Dattaram Waikar,SS,1
Prof. Sougata Ray,AITC,Shri V K Sreekandan,INC,1
Shri Balya Mama Suresh Gopinath Mhatre,NCP(SP),Shri Sukanta Kumar Panigrahi,BJP,1
Dr. Gumma Thanuja Rani,YSRCP,Shri Ramasahayam Raghuram Reddy,INC,1
Shri P V Midhun Reddy,YSRCP,Shri Ramasahayam Raghuram Reddy,INC,1
Adv. Adoor Prakash,INC,Shri Magunta Sreenivasulu Reddy,TDP,1
Shri Dinesh Chandra Yadav,JD(U),Smt. Sandhya Ray,BJP,1
Shri Hanuman Beniwal,RLP,Shri Satpal Brahamchari,INC,1
Shri Abhishek Banerjee,AITC,Shri Ganesh Singh,BJP,1
Shri Abhishek Banerjee,AITC,Shri Janardan Mishra,BJP,1
Shri Abhishek Banerjee,AITC,Shri Pradeep Purohit,BJP,1
Shri Abhishek Banerjee,AITC,Shri Vijay Baghel,BJP,1
Shri Pradyut Bordoloi,Unknown,Shri Shafi Parambil,INC,1
Shri Hanuman Beniwal,RLP,Shri Rajesh Verma,LJSP(RV),1
Shri Pradeep Kumar Singh,BJP,Shri Rajesh Verma,LJSP(RV),1
Shri Murari Lal Meena,INC,Shri Pradeep Purohit,BJP,1
Shri Anurag Singh Thakur,BJP,Shri Murari Lal Meena,INC,1
Shri Balya Mama Suresh Gopinath Mhatre,NCP(SP),Shri Lavu Sri Krishna Devarayalu,TDP,1
Shri Balya Mama Suresh Gopinath Mhatre,NCP(SP),Shri Rajkumar Chahar,BJP,1
Shri Lavu Sri Krishna Devarayalu,TDP,Shri Parshottambhai Rupala,BJP,1
Dr. Amol Ramsing Kolhe,NCP(SP),Dr. Hemant Vishnu Savara,BJP,1
Dr. Hemant Vishnu Savara,BJP,Prof. Varsha Eknath Gaikwad,INC,1
Dr. Hemant Vishnu Savara,BJP,Shri Aashtikar Patil Nagesh Bapurao,SS,1
Dr. Hemant Vishnu Savara,BJP,Shri Bhaskar Murlidhar Bhagare,NCP(SP),1
Dr. Hemant Vishnu Savara,BJP,Shri Mohite Patil Dhairyasheel Rajsinh,NCP(SP),1
Dr. Hemant Vishnu Savara,BJP,Shri Nilesh Dnyandev Lanke,NCP(SP),1
Dr. Hemant Vishnu Savara,BJP,Shri Sanjay Dina Patil,SS,1
Dr. Hemant Vishnu Savara,BJP,Smt. Supriya Sule,NCP(SP),1
Ms. Praniti Sushilkumar Shinde,INC,Shri Omprakash Bhupalsinh Alias Pavan Rajenimbalkar,SS,1
Shri Lumbaram Choudhary,BJP,Shri Putta Mahesh Kumar,TDP,1
Shri Pradeep Purohit,BJP,Shri Putta Mahesh Kumar,TDP,1
Shri Putta Mahesh Kumar,TDP,Shri Tatkare Sunil Dattatrey,NCP,1
Dr. Shashi Tharoor,INC,Shri K Radhakrishnan,CPI(M),1
Shri Brijmohan Agrawal,BJP,Shri E T Mohammed Basheer,IUML,1
Shri E T Mohammed Basheer,IUML,Shri Jugal Kishore,BJP,1
Shri E T Mohammed Basheer,IUML,Shri Karan Bhushan Singh,BJP,1
Shri Maddila Gurumoorthy,YSRCP,Shri Vijayakumar Alias Vijay Vasanth,INC,1
Shri Abhishek Banerjee,AITC,Shri Giridhari Yadav,JD(U),1
Shri Abhishek Banerjee,AITC,Shri Kaushalendra Kumar,JD(U),1
Shri Abhishek Banerjee,AITC,Smt. Lovely Anand,JD(U),1
Shri B K Parthasarathi,TDP,Shri K Radhakrishnan,CPI(M),1
Dr. Byreddy Shabari,TDP,Dr. Vinod Kumar Bind,BJP,1
Dr. Byreddy Shabari,TDP,Shri Pratap Chandra Sarangi,BJP,1
Shri Yogender Chandolia,BJP,Smt. Geniben Nagaji Thakor,INC,1
Shri Abhishek Banerjee,AITC,Shri Anurag Sharma,BJP,1
Shri Abhishek Banerjee,AITC,Shri K E Prakash,DMK,1
Shri Anurag Sharma,BJP,Shri K E Prakash,DMK,1
Shri Anand Bhadauria,SP,Shri Omprakash Bhupalsinh Alias Pavan Rajenimbalkar,SS,1
Shri Anand Bhadauria,SP,Shri Shrirang Appa Chandu Barne,SS,1
Shri Anand Bhadauria,SP,Shri Shyamkumar Daulat Barve,INC,1
Shri Arvind Ganpat Sawant,SHS(UBT),Shri Rajeev Rai,SP,1
Shri Arvind Ganpat Sawant,SHS(UBT),Smt. Geniben Nagaji Thakor,INC,1
Shri Omprakash Bhupalsinh Alias Pavan Rajenimbalkar,SS,Shri Rajeev Rai,SP,1
Shri Omprakash Bhupalsinh Alias Pavan Rajenimbalkar,SS,Smt. Geniben Nagaji Thakor,INC,1
Shri Omprakash Bhupalsinh Alias Pavan Rajenimbalkar,SS,Smt. Mala Roy,AITC,1
Shri Rajeev Rai,SP,Shri Shrirang Appa Chandu Barne,SS,1
Shri Rajeev Rai,SP,Shri Shyamkumar Daulat Barve,INC,1
Shri Rajeev Rai,SP,Smt. Geniben Nagaji Thakor,INC,1
Shri Rajeev Rai,SP,Smt. Mala Roy,AITC,1
Shri Shrirang Appa Chandu Barne,SS,Smt. Geniben Nagaji Thakor,INC,1
Shri Shyamkumar Daulat Barve,INC,Smt. Mala Roy,AITC,1
Shri Asaduddin Owaisi,AIMIM,Shri Hibi Eden,INC,1
Shri Asaduddin Owaisi,AIMIM,Shri Suresh Kumar Shetkar,INC,1
Shri Asaduddin Owaisi,AIMIM,Shri Tanuj Punia,INC,1
Shri Abhishek Banerjee,AITC,Shri Anto Antony,INC,1
Shri Abhishek Banerjee,AITC,Shri Saptagiri Sankar Ulaka,INC,1
Shri Abhishek Banerjee,AITC,Smt. Kanimozhi Karunanidhi,DMK,1
Shri Anto Antony,INC,Smt. Kanimozhi Karunanidhi,DMK,1
Shri Saptagiri Sankar Ulaka,INC,Smt. Kanimozhi Karunanidhi,DMK,1
Adv Dean Kuriakose,INC,Shri P V Midhun Reddy,YSRCP,1
Shri Rajeev Rai,SP,Shri Sudama Prasad,CPI(ML)(L),1
Adv. Chandra Shekhar,ASP (KR),Shri Harish Chandra Meena,INC,1
Adv. Chandra Shekhar,ASP (KR),Shri Saptagiri Sankar Ulaka,INC,1
Adv. Chandra Shekhar,ASP (KR),Shri Sukhdeo Bhagat,INC,1
Prof. Sougata Ray,AITC,Shri Kodikunnil Suresh,INC,1
Shri Adhikari Deepak Dev,AITC,Shri Kodikunnil Suresh,INC,1
Shri Khalilur Rahaman,AITC,Shri Kodikunnil Suresh,INC,1
Shri Kodikunnil Suresh,INC,Smt. Mala Roy,AITC,1
Dr. Jayanta Kumar Roy,BJP,Shri Satpal Brahamchari,INC,1
Shri Anurag Singh Thakur,BJP,Shri Balya Mama Suresh Gopinath Mhatre,NCP(SP),1
Shri Anurag Singh Thakur,BJP,Shri Satpal Brahamchari,INC,1
Shri Balya Mama Suresh Gopinath Mhatre,NCP(SP),Shri Satpal Brahamchari,INC,1
Shri Janardan Singh Sigriwal,BJP,Shri Satpal Brahamchari,INC,1
Shri Jaswantsinh Sumanbhai Bhabhor,BJP,Shri Satpal Brahamchari,INC,1
Shri Pradeep Purohit,BJP,Shri Satpal Brahamchari,INC,1
Shri Satpal Brahamchari,INC,Smt. Sangeeta Kumari Singh Deo,BJP,1
Dr. Hemant Vishnu Savara,BJP,Dr. M K Vishnu Prasad,INC,1
Dr. M K Vishnu Prasad,INC,Dr. Rajeev Bharadwaj,BJP,1
Dr. M K Vishnu Prasad,INC,Dr. Sanjay Jaiswal,BJP,1
Dr. M K Vishnu Prasad,INC,Ms Kangna Ranaut,BJP,1
Dr. M K Vishnu Prasad,INC,Shri Anil Firojiya,BJP,1
Dr. M K Vishnu Prasad,INC,Shri Arvind Dharmapuri,BJP,1
Dr. M K Vishnu Prasad,INC,Shri Balya Mama Suresh Gopinath Mhatre,NCP(SP),1
Dr. M K Vishnu Prasad,INC,Shri Basavaraj Bommai,BJP,1
Dr. M K Vishnu Prasad,INC,Shri Devendra Singh Alias Bhole Singh,BJP,1
Dr. M K Vishnu Prasad,INC,Shri Dharambir Singh,BJP,1
Dr. M K Vishnu Prasad,INC,Shri Ganesh Singh,BJP,1
Dr. M K Vishnu Prasad,INC,Shri Gyaneshwar Patil,BJP,1
Dr. M K Vishnu Prasad,INC,Shri Janardan Mishra,BJP,1
Dr. M K Vishnu Prasad,INC,Shri Jugal Kishore,BJP,1
Dr. M K Vishnu Prasad,INC,Shri Karan Bhushan Singh,BJP,1
Dr. M K Vishnu Prasad,INC,Shri P C Mohan,BJP,1
Dr. M K Vishnu Prasad,INC,Shri Rajesh Naranbhai Chudasama,BJP,1
Dr. M K Vishnu Prasad,INC,Shri Vijay Baghel,BJP,1
Dr. M K Vishnu Prasad,INC,Shri Vijay Kumar Dubey,BJP,1
Dr. Rajeev Bharadwaj,BJP,Shri Murari Lal Meena,INC,1
Ms Kangna Ranaut,BJP,Shri Murari Lal Meena,INC,1
Shri Balya Mama Suresh Gopinath Mhatre,NCP(SP),Shri Karan Bhushan Singh,BJP,1
Shri Balya Mama Suresh Gopinath Mhatre,NCP(SP),Shri Murari Lal Meena,INC,1
Shri Bhartruhari Mahtab,BJP,Shri Murari Lal Meena,INC,1
Shri Devendra Singh Alias Bhole Singh,BJP,Shri Murari Lal Meena,INC,1
Shri Gyaneshwar Patil,BJP,Shri Murari Lal Meena,INC,1
Shri Karan Bhushan Singh,BJP,Shri Murari Lal Meena,INC,1
Shri Murari Lal Meena,INC,Shri Vijay Kumar Dubey,BJP,1
Shri Dharmendra Yadav,SP,Shri Pradeep Purohit,BJP,1
Shri Dharmendra Yadav,SP,Smt. Geniben Nagaji Thakor,INC,1
Shri Dharmendra Yadav,SP,Smt. Mala Roy,AITC,1
Shri Pradeep Purohit,BJP,Smt. Mala Roy,AITC,1
Dr. Kirsan Namdeo,INC,Shri Rajesh Verma,LJSP(RV),1
Dr. D Ravi Kumar,VCK,Km. Sudha R,INC,1
Dr. Thirumaavalavan Tholkappiyan,VCK,Km. Sudha R,INC,1
Dr. Bachhav Shobha Dinesh,INC,Smt. Delkar Kalaben Mohanbhai,BJP,1
Shri G M Harish Balayogi,TDP,Shri Pradyut Bordoloi,Unknown,1
Shri Pradyut Bordoloi,Unknown,Shri Putta Mahesh Kumar,TDP,1
Dr. Byreddy Shabari,TDP,Dr. K Sudhakar,BJP,1
Shri B Y Raghavendra,BJP,Shri Satpal Brahamchari,INC,1
Shri Devendra Singh Alias Bhole Singh,BJP,Shri Satpal Brahamchari,INC,1
Shri Dhaval Laxmanbhai Patel,BJP,Shri Satpal Brahamchari,INC,1
Shri Karan Bhushan Singh,BJP,Shri Satpal Brahamchari,INC,1
Shri Parshottambhai Rupala,BJP,Shri Satpal Brahamchari,INC,1
Shri Satpal Brahamchari,INC,Shri Tejasvi Surya,BJP,1
Shri Charanjit Singh Channi,INC,Shri Gurmeet Singh Meet Hayer,AAP,1
Shri Charanjit Singh Channi,INC,Shri Ramashankar  Vidharthi Rajbhar,SP,1
Shri Gurmeet Singh Meet Hayer,AAP,Shri Ramashankar  Vidharthi Rajbhar,SP,1
Shri Maddila Gurumoorthy,YSRCP,Shri Putta Mahesh Kumar,TDP,1
Shri Khalilur Rahaman,AITC,Shri Manish Tewari,INC,1
Km. Sudha R,INC,Shri G M Harish Balayogi,TDP,1
Shri Balwant Baswant Wankhade,INC,Shri E T Mohammed Basheer,IUML,1
Dr. D. Purandeswari,BJP,Shri Hanuman Beniwal,RLP,1
Dr. Shrikant Eknath Shinde,SS,Shri Hanuman Beniwal,RLP,1
Shri Hanuman Beniwal,RLP,Shri Naresh Ganpat Mhaske,SS,1
Shri Hanuman Beniwal,RLP,Shri Praveen Patel,BJP,1
Shri B K Parthasarathi,TDP,Shri Ramvir Singh Bidhuri,BJP,1
Shri Tanuj Punia,INC,Shri Vishaldada Prakashbapu Patil,IND.,1
Adv. Adoor Prakash,INC,Shri Ramashankar  Vidharthi Rajbhar,SP,1
Dr. Amar Singh,INC,Shri Rajkumar Chahar,BJP,1
Dr. Mohammad Jawed,INC,Shri Rajkumar Chahar,BJP,1
Shri Gaurav Gogoi,INC,Shri Rajkumar Chahar,BJP,1
Shri Harish Chandra Meena,INC,Shri Rajkumar Chahar,BJP,1
Shri Rajkumar Chahar,BJP,Shri Tanuj Punia,INC,1
Shri Krishna Prasad Tenneti,TDP,Shri Rajkumar Roat,BAP,1
Shri Abhay Kumar Sinha,RJD,Shri Arun Bharti,LJSP(RV),1
Shri Abhay Kumar Sinha,RJD,Shri Ramashankar  Vidharthi Rajbhar,SP,1
Shri Abhay Kumar Sinha,RJD,Shri Sudama Prasad,CPI(ML)(L),1
Shri Abhay Kumar Sinha,RJD,Smt. Joba Majhi,JMM,1
Shri Arun Bharti,LJSP(RV),Shri Ramashankar  Vidharthi Rajbhar,SP,1
Shri Arun Bharti,LJSP(RV),Shri Sudama Prasad,CPI(ML)(L),1
Shri Arun Bharti,LJSP(RV),Smt. Joba Majhi,JMM,1
Shri Ramashankar  Vidharthi Rajbhar,SP,Shri Sudama Prasad,CPI(ML)(L),1
Shri Ramashankar  Vidharthi Rajbhar,SP,Smt. Joba Majhi,JMM,1
Shri Sudama Prasad,CPI(ML)(L),Smt. Joba Majhi,JMM,1
Shri Balwant Baswant Wankhade,INC,Shri Kaushalendra Kumar,JD(U),1
Shri Bhartruhari Mahtab,BJP,Shri Charanjit Singh Channi,INC,1
Shri Magunta Sreenivasulu Reddy,TDP,Shri Ramasahayam Raghuram Reddy,INC,1
Shri Magunta Sreenivasulu Reddy,TDP,Thiru D M Kathir Anand,DMK,1
Shri Ramasahayam Raghuram Reddy,INC,Thiru D M Kathir Anand,DMK,1
Shri Bastipati Nagaraju,TDP,Shri Pradyut Bordoloi,Unknown,1
Shri Prabhakar Reddy Vemireddy,TDP,Shri Y S Avinash Reddy,YSRCP,1
Dr. Indra Hang Subba,SKM,Shri Rajiv Pratap Rudy,BJP,1
Shri E T Mohammed Basheer,IUML,Shri Rajmohan Unnithan,INC,1
Shri G M Harish Balayogi,TDP,Shri Shafi Parambil,INC,1
Shri Lavu Sri Krishna Devarayalu,TDP,Shri Shafi Parambil,INC,1
Dr. Kalanidhi Veeraswamy,DMK,Shri Dilip Saikia,BJP,1
Shri Arvind Ganpat Sawant,SHS(UBT),Shri Gyaneshwar Patil,BJP,1
Shri Gyaneshwar Patil,BJP,Shri Shrirang Appa Chandu Barne,SS,1
Shri Benny Behanan,INC,Shri Magunta Sreenivasulu Reddy,TDP,1
Shri Hibi Eden,INC,Shri Khalilur Rahaman,AITC,1
Shri Khalilur Rahaman,AITC,Shri Rahul Kaswan,INC,1
Shri Biplab Kumar Deb,BJP,Shri Chamala Kiran Kumar Reddy,INC,1
Shri Biplab Kumar Deb,BJP,Shri Murari Lal Meena,INC,1
Shri Chamala Kiran Kumar Reddy,INC,Shri Chandra Prakash Joshi,BJP,1
Shri Chamala Kiran Kumar Reddy,INC,Shri Manoj Tiwari,BJP,1
Shri Chamala Kiran Kumar Reddy,INC,Shri Rajesh Naranbhai Chudasama,BJP,1
Shri Chamala Kiran Kumar Reddy,INC,Shri Vishnu Dayal Ram,BJP,1
Shri Chandra Prakash Joshi,BJP,Shri Murari Lal Meena,INC,1
Dr. Jayanta Kumar Roy,BJP,Shri Bastipati Nagaraju,TDP,1
Dr. Nishikant Dubey,BJP,Shri Bastipati Nagaraju,TDP,1
Dr. Sanjay Jaiswal,BJP,Shri Bastipati Nagaraju,TDP,1
Shri Balya Mama Suresh Gopinath Mhatre,NCP(SP),Shri Bastipati Nagaraju,TDP,1
Shri Basavaraj Bommai,BJP,Shri Bastipati Nagaraju,TDP,1
Shri Bastipati Nagaraju,TDP,Shri Bhartruhari Mahtab,BJP,1
Shri Bastipati Nagaraju,TDP,Shri Bidyut Baran Mahato,BJP,1
Shri Bastipati Nagaraju,TDP,Shri Biplab Kumar Deb,BJP,1
Shri Bastipati Nagaraju,TDP,Shri Devendra Singh Alias Bhole Singh,BJP,1
Shri Bastipati Nagaraju,TDP,Shri Dharambir Singh,BJP,1
Shri Bastipati Nagaraju,TDP,Shri Dhaval Laxmanbhai Patel,BJP,1
Shri Bastipati Nagaraju,TDP,Shri Dilip Saikia,BJP,1
Shri Bastipati Nagaraju,TDP,Shri Ganesh Singh,BJP,1
Shri Bastipati Nagaraju,TDP,Shri Janardan Mishra,BJP,1
Shri Bastipati Nagaraju,TDP,Shri Lumbaram Choudhary,BJP,1
Shri Bastipati Nagaraju,TDP,Shri Manoj Tiwari,BJP,1
Shri Bastipati Nagaraju,TDP,Shri Mukesh Rajput,BJP,1
Shri Bastipati Nagaraju,TDP,Shri P C Mohan,BJP,1
Shri Bastipati Nagaraju,TDP,Shri P P Chaudhary,BJP,1
Shri Bastipati Nagaraju,TDP,Shri Parshottambhai Rupala,BJP,1
Shri Bastipati Nagaraju,TDP,Shri Vijay Baghel,BJP,1
Shri Bastipati Nagaraju,TDP,Shri Vishnu Dayal Ram,BJP,1
Shri Bastipati Nagaraju,TDP,Smt. Kriti Devi Debbarman,BJP,1
Shri Bastipati Nagaraju,TDP,Smt. Smita Uday Wagh,BJP,1
Dr. Amol Ramsing Kolhe,NCP(SP),Dr. T Sumathy Alias Thamizhachi Thangapandian,DMK,1
Dr. Amol Ramsing Kolhe,NCP(SP),Shri Adhikari Deepak Dev,AITC,1
Dr. Amol Ramsing Kolhe,NCP(SP),Shri Rajkumar Roat,BAP,1
Dr. Amol Ramsing Kolhe,NCP(SP),Shri Sachithanantham R,CPI(M),1
Dr. Amol Ramsing Kolhe,NCP(SP),Shri Sunil Kumar,JD(U),1
Dr. Amol Ramsing Kolhe,NCP(SP),Thiru D M Kathir Anand,DMK,1
Dr. T Sumathy Alias Thamizhachi Thangapandian,DMK,Prof. Varsha Eknath Gaikwad,INC,1
Dr. T Sumathy Alias Thamizhachi Thangapandian,DMK,Shri Aashtikar Patil Nagesh Bapurao,SS,1
Dr. T Sumathy Alias Thamizhachi Thangapandian,DMK,Shri Adhikari Deepak Dev,AITC,1
Dr. T Sumathy Alias Thamizhachi Thangapandian,DMK,Shri Bajrang Manohar Sonwane,NCP(SP),1
Dr. T Sumathy Alias Thamizhachi Thangapandian,DMK,Shri Bhaskar Murlidhar Bhagare,NCP(SP),1
Dr. T Sumathy Alias Thamizhachi Thangapandian,DMK,Shri Brijmohan Agrawal,BJP,1
Dr. T Sumathy Alias Thamizhachi Thangapandian,DMK,Shri Mohite Patil Dhairyasheel Rajsinh,NCP(SP),1
Dr. T Sumathy Alias Thamizhachi Thangapandian,DMK,Shri Nilesh Dnyandev Lanke,NCP(SP),1
Dr. T Sumathy Alias Thamizhachi Thangapandian,DMK,Shri Rajkumar Roat,BAP,1
Dr. T Sumathy Alias Thamizhachi Thangapandian,DMK,Shri Sachithanantham R,CPI(M),1
Dr. T Sumathy Alias Thamizhachi Thangapandian,DMK,Shri Sanjay Dina Patil,SS,1
Dr. T Sumathy Alias Thamizhachi Thangapandian,DMK,Smt. Supriya Sule,NCP(SP),1
Prof. Varsha Eknath Gaikwad,INC,Shri Adhikari Deepak Dev,AITC,1
Prof. Varsha Eknath Gaikwad,INC,Shri Rajkumar Roat,BAP,1
Prof. Varsha Eknath Gaikwad,INC,Shri Sachithanantham R,CPI(M),1
Prof. Varsha Eknath Gaikwad,INC,Shri Sunil Kumar,JD(U),1
Prof. Varsha Eknath Gaikwad,INC,Thiru D M Kathir Anand,DMK,1
Shri Aashtikar Patil Nagesh Bapurao,SS,Shri Adhikari Deepak Dev,AITC,1
Shri Aashtikar Patil Nagesh Bapurao,SS,Shri Brijmohan Agrawal,BJP,1
Shri Aashtikar Patil Nagesh Bapurao,SS,Shri Rajkumar Roat,BAP,1
Shri Aashtikar Patil Nagesh Bapurao,SS,Shri Sachithanantham R,CPI(M),1
Shri Aashtikar Patil Nagesh Bapurao,SS,Shri Sunil Kumar,JD(U),1
Shri Aashtikar Patil Nagesh Bapurao,SS,Thiru D M Kathir Anand,DMK,1
Shri Adhikari Deepak Dev,AITC,Shri Bajrang Manohar Sonwane,NCP(SP),1
Shri Adhikari Deepak Dev,AITC,Shri Bhaskar Murlidhar Bhagare,NCP(SP),1
Shri Adhikari Deepak Dev,AITC,Shri Brijmohan Agrawal,BJP,1
Shri Adhikari Deepak Dev,AITC,Shri Mohite Patil Dhairyasheel Rajsinh,NCP(SP),1
Shri Adhikari Deepak Dev,AITC,Shri Nilesh Dnyandev Lanke,NCP(SP),1
Shri Adhikari Deepak Dev,AITC,Shri Rajkumar Roat,BAP,1
Shri Adhikari Deepak Dev,AITC,Shri Sachithanantham R,CPI(M),1
Shri Adhikari Deepak Dev,AITC,Shri Sanjay Dina Patil,SS,1
Shri Adhikari Deepak Dev,AITC,Shri Sunil Kumar,JD(U),1
Shri Adhikari Deepak Dev,AITC,Smt. Supriya Sule,NCP(SP),1
Shri Adhikari Deepak Dev,AITC,Thiru D M Kathir Anand,DMK,1
Shri Bajrang Manohar Sonwane,NCP(SP),Shri Brijmohan Agrawal,BJP,1
Shri Bajrang Manohar Sonwane,NCP(SP),Shri Rajkumar Roat,BAP,1
Shri Bajrang Manohar Sonwane,NCP(SP),Shri Sachithanantham R,CPI(M),1
Shri Bajrang Manohar Sonwane,NCP(SP),Shri Sunil Kumar,JD(U),1
Shri Bajrang Manohar Sonwane,NCP(SP),Thiru D M Kathir Anand,DMK,1
Shri Bhaskar Murlidhar Bhagare,NCP(SP),Shri Rajkumar Roat,BAP,1
Shri Bhaskar Murlidhar Bhagare,NCP(SP),Shri Sachithanantham R,CPI(M),1
Shri Bhaskar Murlidhar Bhagare,NCP(SP),Shri Sunil Kumar,JD(U),1
Shri Bhaskar Murlidhar Bhagare,NCP(SP),Thiru D M Kathir Anand,DMK,1
Shri Brijmohan Agrawal,BJP,Shri Nilesh Dnyandev Lanke,NCP(SP),1
Shri Brijmohan Agrawal,BJP,Shri Rajkumar Roat,BAP,1
Shri Brijmohan Agrawal,BJP,Shri Sachithanantham R,CPI(M),1
Shri Brijmohan Agrawal,BJP,Shri Sunil Kumar,JD(U),1
Shri Brijmohan Agrawal,BJP,Thiru D M Kathir Anand,DMK,1
Shri Mohite Patil Dhairyasheel Rajsinh,NCP(SP),Shri Rajkumar Roat,BAP,1
Shri Mohite Patil Dhairyasheel Rajsinh,NCP(SP),Shri Sachithanantham R,CPI(M),1
Shri Mohite Patil Dhairyasheel Rajsinh,NCP(SP),Shri Sunil Kumar,JD(U),1
Shri Mohite Patil Dhairyasheel Rajsinh,NCP(SP),Thiru D M Kathir Anand,DMK,1
Shri Nilesh Dnyandev Lanke,NCP(SP),Shri Rajkumar Roat,BAP,1
Shri Nilesh Dnyandev Lanke,NCP(SP),Shri Sachithanantham R,CPI(M),1
Shri Nilesh Dnyandev Lanke,NCP(SP),Shri Sunil Kumar,JD(U),1
Shri Rajkumar Roat,BAP,Shri Sachithanantham R,CPI(M),1
Shri Rajkumar Roat,BAP,Shri Sanjay Dina Patil,SS,1
Shri Rajkumar Roat,BAP,Shri Sunil Kumar,JD(U),1
Shri Rajkumar Roat,BAP,Smt. Supriya Sule,NCP(SP),1
Shri Rajkumar Roat,BAP,Thiru D M Kathir Anand,DMK,1
Shri Sachithanantham R,CPI(M),Shri Sanjay Dina Patil,SS,1
Shri Sachithanantham R,CPI(M),Shri Sunil Kumar,JD(U),1
Shri Sachithanantham R,CPI(M),Smt. Supriya Sule,NCP(SP),1
Shri Sachithanantham R,CPI(M),Thiru D M Kathir Anand,DMK,1
Shri Sanjay Dina Patil,SS,Shri Sunil Kumar,JD(U),1
Shri Sanjay Dina Patil,SS,Thiru D M Kathir Anand,DMK,1
Shri Sunil Kumar,JD(U),Smt. Supriya Sule,NCP(SP),1
Shri Sunil Kumar,JD(U),Thiru D M Kathir Anand,DMK,1
Smt. Supriya Sule,NCP(SP),Thiru D M Kathir Anand,DMK,1
Dr. Rani Srikumar,DMK,Shri Bhausaheb Rajaram Wakchaure,SS,1
Shri Bhausaheb Rajaram Wakchaure,SS,Smt. Kanimozhi Karunanidhi,DMK,1
Shri Arun Bharti,LJSP(RV),Smt. Delkar Kalaben Mohanbhai,BJP,1
Shri Hasmukhbhai Somabhai Patel,BJP,Shri Murasoli S,DMK,1
Shri Miteshbhai Rameshbhai Patel,BJP,Shri Murasoli S,DMK,1
Dr. Kalanidhi Veeraswamy,DMK,Shri Daggumalla Prasada Rao,TDP,1
Dr. Kalanidhi Veeraswamy,DMK,Shri Kesineni Sivanath,TDP,1
Shri Basavaraj Bommai,BJP,Shri Vishaldada Prakashbapu Patil,IND.,1
Shri Biplab Kumar Deb,BJP,Shri Vishaldada Prakashbapu Patil,IND.,1
Shri Manoj Tiwari,BJP,Shri Vishaldada Prakashbapu Patil,IND.,1
Shri Vishaldada Prakashbapu Patil,IND.,Smt. Smita Uday Wagh,BJP,1
Dr. Nishikant Dubey,BJP,Shri Murari Lal Meena,INC,1
Shri Arvind Dharmapuri,BJP,Shri Balwant Baswant Wankhade,INC,1
Shri Balwant Baswant Wankhade,INC,Shri Bidyut Baran Mahato,BJP,1
Shri Balwant Baswant Wankhade,INC,Shri Dhaval Laxmanbhai Patel,BJP,1
Shri Balwant Baswant Wankhade,INC,Shri Ganesh Singh,BJP,1
Shri Balwant Baswant Wankhade,INC,Shri Jagdambika Pal,BJP,1
Shri Balwant Baswant Wankhade,INC,Shri Janardan Mishra,BJP,1
Shri Balwant Baswant Wankhade,INC,Shri Lumbaram Choudhary,BJP,1
Shri Balwant Baswant Wankhade,INC,Shri Naba Charan Majhi,BJP,1
Shri Balwant Baswant Wankhade,INC,Shri P C Mohan,BJP,1
Shri Balwant Baswant Wankhade,INC,Shri Tejasvi Surya,BJP,1
Shri Balwant Baswant Wankhade,INC,Smt. Smita Uday Wagh,BJP,1
Shri Jagdambika Pal,BJP,Shri Murari Lal Meena,INC,1
Shri Mukesh Rajput,BJP,Shri Murari Lal Meena,INC,1
Dr. D Ravi Kumar,VCK,Shri Hibi Eden,INC,1
Dr. D Ravi Kumar,VCK,Shri Manish Jaiswal,BJP,1
Dr. Thirumaavalavan Tholkappiyan,VCK,Shri Hibi Eden,INC,1
Dr. Thirumaavalavan Tholkappiyan,VCK,Shri Manish Jaiswal,BJP,1
Shri C N Annadurai,DMK,Shri Hibi Eden,INC,1
Shri Hibi Eden,INC,Shri Manish Jaiswal,BJP,1
Shri Hibi Eden,INC,Shri Navaskani K,IUML,1
Shri Hibi Eden,INC,Shri Selvam G,DMK,1
Dr. Jayanta Kumar Roy,BJP,Shri Matheswaran V S,DMK,1
Shri Balwant Baswant Wankhade,INC,Shri Bhartruhari Mahtab,BJP,1
Shri Balwant Baswant Wankhade,INC,Shri Devendra Singh Alias Bhole Singh,BJP,1
Shri Balwant Baswant Wankhade,INC,Shri Parshottambhai Rupala,BJP,1
Shri Balwant Baswant Wankhade,INC,Shri Pradeep Purohit,BJP,1
Shri Balwant Baswant Wankhade,INC,Shri Vijay Kumar Dubey,BJP,1
Shri Balwant Baswant Wankhade,INC,Smt. Poonamben Hematbhai Maadam,BJP,1
Shri K Sudhakaran,INC,Shri Raja Ram Singh,CPI(ML)(L),1
Dr. D Ravi Kumar,VCK,Shri Raja A,DMK,1
Dr. Thirumaavalavan Tholkappiyan,VCK,Shri Raja A,DMK,1
Shri Anand Bhadauria,SP,Shri Dinesh Chandra Yadav,JD(U),1
Shri Anand Bhadauria,SP,Shri Giridhari Yadav,JD(U),1
Shri Magunta Sreenivasulu Reddy,TDP,Shri P V Midhun Reddy,YSRCP,1
Shri Balya Mama Suresh Gopinath Mhatre,NCP(SP),Smt. Malvika Devi,BJP,1
Shri Shafi Parambil,INC,Shri Vishaldada Prakashbapu Patil,IND.,1
Shri Jaswantsinh Sumanbhai Bhabhor,BJP,Smt. Geniben Nagaji Thakor,INC,1
Shri T R Baalu,DMK,Shri Vijayakumar Alias Vijay Vasanth,INC,1
Shri T R Baalu,DMK,Smt. Mala Roy,AITC,1
Shri Rahul Kaswan,INC,Smt. Poonamben Hematbhai Maadam,BJP,1
Km. Sudha R,INC,Shri Magunta Sreenivasulu Reddy,TDP,1
Km. Sudha R,INC,Shri Putta Mahesh Kumar,TDP,1
Dr. Alok Kumar Suman,JD(U),Shri Anil Firojiya,BJP,1
Dr. Alok Kumar Suman,JD(U),Shri Kripanath Mallah,BJP,1
Dr. Shrikant Eknath Shinde,SS,Shri Appalanaidu Kalisetti,TDP,1
Dr. Shrikant Eknath Shinde,SS,Shri G Lakshminarayana,TDP,1
Dr. Shrikant Eknath Shinde,SS,Shri Sribharat Mathukumilli,TDP,1
Shri Appalanaidu Kalisetti,TDP,Shri Naresh Ganpat Mhaske,SS,1
Shri Appalanaidu Kalisetti,TDP,Shri Praveen Patel,BJP,1
Shri G Lakshminarayana,TDP,Shri Naresh Ganpat Mhaske,SS,1
Shri G Lakshminarayana,TDP,Shri Praveen Patel,BJP,1
Shri Naresh Ganpat Mhaske,SS,Shri Sribharat Mathukumilli,TDP,1
Dr. Amol Ramsing Kolhe,NCP(SP),Shri Anand Bhadauria,SP,1
Dr. Amol Ramsing Kolhe,NCP(SP),Shri K C Venugopal,INC,1
Dr. Amol Ramsing Kolhe,NCP(SP),Shri Kalyan Banerjee,AITC,1
Dr. Amol Ramsing Kolhe,NCP(SP),Shri Khalilur Rahaman,AITC,1
Dr. Amol Ramsing Kolhe,NCP(SP),Shri Pradyut Bordoloi,Unknown,1
Dr. Amol Ramsing Kolhe,NCP(SP),Shri Sudama Prasad,CPI(ML)(L),1
Dr. Amol Ramsing Kolhe,NCP(SP),Smt. Sajda Ahmed,AITC,1
Dr. Amol Ramsing Kolhe,NCP(SP),Thiru Dayanidhi Maran,DMK,1
Dr. Sanjay Jaiswal,BJP,Shri Aashtikar Patil Nagesh Bapurao,SS,1
Dr. Sanjay Jaiswal,BJP,Shri Anand Bhadauria,SP,1
Dr. Sanjay Jaiswal,BJP,Shri K C Venugopal,INC,1
Dr. Sanjay Jaiswal,BJP,Shri Kalyan Banerjee,AITC,1
Dr. Sanjay Jaiswal,BJP,Shri Khalilur Rahaman,AITC,1
Dr. Sanjay Jaiswal,BJP,Shri Pradyut Bordoloi,Unknown,1
Dr. Sanjay Jaiswal,BJP,Shri Sudama Prasad,CPI(ML)(L),1
Dr. Sanjay Jaiswal,BJP,Smt. Sajda Ahmed,AITC,1
Dr. Sanjay Jaiswal,BJP,Thiru Dayanidhi Maran,DMK,1
Prof. Varsha Eknath Gaikwad,INC,Shri Anand Bhadauria,SP,1
Prof. Varsha Eknath Gaikwad,INC,Shri Kalyan Banerjee,AITC,1
Prof. Varsha Eknath Gaikwad,INC,Shri Khalilur Rahaman,AITC,1
Prof. Varsha Eknath Gaikwad,INC,Shri Pradyut Bordoloi,Unknown,1
Prof. Varsha Eknath Gaikwad,INC,Shri Sudama Prasad,CPI(ML)(L),1
Prof. Varsha Eknath Gaikwad,INC,Smt. Sajda Ahmed,AITC,1
Prof. Varsha Eknath Gaikwad,INC,Thiru Dayanidhi Maran,DMK,1
Shri Aashtikar Patil Nagesh Bapurao,SS,Shri Anand Bhadauria,SP,1
Shri Aashtikar Patil Nagesh Bapurao,SS,Shri K C Venugopal,INC,1
Shri Aashtikar Patil Nagesh Bapurao,SS,Shri Kalyan Banerjee,AITC,1
Shri Aashtikar Patil Nagesh Bapurao,SS,Shri Khalilur Rahaman,AITC,1
Shri Aashtikar Patil Nagesh Bapurao,SS,Shri Pradyut Bordoloi,Unknown,1
Shri Aashtikar Patil Nagesh Bapurao,SS,Shri Sudama Prasad,CPI(ML)(L),1
Shri Aashtikar Patil Nagesh Bapurao,SS,Smt. Sajda Ahmed,AITC,1
Shri Aashtikar Patil Nagesh Bapurao,SS,Thiru Dayanidhi Maran,DMK,1
Shri Anand Bhadauria,SP,Shri Bhaskar Murlidhar Bhagare,NCP(SP),1
Shri Anand Bhadauria,SP,Shri Kalyan Banerjee,AITC,1
Shri Anand Bhadauria,SP,Shri Khalilur Rahaman,AITC,1
Shri Anand Bhadauria,SP,Shri Mohite Patil Dhairyasheel Rajsinh,NCP(SP),1
Shri Anand Bhadauria,SP,Shri Nilesh Dnyandev Lanke,NCP(SP),1
Shri Anand Bhadauria,SP,Shri Sanjay Dina Patil,SS,1
Shri Anand Bhadauria,SP,Shri Sudama Prasad,CPI(ML)(L),1
Shri Anand Bhadauria,SP,Smt. Supriya Sule,NCP(SP),1
Shri Anand Bhadauria,SP,Thiru Dayanidhi Maran,DMK,1
Shri Bajrang Manohar Sonwane,NCP(SP),Shri Kalyan Banerjee,AITC,1
Shri Bajrang Manohar Sonwane,NCP(SP),Shri Khalilur Rahaman,AITC,1
Shri Bajrang Manohar Sonwane,NCP(SP),Shri Pradyut Bordoloi,Unknown,1
Shri Bajrang Manohar Sonwane,NCP(SP),Shri Sudama Prasad,CPI(ML)(L),1
Shri Bajrang Manohar Sonwane,NCP(SP),Thiru Dayanidhi Maran,DMK,1
Shri Bhaskar Murlidhar Bhagare,NCP(SP),Shri K C Venugopal,INC,1
Shri Bhaskar Murlidhar Bhagare,NCP(SP),Shri Kalyan Banerjee,AITC,1
Shri Bhaskar Murlidhar Bhagare,NCP(SP),Shri Khalilur Rahaman,AITC,1
Shri Bhaskar Murlidhar Bhagare,NCP(SP),Shri Pradyut Bordoloi,Unknown,1
Shri Bhaskar Murlidhar Bhagare,NCP(SP),Shri Sudama Prasad,CPI(ML)(L),1
Shri Bhaskar Murlidhar Bhagare,NCP(SP),Smt. Sajda Ahmed,AITC,1
Shri Bhaskar Murlidhar Bhagare,NCP(SP),Thiru Dayanidhi Maran,DMK,1
Shri K C Venugopal,INC,Shri Kalyan Banerjee,AITC,1
Shri K C Venugopal,INC,Shri Khalilur Rahaman,AITC,1
Shri K C Venugopal,INC,Shri Mohite Patil Dhairyasheel Rajsinh,NCP(SP),1
Shri K C Venugopal,INC,Shri Nilesh Dnyandev Lanke,NCP(SP),1
Shri K C Venugopal,INC,Shri Sanjay Dina Patil,SS,1
Shri K C Venugopal,INC,Shri Sudama Prasad,CPI(ML)(L),1
Shri K C Venugopal,INC,Smt. Supriya Sule,NCP(SP),1
Shri K C Venugopal,INC,Thiru Dayanidhi Maran,DMK,1
Shri Kalyan Banerjee,AITC,Shri Mohite Patil Dhairyasheel Rajsinh,NCP(SP),1
Shri Kalyan Banerjee,AITC,Shri Nilesh Dnyandev Lanke,NCP(SP),1
Shri Kalyan Banerjee,AITC,Shri Pradyut Bordoloi,Unknown,1
Shri Kalyan Banerjee,AITC,Shri Sanjay Dina Patil,SS,1
Shri Kalyan Banerjee,AITC,Shri Sudama Prasad,CPI(ML)(L),1
Shri Kalyan Banerjee,AITC,Smt. Supriya Sule,NCP(SP),1
Shri Kalyan Banerjee,AITC,Thiru Dayanidhi Maran,DMK,1
Shri Khalilur Rahaman,AITC,Shri Mohite Patil Dhairyasheel Rajsinh,NCP(SP),1
Shri Khalilur Rahaman,AITC,Shri Nilesh Dnyandev Lanke,NCP(SP),1
Shri Khalilur Rahaman,AITC,Shri Pradyut Bordoloi,Unknown,1
Shri Khalilur Rahaman,AITC,Shri Sanjay Dina Patil,SS,1
Shri Khalilur Rahaman,AITC,Shri Sudama Prasad,CPI(ML)(L),1
Shri Khalilur Rahaman,AITC,Smt. Supriya Sule,NCP(SP),1
Shri Khalilur Rahaman,AITC,Thiru Dayanidhi Maran,DMK,1
Shri Mohite Patil Dhairyasheel Rajsinh,NCP(SP),Shri Pradyut Bordoloi,Unknown,1
Shri Mohite Patil Dhairyasheel Rajsinh,NCP(SP),Shri Sudama Prasad,CPI(ML)(L),1
Shri Mohite Patil Dhairyasheel Rajsinh,NCP(SP),Smt. Sajda Ahmed,AITC,1
Shri Mohite Patil Dhairyasheel Rajsinh,NCP(SP),Thiru Dayanidhi Maran,DMK,1
Shri Nilesh Dnyandev Lanke,NCP(SP),Shri Pradyut Bordoloi,Unknown,1
Shri Nilesh Dnyandev Lanke,NCP(SP),Shri Sudama Prasad,CPI(ML)(L),1
Shri Nilesh Dnyandev Lanke,NCP(SP),Smt. Sajda Ahmed,AITC,1
Shri Nilesh Dnyandev Lanke,NCP(SP),Thiru Dayanidhi Maran,DMK,1
Shri Pradyut Bordoloi,Unknown,Shri Sanjay Dina Patil,SS,1
Shri Pradyut Bordoloi,Unknown,Smt. Supriya Sule,NCP(SP),1
Shri Pradyut Bordoloi,Unknown,Thiru Dayanidhi Maran,DMK,1
Shri Sanjay Dina Patil,SS,Shri Sudama Prasad,CPI(ML)(L),1
Shri Sanjay Dina Patil,SS,Smt. Sajda Ahmed,AITC,1
Shri Sanjay Dina Patil,SS,Thiru Dayanidhi Maran,DMK,1
Shri Sudama Prasad,CPI(ML)(L),Smt. Sajda Ahmed,AITC,1
Shri Sudama Prasad,CPI(ML)(L),Smt. Supriya Sule,NCP(SP),1
Shri Sudama Prasad,CPI(ML)(L),Thiru Dayanidhi Maran,DMK,1
Smt. Sajda Ahmed,AITC,Smt. Supriya Sule,NCP(SP),1
Smt. Sajda Ahmed,AITC,Thiru Dayanidhi Maran,DMK,1
Smt. Supriya Sule,NCP(SP),Thiru Dayanidhi Maran,DMK,1
Dr. Shrikant Eknath Shinde,SS,Ms Kangna Ranaut,BJP,1
Ms Kangna Ranaut,BJP,Shri Naresh Ganpat Mhaske,SS,1
Dr. Amar Singh,INC,Thiru Dr. S Jagathratchakan,DMK,1
Km. Sudha R,INC,Shri P V Midhun Reddy,YSRCP,1
Shri Aashtikar Patil Nagesh Bapurao,SS,Shri Manish Jaiswal,BJP,1
Dr. Jayanta Kumar Roy,BJP,Shri Rahul Kaswan,INC,1
Dr. Nishikant Dubey,BJP,Shri Rahul Kaswan,INC,1
Dr. Rajeev Bharadwaj,BJP,Shri Rahul Kaswan,INC,1
Shri Bhartruhari Mahtab,BJP,Shri Rahul Kaswan,INC,1
Shri Bidyut Baran Mahato,BJP,Shri Rahul Kaswan,INC,1
Shri Dharambir Singh,BJP,Shri Rahul Kaswan,INC,1
Shri Kota Srinivasa Poojary,BJP,Shri Rahul Kaswan,INC,1
Shri Lumbaram Choudhary,BJP,Shri Rahul Kaswan,INC,1
Shri Manish Jaiswal,BJP,Shri Rahul Kaswan,INC,1
Shri Manoj Tiwari,BJP,Shri Rahul Kaswan,INC,1
Shri Naba Charan Majhi,BJP,Shri Rahul Kaswan,INC,1
Shri P P Chaudhary,BJP,Shri Rahul Kaswan,INC,1
Shri Pradeep Purohit,BJP,Shri Rahul Kaswan,INC,1
Shri Rahul Kaswan,INC,Shri Rajesh Naranbhai Chudasama,BJP,1
Shri Rahul Kaswan,INC,Shri Tejasvi Surya,BJP,1
Shri Rahul Kaswan,INC,Smt. Kriti Devi Debbarman,BJP,1
Dr. Alok Kumar Suman,JD(U),Dr. Nishikant Dubey,BJP,1
Dr. Shashi Tharoor,INC,Shri  Selvaganapathi T.M.,DMK,1
Shri Haribhai Patel,BJP,Thiru Dr. S Jagathratchakan,DMK,1
Shri Dharmendra Yadav,SP,Shri Hibi Eden,INC,1
Dr. K Sudhakar,BJP,Shri Y S Avinash Reddy,YSRCP,1
Shri Ajay Kumar Mandal,JD(U),Shri Pradeep Purohit,BJP,1
Shri Ajay Kumar Mandal,JD(U),Smt. Malvika Devi,BJP,1
Adv Dean Kuriakose,INC,Com. Selvaraj V,CPI,1
Adv Dean Kuriakose,INC,Dr. Kalanidhi Veeraswamy,DMK,1
Adv Dean Kuriakose,INC,Dr. T Sumathy Alias Thamizhachi Thangapandian,DMK,1
Adv Dean Kuriakose,INC,Shri S Venkatesan,CPI(M),1
Adv Dean Kuriakose,INC,Shri Vishaldada Prakashbapu Patil,IND.,1
Adv Dean Kuriakose,INC,Smt. Mala Roy,AITC,1
Adv Dean Kuriakose,INC,Thiru D M Kathir Anand,DMK,1
Adv. Adoor Prakash,INC,Com. Selvaraj V,CPI,1
Adv. Adoor Prakash,INC,Dr. Kalanidhi Veeraswamy,DMK,1
Adv. Adoor Prakash,INC,Dr. T Sumathy Alias Thamizhachi Thangapandian,DMK,1
Adv. Adoor Prakash,INC,Shri S Venkatesan,CPI(M),1
Adv. Adoor Prakash,INC,Smt. Mala Roy,AITC,1
Adv. Adoor Prakash,INC,Thiru D M Kathir Anand,DMK,1
Com. Selvaraj V,CPI,Dr. Amar Singh,INC,1
Com. Selvaraj V,CPI,Dr. Kirsan Namdeo,INC,1
Com. Selvaraj V,CPI,Dr. Mohammad Jawed,INC,1
Com. Selvaraj V,CPI,Ms. S Jothimani,INC,1
Com. Selvaraj V,CPI,Shri Anto Antony,INC,1
Com. Selvaraj V,CPI,Shri Benny Behanan,INC,1
Com. Selvaraj V,CPI,Shri Gaurav Gogoi,INC,1
Com. Selvaraj V,CPI,Shri Hanuman Beniwal,RLP,1
Com. Selvaraj V,CPI,Shri Hibi Eden,INC,1
Com. Selvaraj V,CPI,Shri K C Venugopal,INC,1
Com. Selvaraj V,CPI,Shri K Radhakrishnan,CPI(M),1
Com. Selvaraj V,CPI,Shri K Sudhakaran,INC,1
Com. Selvaraj V,CPI,Shri M K Raghavan,INC,1
Com. Selvaraj V,CPI,Shri Pradyut Bordoloi,Unknown,1
Com. Selvaraj V,CPI,Shri Raja A,DMK,1
Com. Selvaraj V,CPI,Shri Saptagiri Sankar Ulaka,INC,1
Com. Selvaraj V,CPI,Shri Sukhdeo Bhagat,INC,1
Com. Selvaraj V,CPI,Shri Vijayakumar Alias Vijay Vasanth,INC,1
Com. Selvaraj V,CPI,Shri Vishaldada Prakashbapu Patil,IND.,1
Com. Selvaraj V,CPI,Smt. Sajda Ahmed,AITC,1
Com. Selvaraj V,CPI,Thiru D M Kathir Anand,DMK,1
Dr. Amar Singh,INC,Dr. Kalanidhi Veeraswamy,DMK,1
Dr. Amar Singh,INC,Dr. T Sumathy Alias Thamizhachi Thangapandian,DMK,1
Dr. Amar Singh,INC,Shri Anand Bhadauria,SP,1
Dr. Amar Singh,INC,Shri Hanuman Beniwal,RLP,1
Dr. Amar Singh,INC,Shri Raja A,DMK,1
Dr. Amar Singh,INC,Shri S Venkatesan,CPI(M),1
Dr. Amar Singh,INC,Shri Subbarayan K,CPI,1
Dr. Amar Singh,INC,Smt. Mala Roy,AITC,1
Dr. Amar Singh,INC,Smt. Sajda Ahmed,AITC,1
Dr. Amar Singh,INC,Thiru D M Kathir Anand,DMK,1
Dr. Kalanidhi Veeraswamy,DMK,Dr. Mohammad Jawed,INC,1
Dr. Kalanidhi Veeraswamy,DMK,Ms. S Jothimani,INC,1
Dr. Kalanidhi Veeraswamy,DMK,Prof. Sougata Ray,AITC,1
Dr. Kalanidhi Veeraswamy,DMK,Shri Anand Bhadauria,SP,1
Dr. Kalanidhi Veeraswamy,DMK,Shri Anto Antony,INC,1
Dr. Kalanidhi Veeraswamy,DMK,Shri Gaurav Gogoi,INC,1
Dr. Kalanidhi Veeraswamy,DMK,Shri Hanuman Beniwal,RLP,1
Dr. Kalanidhi Veeraswamy,DMK,Shri Hibi Eden,INC,1
Dr. Kalanidhi Veeraswamy,DMK,Shri K C Venugopal,INC,1
Dr. Kalanidhi Veeraswamy,DMK,Shri K Radhakrishnan,CPI(M),1
Dr. Kalanidhi Veeraswamy,DMK,Shri K Sudhakaran,INC,1
Dr. Kalanidhi Veeraswamy,DMK,Shri M K Raghavan,INC,1
Dr. Kalanidhi Veeraswamy,DMK,Shri Pradyut Bordoloi,Unknown,1
Dr. Kalanidhi Veeraswamy,DMK,Shri S Venkatesan,CPI(M),1
Dr. Kalanidhi Veeraswamy,DMK,Shri Saptagiri Sankar Ulaka,INC,1
Dr. Kalanidhi Veeraswamy,DMK,Shri Sukhdeo Bhagat,INC,1
Dr. Kalanidhi Veeraswamy,DMK,Shri Vijayakumar Alias Vijay Vasanth,INC,1
Dr. Kalanidhi Veeraswamy,DMK,Shri Vishaldada Prakashbapu Patil,IND.,1
Dr. Kalanidhi Veeraswamy,DMK,Smt. Sajda Ahmed,AITC,1
Dr. Kirsan Namdeo,INC,Dr. T Sumathy Alias Thamizhachi Thangapandian,DMK,1
Dr. Kirsan Namdeo,INC,Shri S Venkatesan,CPI(M),1
Dr. Kirsan Namdeo,INC,Shri Vishaldada Prakashbapu Patil,IND.,1
Dr. Kirsan Namdeo,INC,Smt. Mala Roy,AITC,1
Dr. Kirsan Namdeo,INC,Thiru D M Kathir Anand,DMK,1
Dr. Mohammad Jawed,INC,Dr. T Sumathy Alias Thamizhachi Thangapandian,DMK,1
Dr. Mohammad Jawed,INC,Prof. Sougata Ray,AITC,1
Dr. Mohammad Jawed,INC,Shri Anand Bhadauria,SP,1
Dr. Mohammad Jawed,INC,Shri Hanuman Beniwal,RLP,1
Dr. Mohammad Jawed,INC,Shri K Radhakrishnan,CPI(M),1
Dr. Mohammad Jawed,INC,Shri Pradyut Bordoloi,Unknown,1
Dr. Mohammad Jawed,INC,Shri Raja A,DMK,1
Dr. Mohammad Jawed,INC,Shri Subbarayan K,CPI,1
Dr. Mohammad Jawed,INC,Smt. Sajda Ahmed,AITC,1
Dr. Mohammad Jawed,INC,Thiru D M Kathir Anand,DMK,1
Dr. T Sumathy Alias Thamizhachi Thangapandian,DMK,Prof. Sougata Ray,AITC,1
Dr. T Sumathy Alias Thamizhachi Thangapandian,DMK,Shri Anto Antony,INC,1
Dr. T Sumathy Alias Thamizhachi Thangapandian,DMK,Shri Benny Behanan,INC,1
Dr. T Sumathy Alias Thamizhachi Thangapandian,DMK,Shri Gaurav Gogoi,INC,1
Dr. T Sumathy Alias Thamizhachi Thangapandian,DMK,Shri Hanuman Beniwal,RLP,1
Dr. T Sumathy Alias Thamizhachi Thangapandian,DMK,Shri Hibi Eden,INC,1
Dr. T Sumathy Alias Thamizhachi Thangapandian,DMK,Shri K C Venugopal,INC,1
Dr. T Sumathy Alias Thamizhachi Thangapandian,DMK,Shri K Radhakrishnan,CPI(M),1
Dr. T Sumathy Alias Thamizhachi Thangapandian,DMK,Shri K Sudhakaran,INC,1
Dr. T Sumathy Alias Thamizhachi Thangapandian,DMK,Shri M K Raghavan,INC,1
Dr. T Sumathy Alias Thamizhachi Thangapandian,DMK,Shri Pradyut Bordoloi,Unknown,1
Dr. T Sumathy Alias Thamizhachi Thangapandian,DMK,Shri Saptagiri Sankar Ulaka,INC,1
Dr. T Sumathy Alias Thamizhachi Thangapandian,DMK,Shri Sukhdeo Bhagat,INC,1
Dr. T Sumathy Alias Thamizhachi Thangapandian,DMK,Shri Vishaldada Prakashbapu Patil,IND.,1
Dr. T Sumathy Alias Thamizhachi Thangapandian,DMK,Smt. Sajda Ahmed,AITC,1
Ms. S Jothimani,INC,Prof. Sougata Ray,AITC,1
Ms. S Jothimani,INC,Shri Anand Bhadauria,SP,1
Ms. S Jothimani,INC,Shri Hanuman Beniwal,RLP,1
Ms. S Jothimani,INC,Shri K Radhakrishnan,CPI(M),1
Ms. S Jothimani,INC,Shri Raja A,DMK,1
Ms. S Jothimani,INC,Shri S Venkatesan,CPI(M),1
Ms. S Jothimani,INC,Shri Subbarayan K,CPI,1
Ms. S Jothimani,INC,Shri Vishaldada Prakashbapu Patil,IND.,1
Ms. S Jothimani,INC,Smt. Mala Roy,AITC,1
Ms. S Jothimani,INC,Smt. Sajda Ahmed,AITC,1
Ms. S Jothimani,INC,Thiru D M Kathir Anand,DMK,1
Prof. Sougata Ray,AITC,Shri Gaurav Gogoi,INC,1
Prof. Sougata Ray,AITC,Shri M K Raghavan,INC,1
Prof. Sougata Ray,AITC,Shri Pradyut Bordoloi,Unknown,1
Prof. Sougata Ray,AITC,Shri S Venkatesan,CPI(M),1
Prof. Sougata Ray,AITC,Shri Sukhdeo Bhagat,INC,1
Prof. Sougata Ray,AITC,Shri Vishaldada Prakashbapu Patil,IND.,1
Prof. Sougata Ray,AITC,Thiru D M Kathir Anand,DMK,1
Shri Anand Bhadauria,SP,Shri Anto Antony,INC,1
Shri Anand Bhadauria,SP,Shri Benny Behanan,INC,1
Shri Anand Bhadauria,SP,Shri Gaurav Gogoi,INC,1
Shri Anand Bhadauria,SP,Shri M K Raghavan,INC,1
Shri Anand Bhadauria,SP,Shri Sukhdeo Bhagat,INC,1
Shri Anand Bhadauria,SP,Shri Vishaldada Prakashbapu Patil,IND.,1
Shri Anto Antony,INC,Shri Hanuman Beniwal,RLP,1
Shri Anto Antony,INC,Shri Raja A,DMK,1
Shri Anto Antony,INC,Shri Subbarayan K,CPI,1
Shri Anto Antony,INC,Smt. Sajda Ahmed,AITC,1
Shri Anto Antony,INC,Thiru D M Kathir Anand,DMK,1
Shri Benny Behanan,INC,Shri Hanuman Beniwal,RLP,1
Shri Benny Behanan,INC,Shri Raja A,DMK,1
Shri Benny Behanan,INC,Shri S Venkatesan,CPI(M),1
Shri Benny Behanan,INC,Shri Subbarayan K,CPI,1
Shri Benny Behanan,INC,Smt. Mala Roy,AITC,1
Shri Benny Behanan,INC,Smt. Sajda Ahmed,AITC,1
Shri Benny Behanan,INC,Thiru D M Kathir Anand,DMK,1
Shri Gaurav Gogoi,INC,Shri Hanuman Beniwal,RLP,1
Shri Gaurav Gogoi,INC,Shri K Radhakrishnan,CPI(M),1
Shri Gaurav Gogoi,INC,Shri Raja A,DMK,1
Shri Gaurav Gogoi,INC,Shri S Venkatesan,CPI(M),1
Shri Gaurav Gogoi,INC,Shri Subbarayan K,CPI,1
Shri Gaurav Gogoi,INC,Shri Vishaldada Prakashbapu Patil,IND.,1
Shri Gaurav Gogoi,INC,Smt. Mala Roy,AITC,1
Shri Gaurav Gogoi,INC,Smt. Sajda Ahmed,AITC,1
Shri Gaurav Gogoi,INC,Thiru D M Kathir Anand,DMK,1
Shri Hanuman Beniwal,RLP,Shri K Sudhakaran,INC,1
Shri Hanuman Beniwal,RLP,Shri M K Raghavan,INC,1
Shri Hanuman Beniwal,RLP,Shri Pradyut Bordoloi,Unknown,1
Shri Hanuman Beniwal,RLP,Shri S Venkatesan,CPI(M),1
Shri Hanuman Beniwal,RLP,Shri Sukhdeo Bhagat,INC,1
Shri Hanuman Beniwal,RLP,Shri Vijayakumar Alias Vijay Vasanth,INC,1
Shri Hanuman Beniwal,RLP,Shri Vishaldada Prakashbapu Patil,IND.,1
Shri Hanuman Beniwal,RLP,Smt. Mala Roy,AITC,1
Shri Hanuman Beniwal,RLP,Thiru D M Kathir Anand,DMK,1
Shri Hibi Eden,INC,Shri S Venkatesan,CPI(M),1
Shri Hibi Eden,INC,Smt. Mala Roy,AITC,1
Shri Hibi Eden,INC,Thiru D M Kathir Anand,DMK,1
Shri K C Venugopal,INC,Shri S Venkatesan,CPI(M),1
Shri K C Venugopal,INC,Shri Vishaldada Prakashbapu Patil,IND.,1
Shri K C Venugopal,INC,Smt. Mala Roy,AITC,1
Shri K C Venugopal,INC,Thiru D M Kathir Anand,DMK,1
Shri K Radhakrishnan,CPI(M),Shri M K Raghavan,INC,1
Shri K Radhakrishnan,CPI(M),Shri Pradyut Bordoloi,Unknown,1
Shri K Radhakrishnan,CPI(M),Smt. Mala Roy,AITC,1
Shri K Radhakrishnan,CPI(M),Thiru D M Kathir Anand,DMK,1
Shri K Sudhakaran,INC,Shri S Venkatesan,CPI(M),1
Shri K Sudhakaran,INC,Shri Subbarayan K,CPI,1
Shri K Sudhakaran,INC,Smt. Mala Roy,AITC,1
Shri K Sudhakaran,INC,Smt. Sajda Ahmed,AITC,1
Shri K Sudhakaran,INC,Thiru D M Kathir Anand,DMK,1
Shri M K Raghavan,INC,Shri Pradyut Bordoloi,Unknown,1
Shri M K Raghavan,INC,Shri Raja A,DMK,1
Shri M K Raghavan,INC,Shri S Venkatesan,CPI(M),1
Shri M K Raghavan,INC,Shri Subbarayan K,CPI,1
Shri M K Raghavan,INC,Smt. Mala Roy,AITC,1
Shri M K Raghavan,INC,Smt. Sajda Ahmed,AITC,1
Shri M K Raghavan,INC,Thiru D M Kathir Anand,DMK,1
Shri Pradyut Bordoloi,Unknown,Shri Raja A,DMK,1
Shri Pradyut Bordoloi,Unknown,Shri S Venkatesan,CPI(M),1
Shri Pradyut Bordoloi,Unknown,Shri Subbarayan K,CPI,1
Shri Pradyut Bordoloi,Unknown,Shri Vijayakumar Alias Vijay Vasanth,INC,1
Shri Pradyut Bordoloi,Unknown,Smt. Mala Roy,AITC,1
Shri Pradyut Bordoloi,Unknown,Thiru D M Kathir Anand,DMK,1
Shri Raja A,DMK,Shri Sukhdeo Bhagat,INC,1
Shri Raja A,DMK,Shri Vishaldada Prakashbapu Patil,IND.,1
Shri Raja A,DMK,Smt. Mala Roy,AITC,1
Shri S Venkatesan,CPI(M),Shri Sukhdeo Bhagat,INC,1
Shri S Venkatesan,CPI(M),Shri Vishaldada Prakashbapu Patil,IND.,1
Shri S Venkatesan,CPI(M),Smt. Sajda Ahmed,AITC,1
Shri Saptagiri Sankar Ulaka,INC,Smt. Mala Roy,AITC,1
Shri Saptagiri Sankar Ulaka,INC,Thiru D M Kathir Anand,DMK,1
Shri Subbarayan K,CPI,Shri Sukhdeo Bhagat,INC,1
Shri Subbarayan K,CPI,Shri Vijayakumar Alias Vijay Vasanth,INC,1
Shri Subbarayan K,CPI,Shri Vishaldada Prakashbapu Patil,IND.,1
Shri Subbarayan K,CPI,Thiru D M Kathir Anand,DMK,1
Shri Sukhdeo Bhagat,INC,Shri Vishaldada Prakashbapu Patil,IND.,1
Shri Sukhdeo Bhagat,INC,Smt. Mala Roy,AITC,1
Shri Sukhdeo Bhagat,INC,Smt. Sajda Ahmed,AITC,1
Shri Sukhdeo Bhagat,INC,Thiru D M Kathir Anand,DMK,1
Shri Vijayakumar Alias Vijay Vasanth,INC,Shri Vishaldada Prakashbapu Patil,IND.,1
Shri Vijayakumar Alias Vijay Vasanth,INC,Smt. Sajda Ahmed,AITC,1
Shri Vishaldada Prakashbapu Patil,IND.,Smt. Mala Roy,AITC,1
Shri Vishaldada Prakashbapu Patil,IND.,Smt. Sajda Ahmed,AITC,1
Shri Vishaldada Prakashbapu Patil,IND.,Thiru D M Kathir Anand,DMK,1
Smt. Sajda Ahmed,AITC,Thiru D M Kathir Anand,DMK,1
Dr. Kalanidhi Veeraswamy,DMK,Shri Manickam Tagore B,INC,1
Shri Govind Makthappa Karjol,BJP,Shri Rahul Kaswan,INC,1
Shri Amra Ram,CPI(M),Shri Chamala Kiran Kumar Reddy,INC,1
Dr. Alok Kumar Suman,JD(U),Shri Chavda Vinod Lakhamshi,BJP,1
Dr. Amar Singh,INC,Shri Dileshwar Kamait,JD(U),1
Shri Balya Mama Suresh Gopinath Mhatre,NCP(SP),Shri Brijmohan Agrawal,BJP,1
Shri Balya Mama Suresh Gopinath Mhatre,NCP(SP),Shri Tatkare Sunil Dattatrey,NCP,1
Shri Brijmohan Agrawal,BJP,Shri Tatkare Sunil Dattatrey,NCP,1
Shri Tatkare Sunil Dattatrey,NCP,Shri Vijay Kumar Dubey,BJP,1
Shri Krishna Prasad Tenneti,TDP,Shri Tanuj Punia,INC,1
Dr. Shrikant Eknath Shinde,SS,Shri Ajay Kumar Mandal,JD(U),1
Shri Ajay Kumar Mandal,JD(U),Shri Naresh Ganpat Mhaske,SS,1
Shri Ajay Kumar Mandal,JD(U),Shri Praveen Patel,BJP,1
Dr. M P Abdussamad Samadani,IUML,Shri V K Sreekandan,INC,1
Shri Dhairyasheel Sambhajirao Mane,SS,Shri Ramvir Singh Bidhuri,BJP,1
Dr. T Sumathy Alias Thamizhachi Thangapandian,DMK,Shri V K Sreekandan,INC,1
Prof. Sougata Ray,AITC,Shri Ramvir Singh Bidhuri,BJP,1
Shri Bhartruhari Mahtab,BJP,Shri Satpal Brahamchari,INC,1
Shri Dharambir Singh,BJP,Shri Satpal Brahamchari,INC,1
Shri Dharambir Singh,BJP,Shri Y S Avinash Reddy,YSRCP,1
Shri Jagdambika Pal,BJP,Shri Satpal Brahamchari,INC,1
Shri Manoj Tiwari,BJP,Shri Y S Avinash Reddy,YSRCP,1
Shri Pradeep Kumar Singh,BJP,Shri Y S Avinash Reddy,YSRCP,1
Shri Rajesh Naranbhai Chudasama,BJP,Shri Satpal Brahamchari,INC,1
Shri Satpal Brahamchari,INC,Shri Y S Avinash Reddy,YSRCP,1
Shri Adhikari Deepak Dev,AITC,Shri Arvind Ganpat Sawant,SHS(UBT),1
Shri Adhikari Deepak Dev,AITC,Shri Shrirang Appa Chandu Barne,SS,1
